CREATE DATABASE  IF NOT EXISTS `04042018_envybistro_accounting` /*!40100 DEFAULT CHARACTER SET utf8 */;
USE `04042018_envybistro_accounting`;
-- MySQL dump 10.13  Distrib 5.7.17, for Win64 (x86_64)
--
-- Host: localhost    Database: 04042018_envybistro_accounting
-- ------------------------------------------------------
-- Server version	5.7.27-log

/*!40101 SET @OLD_CHARACTER_SET_CLIENT=@@CHARACTER_SET_CLIENT */;
/*!40101 SET @OLD_CHARACTER_SET_RESULTS=@@CHARACTER_SET_RESULTS */;
/*!40101 SET @OLD_COLLATION_CONNECTION=@@COLLATION_CONNECTION */;
/*!40101 SET NAMES utf8 */;
/*!40103 SET @OLD_TIME_ZONE=@@TIME_ZONE */;
/*!40103 SET TIME_ZONE='+00:00' */;
/*!40014 SET @OLD_UNIQUE_CHECKS=@@UNIQUE_CHECKS, UNIQUE_CHECKS=0 */;
/*!40014 SET @OLD_FOREIGN_KEY_CHECKS=@@FOREIGN_KEY_CHECKS, FOREIGN_KEY_CHECKS=0 */;
/*!40101 SET @OLD_SQL_MODE=@@SQL_MODE, SQL_MODE='NO_AUTO_VALUE_ON_ZERO' */;
/*!40111 SET @OLD_SQL_NOTES=@@SQL_NOTES, SQL_NOTES=0 */;

--
-- Table structure for table `account_classes`
--

DROP TABLE IF EXISTS `account_classes`;
/*!40101 SET @saved_cs_client     = @@character_set_client */;
/*!40101 SET character_set_client = utf8 */;
CREATE TABLE `account_classes` (
  `account_class_id` bigint(20) NOT NULL AUTO_INCREMENT,
  `account_class` varchar(755) DEFAULT '',
  `description` varchar(1000) DEFAULT '',
  `account_type_id` int(11) DEFAULT '0',
  `date_created` datetime DEFAULT '0000-00-00 00:00:00',
  `date_modified` date DEFAULT '0000-00-00',
  `date_deleted` datetime DEFAULT '0000-00-00 00:00:00',
  `created_by_user` int(11) DEFAULT '0',
  `modified_by_user` int(11) DEFAULT '0',
  `deleted_by_user` int(11) DEFAULT '0',
  `is_active` bit(1) DEFAULT b'1',
  `is_deleted` bit(1) DEFAULT b'0',
  PRIMARY KEY (`account_class_id`) USING BTREE
) ENGINE=InnoDB AUTO_INCREMENT=8 DEFAULT CHARSET=latin1;
/*!40101 SET character_set_client = @saved_cs_client */;

--
-- Dumping data for table `account_classes`
--

LOCK TABLES `account_classes` WRITE;
/*!40000 ALTER TABLE `account_classes` DISABLE KEYS */;
INSERT INTO `account_classes` VALUES (1,'Current Assets','',1,'0000-00-00 00:00:00','0000-00-00','0000-00-00 00:00:00',0,0,0,'','\0'),(2,'Non-Current Assets','',1,'0000-00-00 00:00:00','0000-00-00','0000-00-00 00:00:00',0,0,0,'','\0'),(3,'Current Liabilities','',2,'0000-00-00 00:00:00','0000-00-00','0000-00-00 00:00:00',0,0,0,'','\0'),(4,'Long-term Liabilities','',2,'0000-00-00 00:00:00','0000-00-00','0000-00-00 00:00:00',0,0,0,'','\0'),(5,'Owners Equity','',3,'0000-00-00 00:00:00','0000-00-00','0000-00-00 00:00:00',0,0,0,'','\0'),(6,'Operating Expense','',5,'0000-00-00 00:00:00','0000-00-00','0000-00-00 00:00:00',0,0,0,'','\0'),(7,'Income','',4,'0000-00-00 00:00:00','0000-00-00','0000-00-00 00:00:00',0,0,0,'','\0');
/*!40000 ALTER TABLE `account_classes` ENABLE KEYS */;
UNLOCK TABLES;

--
-- Table structure for table `account_integration`
--

DROP TABLE IF EXISTS `account_integration`;
/*!40101 SET @saved_cs_client     = @@character_set_client */;
/*!40101 SET character_set_client = utf8 */;
CREATE TABLE `account_integration` (
  `integration_id` int(11) NOT NULL,
  `input_tax_account_id` bigint(20) DEFAULT '0',
  `payable_account_id` bigint(20) DEFAULT '0',
  `payable_discount_account_id` bigint(20) DEFAULT '0',
  `payment_to_supplier_id` bigint(20) DEFAULT '0',
  `output_tax_account_id` bigint(20) DEFAULT '0',
  `receivable_account_id` bigint(20) DEFAULT '0',
  `receivable_discount_account_id` bigint(20) DEFAULT '0',
  `payment_from_customer_id` bigint(20) DEFAULT '0',
  `retained_earnings_id` bigint(20) DEFAULT '0',
  `petty_cash_account_id` int(11) DEFAULT '0',
  `sales_invoice_inventory` bit(1) DEFAULT NULL,
  `depreciation_expense_debit_id` bigint(20) DEFAULT '0',
  `depreciation_expense_credit_id` bigint(20) DEFAULT '0',
  `cash_invoice_debit_id` bigint(20) DEFAULT '0',
  `cash_invoice_credit_id` bigint(20) DEFAULT '0',
  `cash_invoice_inventory` bit(1) DEFAULT NULL,
  PRIMARY KEY (`integration_id`) USING BTREE
) ENGINE=InnoDB DEFAULT CHARSET=latin1;
/*!40101 SET character_set_client = @saved_cs_client */;

--
-- Dumping data for table `account_integration`
--

LOCK TABLES `account_integration` WRITE;
/*!40000 ALTER TABLE `account_integration` DISABLE KEYS */;
INSERT INTO `account_integration` VALUES (1,95,64,145,4,94,9,123,1,109,2,'',222,38,0,0,'');
/*!40000 ALTER TABLE `account_integration` ENABLE KEYS */;
UNLOCK TABLES;

--
-- Table structure for table `account_titles`
--

DROP TABLE IF EXISTS `account_titles`;
/*!40101 SET @saved_cs_client     = @@character_set_client */;
/*!40101 SET character_set_client = utf8 */;
CREATE TABLE `account_titles` (
  `account_id` bigint(20) NOT NULL AUTO_INCREMENT,
  `account_no` varchar(75) DEFAULT '',
  `account_title` varchar(755) DEFAULT '',
  `account_class_id` int(11) DEFAULT '0',
  `parent_account_id` int(11) DEFAULT '0',
  `grand_parent_id` int(11) DEFAULT '0',
  `description` varchar(1000) DEFAULT '',
  `date_created` datetime DEFAULT '0000-00-00 00:00:00',
  `date_modified` datetime DEFAULT '0000-00-00 00:00:00',
  `date_deleted` datetime DEFAULT '0000-00-00 00:00:00',
  `created_by_user` int(11) DEFAULT '0',
  `modified_by_user` int(11) DEFAULT '0',
  `deleted_by_user` int(11) DEFAULT '0',
  `is_active` bit(1) DEFAULT b'1',
  `is_deleted` bit(1) DEFAULT b'0',
  PRIMARY KEY (`account_id`)
) ENGINE=InnoDB AUTO_INCREMENT=261 DEFAULT CHARSET=latin1;
/*!40101 SET character_set_client = @saved_cs_client */;

--
-- Dumping data for table `account_titles`
--

LOCK TABLES `account_titles` WRITE;
/*!40000 ALTER TABLE `account_titles` DISABLE KEYS */;
INSERT INTO `account_titles` VALUES (1,'100','Cash',1,0,1,'','0000-00-00 00:00:00','0000-00-00 00:00:00','0000-00-00 00:00:00',1,0,0,'','\0'),(2,'101','Petty Cash',1,0,2,'','0000-00-00 00:00:00','0000-00-00 00:00:00','0000-00-00 00:00:00',1,0,0,'','\0'),(3,'102','Cash on Hand',1,0,3,'','0000-00-00 00:00:00','0000-00-00 00:00:00','0000-00-00 00:00:00',1,0,0,'','\0'),(4,'102','Cash in Bank',1,0,4,'','0000-00-00 00:00:00','0000-00-00 00:00:00','0000-00-00 00:00:00',1,0,0,'','\0'),(5,'104','Cash in Bank- Security Bank (Main Account)',1,0,5,'','0000-00-00 00:00:00','0000-00-00 00:00:00','0000-00-00 00:00:00',1,0,0,'','\0'),(6,'105','Cash in Bank- Security Bank (Credit Card)',1,0,6,'','0000-00-00 00:00:00','0000-00-00 00:00:00','0000-00-00 00:00:00',1,0,0,'','\0'),(7,'106','Cash in Bank- Security Bank (USD)',1,0,7,'','0000-00-00 00:00:00','0000-00-00 00:00:00','0000-00-00 00:00:00',1,0,0,'','\0'),(8,'107','TRADE AND OTHER RECEIVABLES',1,0,8,'','0000-00-00 00:00:00','0000-00-00 00:00:00','0000-00-00 00:00:00',1,0,0,'','\0'),(9,'108','Accounts Receivable',1,0,9,'','0000-00-00 00:00:00','0000-00-00 00:00:00','0000-00-00 00:00:00',1,0,0,'','\0'),(10,'108.1','Accounts Receivable - Guest Charged',1,9,9,'','0000-00-00 00:00:00','0000-00-00 00:00:00','0000-00-00 00:00:00',1,0,0,'','\0'),(11,'108.2','Accounts Receivable - Customer\'s Credit Card',1,9,9,'','0000-00-00 00:00:00','0000-00-00 00:00:00','0000-00-00 00:00:00',1,0,0,'','\0'),(12,'108.3','Accounts Receivable - Charge to Staff',1,9,9,'','0000-00-00 00:00:00','0000-00-00 00:00:00','0000-00-00 00:00:00',1,0,0,'','\0'),(13,'108.4','Accounts Receivable - SSS',1,9,9,'','0000-00-00 00:00:00','0000-00-00 00:00:00','0000-00-00 00:00:00',1,0,0,'','\0'),(14,'108.5','Bad debts',1,9,9,'','0000-00-00 00:00:00','0000-00-00 00:00:00','0000-00-00 00:00:00',1,0,0,'','\0'),(15,'109','Receivable from Employees ',1,0,15,'','0000-00-00 00:00:00','0000-00-00 00:00:00','0000-00-00 00:00:00',1,0,0,'','\0'),(16,'109.1','Receivable from Employees - Bar shortages',1,15,15,'','0000-00-00 00:00:00','0000-00-00 00:00:00','0000-00-00 00:00:00',1,0,0,'','\0'),(17,'109.2','Receivable from Employees - Bar Staff Variance',1,15,15,'','0000-00-00 00:00:00','0000-00-00 00:00:00','0000-00-00 00:00:00',1,0,0,'','\0'),(18,'109.3','Receivable from Employees - Kitchen Staff Variance',1,15,15,'','0000-00-00 00:00:00','0000-00-00 00:00:00','0000-00-00 00:00:00',1,0,0,'','\0'),(19,'109.4','Receivable from Employees - Uniforms',1,15,15,'','0000-00-00 00:00:00','0000-00-00 00:00:00','0000-00-00 00:00:00',1,0,0,'','\0'),(20,'109.5','Receivable from Employees - Employee Meal',1,15,15,'','0000-00-00 00:00:00','0000-00-00 00:00:00','0000-00-00 00:00:00',1,0,0,'','\0'),(21,'110','Other Receivables',1,0,21,'','0000-00-00 00:00:00','0000-00-00 00:00:00','0000-00-00 00:00:00',1,0,0,'','\0'),(22,'111','INVENTORY',1,0,22,'','0000-00-00 00:00:00','0000-00-00 00:00:00','0000-00-00 00:00:00',1,0,0,'','\0'),(23,'111.1','Inventory - Bar',1,22,22,'','0000-00-00 00:00:00','0000-00-00 00:00:00','0000-00-00 00:00:00',1,0,0,'','\0'),(24,'111.2','Inventory - Food',1,22,22,'','0000-00-00 00:00:00','0000-00-00 00:00:00','0000-00-00 00:00:00',1,0,0,'','\0'),(25,'111.3','Inventory - Cigarettes & Merchandise',1,22,22,'','0000-00-00 00:00:00','0000-00-00 00:00:00','0000-00-00 00:00:00',1,0,0,'','\0'),(26,'111.4','Inventory - Uniforms',1,22,22,'','0000-00-00 00:00:00','0000-00-00 00:00:00','0000-00-00 00:00:00',1,0,0,'','\0'),(27,'111.5','Inventory - waste & shrinkages (Food)',1,22,22,'','0000-00-00 00:00:00','0000-00-00 00:00:00','0000-00-00 00:00:00',1,0,0,'','\0'),(28,'111.6','Inventory - waste & shrinkages (Bar)',1,22,22,'','0000-00-00 00:00:00','0000-00-00 00:00:00','0000-00-00 00:00:00',1,0,0,'','\0'),(29,'112','PREPAID EXPENSE',1,0,29,'','0000-00-00 00:00:00','0000-00-00 00:00:00','0000-00-00 00:00:00',1,0,0,'','\0'),(30,'112.1','Prepaid Expense - Rent',1,29,29,'','0000-00-00 00:00:00','0000-00-00 00:00:00','0000-00-00 00:00:00',1,0,0,'','\0'),(31,'112.2','Prepaid Expense - Internet and TV Subscription',1,29,29,'','0000-00-00 00:00:00','0000-00-00 00:00:00','0000-00-00 00:00:00',1,0,0,'','\0'),(32,'112.3','Prepaid Expense - POS System',1,29,29,'','0000-00-00 00:00:00','0000-00-00 00:00:00','0000-00-00 00:00:00',1,0,0,'','\0'),(33,'112.4','Prepaid Expense- Licenses',1,29,29,'','0000-00-00 00:00:00','0000-00-00 00:00:00','0000-00-00 00:00:00',1,0,0,'','\0'),(34,'112.5','Prepaid Expense- Taxes',1,29,29,'','0000-00-00 00:00:00','0000-00-00 00:00:00','0000-00-00 00:00:00',1,0,0,'','\0'),(35,'112.6','Prepaid Expense- Insurance',1,29,29,'','0000-00-00 00:00:00','0000-00-00 00:00:00','0000-00-00 00:00:00',1,0,0,'','\0'),(36,'113','PROPERTY, PLANT & EQUIPMENT',2,0,36,'','0000-00-00 00:00:00','0000-00-00 00:00:00','0000-00-00 00:00:00',1,0,0,'','\0'),(37,'114','Office Equipment',2,0,37,'','0000-00-00 00:00:00','0000-00-00 00:00:00','0000-00-00 00:00:00',1,0,0,'','\0'),(38,'114.1','Accumulated Depreciation - Office Equipment',2,37,37,'','0000-00-00 00:00:00','0000-00-00 00:00:00','0000-00-00 00:00:00',1,0,0,'','\0'),(39,'115','Bar Equipment ',2,0,39,'','0000-00-00 00:00:00','0000-00-00 00:00:00','0000-00-00 00:00:00',1,0,0,'','\0'),(40,'115.1','Accumulated Depreciation - Bar Equipment',2,39,39,'','0000-00-00 00:00:00','0000-00-00 00:00:00','0000-00-00 00:00:00',1,0,0,'','\0'),(41,'116','Kitchen Equipment & Utensils',2,0,41,'','0000-00-00 00:00:00','0000-00-00 00:00:00','0000-00-00 00:00:00',1,0,0,'','\0'),(42,'116.1','Accumulated Depreciation - Kitchen Equipment ',2,41,41,'','0000-00-00 00:00:00','0000-00-00 00:00:00','0000-00-00 00:00:00',1,0,0,'','\0'),(43,'117','Furniture & Fixtures',2,0,43,'','0000-00-00 00:00:00','0000-00-00 00:00:00','0000-00-00 00:00:00',1,0,0,'','\0'),(44,'117.1','Accumulated Depreciation - Furniture & Fixtures',2,43,43,'','0000-00-00 00:00:00','0000-00-00 00:00:00','0000-00-00 00:00:00',1,0,0,'','\0'),(45,'118','Automobiles & Trucks',2,0,45,'','0000-00-00 00:00:00','0000-00-00 00:00:00','0000-00-00 00:00:00',1,0,0,'','\0'),(46,'118.1','Accumulated Depreciation - Automobile',2,45,45,'','0000-00-00 00:00:00','0000-00-00 00:00:00','0000-00-00 00:00:00',1,0,0,'','\0'),(47,'119','Leasehold Improvements',2,0,47,'','0000-00-00 00:00:00','0000-00-00 00:00:00','0000-00-00 00:00:00',1,0,0,'','\0'),(48,'119.1','Leasehold Improvements - Office Extension',2,47,47,'','0000-00-00 00:00:00','0000-00-00 00:00:00','0000-00-00 00:00:00',1,0,0,'','\0'),(49,'119.2','Leasehold Improvements - Office & Stockroom Renovation',2,47,47,'','0000-00-00 00:00:00','0000-00-00 00:00:00','0000-00-00 00:00:00',1,0,0,'','\0'),(50,'119.3','Accumulated Depreciation - Leasehold Improvements',2,47,47,'','0000-00-00 00:00:00','0000-00-00 00:00:00','0000-00-00 00:00:00',1,0,0,'','\0'),(51,'120','Other Equipment',2,0,51,'','0000-00-00 00:00:00','0000-00-00 00:00:00','0000-00-00 00:00:00',1,0,0,'','\0'),(52,'120.1','Accumulated Depreciation - Other Equipment',2,51,51,'','0000-00-00 00:00:00','0000-00-00 00:00:00','0000-00-00 00:00:00',1,0,0,'','\0'),(53,'121','Entertainment Equipments',2,0,53,'','0000-00-00 00:00:00','0000-00-00 00:00:00','0000-00-00 00:00:00',1,0,0,'','\0'),(54,'121.1','Accumulated Depreciation - Entertainment Equipments',2,53,53,'','0000-00-00 00:00:00','0000-00-00 00:00:00','0000-00-00 00:00:00',1,0,0,'','\0'),(55,'122','Restaurant Appliances',2,0,55,'','0000-00-00 00:00:00','0000-00-00 00:00:00','0000-00-00 00:00:00',1,0,0,'','\0'),(56,'122.1','Accumulated Depreciation - Restaurant Appliances',2,55,55,'','0000-00-00 00:00:00','0000-00-00 00:00:00','0000-00-00 00:00:00',1,0,0,'','\0'),(57,'123','Pre-Operating Expense',2,0,57,'','0000-00-00 00:00:00','0000-00-00 00:00:00','0000-00-00 00:00:00',1,0,0,'','\0'),(58,'123.1','Accumulated Depreciation - Pre-Operating Expense',2,57,57,'','0000-00-00 00:00:00','0000-00-00 00:00:00','0000-00-00 00:00:00',1,0,0,'','\0'),(59,'124','Computer Software',2,0,59,'','0000-00-00 00:00:00','0000-00-00 00:00:00','0000-00-00 00:00:00',1,0,0,'','\0'),(60,'124.1','Accumulated Depreciation - Computer Software',2,59,59,'','0000-00-00 00:00:00','0000-00-00 00:00:00','0000-00-00 00:00:00',1,0,0,'','\0'),(61,'125','OTHER ASSETS',2,0,61,'','0000-00-00 00:00:00','0000-00-00 00:00:00','0000-00-00 00:00:00',1,0,0,'','\0'),(62,'126','TRADE AND OTHER PAYABLES',3,0,62,'','0000-00-00 00:00:00','0000-00-00 00:00:00','0000-00-00 00:00:00',1,0,0,'','\0'),(63,'127','Accounts Payable',3,0,63,'','0000-00-00 00:00:00','0000-00-00 00:00:00','0000-00-00 00:00:00',1,0,0,'','\0'),(64,'127.1','Accounts Payable - Suppliers',3,63,63,'','0000-00-00 00:00:00','0000-00-00 00:00:00','0000-00-00 00:00:00',1,0,0,'','\0'),(65,'127.2','Accounts Payable - Others',3,63,63,'','0000-00-00 00:00:00','0000-00-00 00:00:00','0000-00-00 00:00:00',1,0,0,'','\0'),(66,'128','ACCRUED EXPENSES',3,0,66,'','0000-00-00 00:00:00','0000-00-00 00:00:00','0000-00-00 00:00:00',1,0,0,'','\0'),(67,'129','Utilities Payable ',3,0,67,'','0000-00-00 00:00:00','0000-00-00 00:00:00','0000-00-00 00:00:00',1,0,0,'','\0'),(68,'130','Utilities Payable - Electricity',3,0,68,'','0000-00-00 00:00:00','0000-00-00 00:00:00','0000-00-00 00:00:00',1,0,0,'','\0'),(69,'130.1','Utilities Payable - Electricity (Restaurant)',3,68,68,'','0000-00-00 00:00:00','0000-00-00 00:00:00','0000-00-00 00:00:00',1,0,0,'','\0'),(70,'130.2','Utilities Payable - Electricity (LP4A)',3,68,68,'','0000-00-00 00:00:00','0000-00-00 00:00:00','0000-00-00 00:00:00',1,0,0,'','\0'),(71,'130.3','Utilities Payable - Electricity (LP4B)',3,68,68,'','0000-00-00 00:00:00','0000-00-00 00:00:00','0000-00-00 00:00:00',1,0,0,'','\0'),(72,'130.4','Utilities Payable - Electricity (LP5A)',3,68,68,'','0000-00-00 00:00:00','0000-00-00 00:00:00','0000-00-00 00:00:00',1,0,0,'','\0'),(73,'130.5','Utilities Payable - Electricity (LP5B)',3,68,68,'','0000-00-00 00:00:00','0000-00-00 00:00:00','0000-00-00 00:00:00',1,0,0,'','\0'),(74,'131','Utilities Payable - Rent',3,0,74,'','0000-00-00 00:00:00','0000-00-00 00:00:00','0000-00-00 00:00:00',1,0,0,'','\0'),(75,'132','Utilities Payable - Water',3,0,75,'','0000-00-00 00:00:00','0000-00-00 00:00:00','0000-00-00 00:00:00',1,0,0,'','\0'),(76,'133','Utilities Payable - Communication',3,0,76,'','0000-00-00 00:00:00','0000-00-00 00:00:00','0000-00-00 00:00:00',1,1,0,'','\0'),(77,'134','Utilities Payable - Internet',3,0,77,'','0000-00-00 00:00:00','0000-00-00 00:00:00','0000-00-00 00:00:00',1,1,0,'','\0'),(78,'134','Utilities Payable - Cable',3,0,78,'','0000-00-00 00:00:00','0000-00-00 00:00:00','0000-00-00 00:00:00',1,1,1,'',''),(79,'135','Utilities Payable - Cable',3,0,79,'','0000-00-00 00:00:00','0000-00-00 00:00:00','0000-00-00 00:00:00',1,0,0,'','\0'),(80,'136','Utilities Payable - Internet TV',3,0,80,'','0000-00-00 00:00:00','0000-00-00 00:00:00','0000-00-00 00:00:00',1,0,0,'','\0'),(81,'137','Utilities Payable - POS',3,0,81,'','0000-00-00 00:00:00','0000-00-00 00:00:00','0000-00-00 00:00:00',1,0,0,'','\0'),(82,'138','Rent Payable',3,0,82,'','0000-00-00 00:00:00','0000-00-00 00:00:00','0000-00-00 00:00:00',1,0,0,'','\0'),(83,'139','Salaries & Wages Payable',3,0,83,'','0000-00-00 00:00:00','0000-00-00 00:00:00','0000-00-00 00:00:00',1,0,0,'','\0'),(84,'140','Employee Benefits  Payable',3,0,84,'','0000-00-00 00:00:00','0000-00-00 00:00:00','0000-00-00 00:00:00',1,0,0,'','\0'),(85,'140.1','SSS Contribution Payable',3,84,84,'','0000-00-00 00:00:00','0000-00-00 00:00:00','0000-00-00 00:00:00',1,0,0,'','\0'),(86,'140.2','Pag-ibig Contribution Payable',3,84,84,'','0000-00-00 00:00:00','0000-00-00 00:00:00','0000-00-00 00:00:00',1,0,0,'','\0'),(87,'140.3','Philhealth Contribution Payable',3,84,84,'','0000-00-00 00:00:00','0000-00-00 00:00:00','0000-00-00 00:00:00',1,0,0,'','\0'),(88,'141','Taxes Payable',3,0,88,'','0000-00-00 00:00:00','0000-00-00 00:00:00','0000-00-00 00:00:00',1,0,0,'','\0'),(89,'141.1','Percentage Tax Payable',3,88,88,'','0000-00-00 00:00:00','0000-00-00 00:00:00','0000-00-00 00:00:00',1,0,0,'','\0'),(90,'141.2','Withholding Tax Payable - Employees',3,88,88,'','0000-00-00 00:00:00','0000-00-00 00:00:00','0000-00-00 00:00:00',1,0,0,'','\0'),(91,'141.3','Withholding Tax Payable - 1%',3,88,88,'','0000-00-00 00:00:00','0000-00-00 00:00:00','0000-00-00 00:00:00',1,0,0,'','\0'),(92,'141.4','Withholding Tax Payable - 2%',3,88,88,'','0000-00-00 00:00:00','0000-00-00 00:00:00','0000-00-00 00:00:00',1,0,0,'','\0'),(93,'141.5','Withholding Tax Payable - Professional Fee',3,88,88,'','0000-00-00 00:00:00','0000-00-00 00:00:00','0000-00-00 00:00:00',1,0,0,'','\0'),(94,'141.6','VAT- Output Tax (Sales)',3,88,88,'','0000-00-00 00:00:00','0000-00-00 00:00:00','0000-00-00 00:00:00',1,0,0,'','\0'),(95,'141.7','VAT- Input Tax (Purchases)',3,88,88,'','0000-00-00 00:00:00','0000-00-00 00:00:00','0000-00-00 00:00:00',1,0,0,'','\0'),(96,'141.8','Personal Property Tax Payable',3,88,88,'','0000-00-00 00:00:00','0000-00-00 00:00:00','0000-00-00 00:00:00',1,0,0,'','\0'),(97,'141.9','Withholding Tax Payable - Credit Card',3,88,88,'','0000-00-00 00:00:00','0000-00-00 00:00:00','0000-00-00 00:00:00',1,0,0,'','\0'),(98,'142','Income Tax Payable',3,0,98,'','0000-00-00 00:00:00','0000-00-00 00:00:00','0000-00-00 00:00:00',1,0,0,'','\0'),(99,'143','Interest Payable',3,0,99,'','0000-00-00 00:00:00','0000-00-00 00:00:00','0000-00-00 00:00:00',1,0,0,'','\0'),(100,'145','NOTES PAYABLE',3,0,100,'','0000-00-00 00:00:00','0000-00-00 00:00:00','0000-00-00 00:00:00',1,0,0,'','\0'),(101,'146','Loan Payable ',4,0,101,'','0000-00-00 00:00:00','0000-00-00 00:00:00','0000-00-00 00:00:00',1,0,0,'','\0'),(102,'147','OTHER PAYABLES',3,0,102,'','0000-00-00 00:00:00','0000-00-00 00:00:00','0000-00-00 00:00:00',1,0,0,'','\0'),(103,'147.1','Customer\'s Credit Card - Overcharged',3,102,102,'','0000-00-00 00:00:00','0000-00-00 00:00:00','0000-00-00 00:00:00',1,0,0,'','\0'),(104,'148','Accrued SSS Loans',3,0,104,'','0000-00-00 00:00:00','0000-00-00 00:00:00','0000-00-00 00:00:00',1,0,0,'','\0'),(105,'149','Accrued HDMF Loans',3,0,105,'','0000-00-00 00:00:00','0000-00-00 00:00:00','0000-00-00 00:00:00',1,0,0,'','\0'),(106,'150','Capital Investment',5,0,106,'','0000-00-00 00:00:00','0000-00-00 00:00:00','0000-00-00 00:00:00',1,0,0,'','\0'),(107,'151','Paid-up Capital',5,0,107,'','0000-00-00 00:00:00','0000-00-00 00:00:00','0000-00-00 00:00:00',1,0,0,'','\0'),(108,'152','Capital Withdrawal',5,0,108,'','0000-00-00 00:00:00','0000-00-00 00:00:00','0000-00-00 00:00:00',1,0,0,'','\0'),(109,'153','Retained Earnings',5,0,109,'','0000-00-00 00:00:00','0000-00-00 00:00:00','0000-00-00 00:00:00',1,0,0,'','\0'),(110,'154','REVENUE',7,0,110,'','0000-00-00 00:00:00','0000-00-00 00:00:00','0000-00-00 00:00:00',1,0,0,'','\0'),(111,'155','SALES',7,0,111,'','0000-00-00 00:00:00','0000-00-00 00:00:00','0000-00-00 00:00:00',1,0,0,'','\0'),(112,'155.1','Sales-Beverage (Credit Card)',7,111,111,'','0000-00-00 00:00:00','0000-00-00 00:00:00','0000-00-00 00:00:00',1,0,0,'','\0'),(113,'155.2','Customer\'s Discount - Beverage (Credit Card)',7,111,111,'','0000-00-00 00:00:00','0000-00-00 00:00:00','0000-00-00 00:00:00',1,0,0,'','\0'),(114,'155.3','Sales-Foods (Credit Card)',7,111,111,'','0000-00-00 00:00:00','0000-00-00 00:00:00','0000-00-00 00:00:00',1,0,0,'','\0'),(115,'155.4','Customer\'s Discount - Foods (Credit Card)',7,111,111,'','0000-00-00 00:00:00','0000-00-00 00:00:00','0000-00-00 00:00:00',1,0,0,'','\0'),(116,'155.5','Sales Senior\'s Citizen & PWD -Foods (credit Card)',7,111,111,'','0000-00-00 00:00:00','0000-00-00 00:00:00','0000-00-00 00:00:00',1,0,0,'','\0'),(117,'155.6','Senior\'s Citizen & PWD Discount -Foods (credit Card)',7,111,111,'','0000-00-00 00:00:00','0000-00-00 00:00:00','0000-00-00 00:00:00',1,0,0,'','\0'),(118,'155.7','Sales Senior\'s Citizen & PWD -Beverage (credit card)',7,111,111,'','0000-00-00 00:00:00','0000-00-00 00:00:00','0000-00-00 00:00:00',1,0,0,'','\0'),(119,'155.8','Senior\'s Citizen & PWD Discount -Beverage (credit card)',7,111,111,'','0000-00-00 00:00:00','0000-00-00 00:00:00','0000-00-00 00:00:00',1,0,0,'','\0'),(120,'156','Sales - Hotel',7,0,120,'','0000-00-00 00:00:00','2018-07-11 11:08:15','0000-00-00 00:00:00',1,9,0,'','\0'),(121,'157','Customer\'s Discount - Beverage',7,0,121,'','0000-00-00 00:00:00','0000-00-00 00:00:00','0000-00-00 00:00:00',1,0,0,'','\0'),(122,'158','Sales - Restaurant',7,0,122,'','0000-00-00 00:00:00','2018-07-11 11:08:08','0000-00-00 00:00:00',1,9,0,'','\0'),(123,'159','Customer\'s Discount - Food',7,0,123,'','0000-00-00 00:00:00','0000-00-00 00:00:00','0000-00-00 00:00:00',1,0,0,'','\0'),(124,'160','Senior\'s Citizen Discount',7,0,124,'','0000-00-00 00:00:00','0000-00-00 00:00:00','0000-00-00 00:00:00',1,0,0,'','\0'),(125,'161','PWD Discount',7,0,125,'','0000-00-00 00:00:00','0000-00-00 00:00:00','0000-00-00 00:00:00',1,0,0,'','\0'),(126,'162','OTHER OPERATING INCOME',7,0,126,'','0000-00-00 00:00:00','0000-00-00 00:00:00','0000-00-00 00:00:00',1,0,0,'','\0'),(127,'162.1','Other Operating Income - Cigarrettes',7,126,126,'','0000-00-00 00:00:00','0000-00-00 00:00:00','0000-00-00 00:00:00',1,0,0,'','\0'),(128,'162.2','Other Operating Income - Souveniers & Merchandise',7,126,126,'','0000-00-00 00:00:00','0000-00-00 00:00:00','0000-00-00 00:00:00',1,0,0,'','\0'),(129,'162.3','Other Operating Income - Pool Games',7,126,126,'','0000-00-00 00:00:00','0000-00-00 00:00:00','0000-00-00 00:00:00',1,0,0,'','\0'),(130,'162.4','Other Operating Income -Pool Locker Rent',7,126,126,'','0000-00-00 00:00:00','0000-00-00 00:00:00','0000-00-00 00:00:00',1,0,0,'','\0'),(131,'163','MISCELLANEOUS/OTHER INCOME',7,0,131,'','0000-00-00 00:00:00','0000-00-00 00:00:00','0000-00-00 00:00:00',1,0,0,'','\0'),(132,'163.1','Other Income - Billiard Accessories',7,131,131,'','0000-00-00 00:00:00','0000-00-00 00:00:00','0000-00-00 00:00:00',1,0,0,'','\0'),(133,'163.2','Other Income - Scrap',7,131,131,'','0000-00-00 00:00:00','0000-00-00 00:00:00','0000-00-00 00:00:00',1,0,0,'','\0'),(134,'163.3','Other Income - Used Oil',7,131,131,'','0000-00-00 00:00:00','0000-00-00 00:00:00','0000-00-00 00:00:00',1,0,0,'','\0'),(135,'163.4','Other Income - Overages',7,131,131,'','0000-00-00 00:00:00','0000-00-00 00:00:00','0000-00-00 00:00:00',1,0,0,'','\0'),(136,'163.5','Other Income - Pig Slop Sales',7,131,131,'','0000-00-00 00:00:00','0000-00-00 00:00:00','0000-00-00 00:00:00',1,0,0,'','\0'),(137,'163.6','Other Income - Bank Interest',7,131,131,'','0000-00-00 00:00:00','0000-00-00 00:00:00','0000-00-00 00:00:00',1,0,0,'','\0'),(138,'164','EXPENSES',6,0,138,'','0000-00-00 00:00:00','0000-00-00 00:00:00','0000-00-00 00:00:00',1,0,0,'','\0'),(139,'165','COST OF SALE/OPERATING EXPENSE',6,0,139,'','0000-00-00 00:00:00','0000-00-00 00:00:00','0000-00-00 00:00:00',1,0,0,'','\0'),(140,'165.1','Purchases - utensils',6,139,139,'','0000-00-00 00:00:00','0000-00-00 00:00:00','0000-00-00 00:00:00',1,0,0,'','\0'),(141,'165.2','Purchases - Beverages',6,139,139,'','0000-00-00 00:00:00','0000-00-00 00:00:00','0000-00-00 00:00:00',1,0,0,'','\0'),(142,'165.3','Purchase Discount - Beverages',6,139,139,'','0000-00-00 00:00:00','0000-00-00 00:00:00','0000-00-00 00:00:00',1,0,0,'','\0'),(143,'166','Purchases - Food',6,139,139,'','0000-00-00 00:00:00','0000-00-00 00:00:00','0000-00-00 00:00:00',1,0,0,'','\0'),(144,'166.1','Purchases - Food - Suppliers',6,143,143,'','0000-00-00 00:00:00','0000-00-00 00:00:00','0000-00-00 00:00:00',1,0,0,'','\0'),(145,'166.2','Purchase Discount - Food',6,143,143,'','0000-00-00 00:00:00','0000-00-00 00:00:00','0000-00-00 00:00:00',1,0,0,'','\0'),(146,'167','Direct Labor Costs',6,0,146,'','0000-00-00 00:00:00','0000-00-00 00:00:00','0000-00-00 00:00:00',1,0,0,'','\0'),(147,'168','Salaries and Wages',6,0,147,'','0000-00-00 00:00:00','0000-00-00 00:00:00','0000-00-00 00:00:00',1,0,0,'','\0'),(148,'168.1','Salaries and Wages -  Employees',6,147,147,'','0000-00-00 00:00:00','0000-00-00 00:00:00','0000-00-00 00:00:00',1,0,0,'','\0'),(149,'168.2','Salaries & Wages - Management',6,147,147,'','0000-00-00 00:00:00','0000-00-00 00:00:00','0000-00-00 00:00:00',1,0,0,'','\0'),(150,'168.3','Salaries & Wages - Others',6,147,147,'','0000-00-00 00:00:00','0000-00-00 00:00:00','0000-00-00 00:00:00',1,0,0,'','\0'),(151,'169','Employee Benefits',6,0,151,'','0000-00-00 00:00:00','0000-00-00 00:00:00','0000-00-00 00:00:00',1,0,0,'','\0'),(152,'169.1','SSS Premium',6,151,151,'','0000-00-00 00:00:00','0000-00-00 00:00:00','0000-00-00 00:00:00',1,0,0,'','\0'),(153,'169.2','Pag-ibig Premium  ',6,151,151,'','0000-00-00 00:00:00','0000-00-00 00:00:00','0000-00-00 00:00:00',1,0,0,'','\0'),(154,'169.3','Philhealth Premium  ',6,151,151,'','0000-00-00 00:00:00','0000-00-00 00:00:00','0000-00-00 00:00:00',1,0,0,'','\0'),(155,'169.4','Representation-Foods',6,151,151,'','0000-00-00 00:00:00','0000-00-00 00:00:00','0000-00-00 00:00:00',1,0,0,'','\0'),(156,'169.5','Representation-Bar',6,151,151,'','0000-00-00 00:00:00','0000-00-00 00:00:00','0000-00-00 00:00:00',1,0,0,'','\0'),(157,'169.6','13th Month ',6,151,151,'','0000-00-00 00:00:00','0000-00-00 00:00:00','0000-00-00 00:00:00',1,0,0,'','\0'),(158,'169.7','Separation pay',6,151,151,'','0000-00-00 00:00:00','0000-00-00 00:00:00','0000-00-00 00:00:00',1,0,0,'','\0'),(159,'169.8','Maternity Benefit',6,151,151,'','0000-00-00 00:00:00','0000-00-00 00:00:00','0000-00-00 00:00:00',1,0,0,'','\0'),(160,'169.9','Paternity Benefit',6,151,151,'','0000-00-00 00:00:00','0000-00-00 00:00:00','0000-00-00 00:00:00',1,0,0,'','\0'),(161,'169.1','Service Incentive Leave',6,151,151,'','0000-00-00 00:00:00','0000-00-00 00:00:00','0000-00-00 00:00:00',1,0,0,'','\0'),(162,'169.11','Employee\'s Pool Game Commission',6,151,151,'','0000-00-00 00:00:00','0000-00-00 00:00:00','0000-00-00 00:00:00',1,0,0,'','\0'),(163,'170','Insurances',6,0,163,'','0000-00-00 00:00:00','0000-00-00 00:00:00','0000-00-00 00:00:00',1,0,0,'','\0'),(164,'170.1','Accident Insurance',6,163,163,'','0000-00-00 00:00:00','0000-00-00 00:00:00','0000-00-00 00:00:00',1,0,0,'','\0'),(165,'170.2','Building Insurance',6,163,163,'','0000-00-00 00:00:00','0000-00-00 00:00:00','0000-00-00 00:00:00',1,0,0,'','\0'),(166,'170.3','Fire Insurance',6,163,163,'','0000-00-00 00:00:00','0000-00-00 00:00:00','0000-00-00 00:00:00',1,0,0,'','\0'),(167,'170.4','Medical Insurance',6,163,163,'','0000-00-00 00:00:00','0000-00-00 00:00:00','0000-00-00 00:00:00',1,0,0,'','\0'),(168,'170.5','Vehicle Insurance',6,163,163,'','0000-00-00 00:00:00','0000-00-00 00:00:00','0000-00-00 00:00:00',1,0,0,'','\0'),(169,'170.6','Other Benefits',6,163,163,'','0000-00-00 00:00:00','0000-00-00 00:00:00','0000-00-00 00:00:00',1,0,0,'','\0'),(170,'171','Taxes and licenses',6,0,170,'','0000-00-00 00:00:00','0000-00-00 00:00:00','0000-00-00 00:00:00',1,0,0,'','\0'),(171,'172','Vehicle Registration',6,0,171,'','0000-00-00 00:00:00','0000-00-00 00:00:00','0000-00-00 00:00:00',1,0,0,'','\0'),(172,'172.1','Business Permits & Licenses',6,171,171,'','0000-00-00 00:00:00','0000-00-00 00:00:00','0000-00-00 00:00:00',1,0,0,'','\0'),(173,'172.2','SEC Registration & Filing',6,171,171,'','0000-00-00 00:00:00','0000-00-00 00:00:00','0000-00-00 00:00:00',1,0,0,'','\0'),(174,'173','Overhead Costs',6,0,174,'','0000-00-00 00:00:00','0000-00-00 00:00:00','0000-00-00 00:00:00',1,0,0,'','\0'),(175,'174','Rent Expense',6,0,175,'','0000-00-00 00:00:00','0000-00-00 00:00:00','0000-00-00 00:00:00',1,0,0,'','\0'),(176,'175','Rent Expense - Restaurant',6,0,176,'','0000-00-00 00:00:00','0000-00-00 00:00:00','0000-00-00 00:00:00',1,0,0,'','\0'),(177,'176','Utilities Expense',6,0,177,'','0000-00-00 00:00:00','0000-00-00 00:00:00','0000-00-00 00:00:00',1,0,0,'','\0'),(178,'177','Utilities - Electricity ',6,0,178,'','0000-00-00 00:00:00','0000-00-00 00:00:00','0000-00-00 00:00:00',1,0,0,'','\0'),(179,'177.1','Utilities  - Electricity (main)',6,178,178,'','0000-00-00 00:00:00','0000-00-00 00:00:00','0000-00-00 00:00:00',1,0,0,'','\0'),(180,'177.2','Utilities  - Electricity (LP4A)',6,178,178,'','0000-00-00 00:00:00','0000-00-00 00:00:00','0000-00-00 00:00:00',1,0,0,'','\0'),(181,'177.3','Utilities  - Electricity (LP4B)',6,178,178,'','0000-00-00 00:00:00','0000-00-00 00:00:00','0000-00-00 00:00:00',1,0,0,'','\0'),(182,'177.4','Utilities  - Electricity (LP5A)',6,178,178,'','0000-00-00 00:00:00','0000-00-00 00:00:00','0000-00-00 00:00:00',1,0,0,'','\0'),(183,'177.5','Utilities  - Electricity (LP5B)',6,178,178,'','0000-00-00 00:00:00','0000-00-00 00:00:00','0000-00-00 00:00:00',1,0,0,'','\0'),(184,'178','Utilities - Water - Restaurant',6,0,184,'','0000-00-00 00:00:00','0000-00-00 00:00:00','0000-00-00 00:00:00',1,0,0,'','\0'),(185,'179','Utilities - Trash Removal',6,0,185,'','0000-00-00 00:00:00','0000-00-00 00:00:00','0000-00-00 00:00:00',1,0,0,'','\0'),(186,'180','Utilities - Internet',6,0,186,'','0000-00-00 00:00:00','0000-00-00 00:00:00','0000-00-00 00:00:00',1,0,0,'','\0'),(187,'181','Utilities - Kitchen Gas ',6,0,187,'','0000-00-00 00:00:00','0000-00-00 00:00:00','0000-00-00 00:00:00',1,0,0,'','\0'),(188,'182','Utilities Expense - Cable',6,0,188,'','0000-00-00 00:00:00','0000-00-00 00:00:00','0000-00-00 00:00:00',1,0,0,'','\0'),(189,'183','Utilities Expense - Internet TV',6,0,189,'','0000-00-00 00:00:00','0000-00-00 00:00:00','0000-00-00 00:00:00',1,0,0,'','\0'),(190,'184','Utilities Expense - POS',6,0,190,'','0000-00-00 00:00:00','0000-00-00 00:00:00','0000-00-00 00:00:00',1,0,0,'','\0'),(191,'185','Gas & Oil - Automobiles',6,0,191,'','0000-00-00 00:00:00','0000-00-00 00:00:00','0000-00-00 00:00:00',1,0,0,'','\0'),(192,'186','Automobile Expenses',6,0,192,'','0000-00-00 00:00:00','0000-00-00 00:00:00','0000-00-00 00:00:00',1,0,0,'','\0'),(193,'187','Operating Supplies Expense',6,0,193,'','0000-00-00 00:00:00','0000-00-00 00:00:00','0000-00-00 00:00:00',1,0,0,'','\0'),(194,'187.1','Packaging',6,193,193,'','0000-00-00 00:00:00','0000-00-00 00:00:00','0000-00-00 00:00:00',1,0,0,'','\0'),(195,'187.2','Paper Products ',6,193,193,'','0000-00-00 00:00:00','0000-00-00 00:00:00','0000-00-00 00:00:00',1,0,0,'','\0'),(196,'187.3','Operating Supplies - Kitchen ',6,193,193,'','0000-00-00 00:00:00','0000-00-00 00:00:00','0000-00-00 00:00:00',1,0,0,'','\0'),(197,'187.4','Operating Supplies - Dining',6,193,193,'','0000-00-00 00:00:00','0000-00-00 00:00:00','0000-00-00 00:00:00',1,0,0,'','\0'),(198,'187.5','Operating Supplies - Cleaning',6,193,193,'','0000-00-00 00:00:00','0000-00-00 00:00:00','0000-00-00 00:00:00',1,0,0,'','\0'),(199,'188','Advertising Expense',6,0,199,'','0000-00-00 00:00:00','0000-00-00 00:00:00','0000-00-00 00:00:00',1,0,0,'','\0'),(200,'188.1','Advertising Expense - Print Media',6,199,199,'','0000-00-00 00:00:00','0000-00-00 00:00:00','0000-00-00 00:00:00',1,0,0,'','\0'),(201,'188.2','Advertising Expense - Special Events',6,199,199,'','0000-00-00 00:00:00','0000-00-00 00:00:00','0000-00-00 00:00:00',1,0,0,'','\0'),(202,'188.3','Advertising Expense - Merchandise',6,199,199,'','0000-00-00 00:00:00','0000-00-00 00:00:00','0000-00-00 00:00:00',1,0,0,'','\0'),(203,'188.4','Advertising Expense - Website',6,199,199,'','0000-00-00 00:00:00','0000-00-00 00:00:00','0000-00-00 00:00:00',1,0,0,'','\0'),(204,'188.5','Advertising Expense -Menu Printing',6,199,199,'','0000-00-00 00:00:00','0000-00-00 00:00:00','0000-00-00 00:00:00',1,0,0,'','\0'),(205,'189','Entertainment Expense',6,0,205,'','0000-00-00 00:00:00','0000-00-00 00:00:00','0000-00-00 00:00:00',1,0,0,'','\0'),(206,'189.1','DTI Permit',6,205,205,'','0000-00-00 00:00:00','0000-00-00 00:00:00','0000-00-00 00:00:00',1,0,0,'','\0'),(207,'189.2','Band Fee',6,205,205,'','0000-00-00 00:00:00','0000-00-00 00:00:00','0000-00-00 00:00:00',1,0,0,'','\0'),(208,'189.3','Newspapers & Magazines Subscription Expense',6,205,205,'','0000-00-00 00:00:00','0000-00-00 00:00:00','0000-00-00 00:00:00',1,0,0,'','\0'),(209,'189.4','Entertainment - DVD/CD ',6,205,205,'','0000-00-00 00:00:00','0000-00-00 00:00:00','0000-00-00 00:00:00',1,0,0,'','\0'),(210,'189.5','Batteries for Microphone',6,205,205,'','0000-00-00 00:00:00','0000-00-00 00:00:00','0000-00-00 00:00:00',1,0,0,'','\0'),(211,'190','Repairs & Maintenance Expense',6,0,211,'','0000-00-00 00:00:00','0000-00-00 00:00:00','0000-00-00 00:00:00',1,0,0,'','\0'),(212,'190.1','Repairs & Maintenance - Office Equipment',6,211,211,'','0000-00-00 00:00:00','0000-00-00 00:00:00','0000-00-00 00:00:00',1,0,0,'','\0'),(213,'190.2','Repairs & Maintenance - Bar/Kitchen Equipment &Utensils',6,211,211,'','0000-00-00 00:00:00','0000-00-00 00:00:00','0000-00-00 00:00:00',1,0,0,'','\0'),(214,'190.3','Repairs & Maintenance - Kitchen Equipment &Utensils',6,211,211,'','0000-00-00 00:00:00','0000-00-00 00:00:00','0000-00-00 00:00:00',1,0,0,'','\0'),(215,'190.4','Repairs & Maintenance - Furniture & Fixtures',6,211,211,'','0000-00-00 00:00:00','0000-00-00 00:00:00','0000-00-00 00:00:00',1,0,0,'','\0'),(216,'190.5','Repairs & Maintenance - Leasehold Improvement',6,211,211,'','0000-00-00 00:00:00','0000-00-00 00:00:00','0000-00-00 00:00:00',1,0,0,'','\0'),(217,'190.6','Repairs & Maintenance - Tools & Equipment',6,211,211,'','0000-00-00 00:00:00','0000-00-00 00:00:00','0000-00-00 00:00:00',1,0,0,'','\0'),(218,'190.7','Repairs & Maintenance - Entertainment Equipment',6,211,211,'','0000-00-00 00:00:00','0000-00-00 00:00:00','0000-00-00 00:00:00',1,0,0,'','\0'),(219,'190.8','Repairs & Maintenance - Restaurant Appliance & Other Equipments',6,211,211,'','0000-00-00 00:00:00','0000-00-00 00:00:00','0000-00-00 00:00:00',1,0,0,'','\0'),(220,'190.9','Repairs & Maintenance - Automobile',6,211,211,'','0000-00-00 00:00:00','0000-00-00 00:00:00','0000-00-00 00:00:00',1,0,0,'','\0'),(221,'191','Depreciation & Amortization Expense',6,0,221,'','0000-00-00 00:00:00','0000-00-00 00:00:00','0000-00-00 00:00:00',1,0,0,'','\0'),(222,'191.1','Depreciation Expense - Office Equipment',6,221,221,'','0000-00-00 00:00:00','0000-00-00 00:00:00','0000-00-00 00:00:00',1,0,0,'','\0'),(223,'191.2','Depreciation Expense - Bar/Kitchen Equipment & Utensils',6,221,221,'','0000-00-00 00:00:00','0000-00-00 00:00:00','0000-00-00 00:00:00',1,0,0,'','\0'),(224,'191.3','Depreciation Expense - Kitchen Equipment & Utensils',6,221,221,'','0000-00-00 00:00:00','0000-00-00 00:00:00','0000-00-00 00:00:00',1,0,0,'','\0'),(225,'191.4','Depreciation Expense - Furniture & Fixtures',6,221,221,'','0000-00-00 00:00:00','0000-00-00 00:00:00','0000-00-00 00:00:00',1,0,0,'','\0'),(226,'191.5','Depreciation Expense - Automobiles & Trucks',6,221,221,'','0000-00-00 00:00:00','0000-00-00 00:00:00','0000-00-00 00:00:00',1,0,0,'','\0'),(227,'191.6','Depreciation Expense - Leasehold Improvements',6,221,221,'','0000-00-00 00:00:00','0000-00-00 00:00:00','0000-00-00 00:00:00',1,0,0,'','\0'),(228,'191.7','Depreciation Expense - Entertainment Equipments',6,221,221,'','0000-00-00 00:00:00','0000-00-00 00:00:00','0000-00-00 00:00:00',1,0,0,'','\0'),(229,'191.8','Depreciation Expense - Pre-Operating Expense',6,221,221,'','0000-00-00 00:00:00','0000-00-00 00:00:00','0000-00-00 00:00:00',1,0,0,'','\0'),(230,'192','Other Operating Expense',6,0,230,'','0000-00-00 00:00:00','0000-00-00 00:00:00','0000-00-00 00:00:00',1,0,0,'','\0'),(231,'192.1','Laundry Expense',6,230,230,'','0000-00-00 00:00:00','0000-00-00 00:00:00','0000-00-00 00:00:00',1,0,0,'','\0'),(232,'192.2','Delivery & Other Transportation Expense',6,230,230,'','0000-00-00 00:00:00','0000-00-00 00:00:00','0000-00-00 00:00:00',1,0,0,'','\0'),(233,'192.3','Other Rentals',6,230,230,'','0000-00-00 00:00:00','0000-00-00 00:00:00','0000-00-00 00:00:00',1,0,0,'','\0'),(234,'192.4','Pool Supplies & Maintenance',6,230,230,'','0000-00-00 00:00:00','0000-00-00 00:00:00','0000-00-00 00:00:00',1,0,0,'','\0'),(235,'193','Pest Control',6,0,235,'','0000-00-00 00:00:00','0000-00-00 00:00:00','0000-00-00 00:00:00',1,0,0,'','\0'),(236,'194','GENERAL AND ADMINISTRATIVE EXPENSE',6,0,236,'','0000-00-00 00:00:00','0000-00-00 00:00:00','0000-00-00 00:00:00',1,0,0,'','\0'),(237,'195','Utilities Expense',6,0,237,'','0000-00-00 00:00:00','0000-00-00 00:00:00','0000-00-00 00:00:00',1,0,0,'','\0'),(238,'196','Computer Software-Admin',6,0,238,'','0000-00-00 00:00:00','0000-00-00 00:00:00','0000-00-00 00:00:00',1,0,0,'','\0'),(239,'197','Representation Admin',6,0,239,'','0000-00-00 00:00:00','0000-00-00 00:00:00','0000-00-00 00:00:00',1,0,0,'','\0'),(240,'197.1','Representation Admin-Foods',6,239,239,'','0000-00-00 00:00:00','0000-00-00 00:00:00','0000-00-00 00:00:00',1,0,0,'','\0'),(241,'197.2','Representation Admin-Bar',6,239,239,'','0000-00-00 00:00:00','0000-00-00 00:00:00','0000-00-00 00:00:00',1,0,0,'','\0'),(242,'198','Office Supplies',6,0,242,'','0000-00-00 00:00:00','0000-00-00 00:00:00','0000-00-00 00:00:00',1,0,0,'','\0'),(243,'199','Postage & Delivery',6,0,243,'','0000-00-00 00:00:00','0000-00-00 00:00:00','0000-00-00 00:00:00',1,0,0,'','\0'),(244,'200','Professional Fees & Dues',6,0,244,'','0000-00-00 00:00:00','0000-00-00 00:00:00','0000-00-00 00:00:00',1,0,0,'','\0'),(245,'200.1','Consultancy Services - External Auditor',6,244,244,'','0000-00-00 00:00:00','0000-00-00 00:00:00','0000-00-00 00:00:00',1,1,0,'','\0'),(246,'200.2','Consultancy Services - Legal Adviser',6,244,244,'','0000-00-00 00:00:00','0000-00-00 00:00:00','0000-00-00 00:00:00',1,0,0,'','\0'),(247,'200.3','Professional Fees',6,244,244,'','0000-00-00 00:00:00','0000-00-00 00:00:00','0000-00-00 00:00:00',1,0,0,'','\0'),(248,'201','Other Supplies',6,0,248,'','0000-00-00 00:00:00','0000-00-00 00:00:00','0000-00-00 00:00:00',1,0,0,'','\0'),(249,'201.1','Medical Supplies',6,248,248,'','0000-00-00 00:00:00','0000-00-00 00:00:00','0000-00-00 00:00:00',1,0,0,'','\0'),(250,'202','Printing & Binding Expense',6,0,250,'','0000-00-00 00:00:00','0000-00-00 00:00:00','0000-00-00 00:00:00',1,0,0,'','\0'),(251,'203','Trainings and Seminars',6,0,251,'','0000-00-00 00:00:00','0000-00-00 00:00:00','0000-00-00 00:00:00',1,0,0,'','\0'),(252,'204','OTHER/MISCELLANEOUS EXPENSE',6,0,252,'','0000-00-00 00:00:00','0000-00-00 00:00:00','0000-00-00 00:00:00',1,0,0,'','\0'),(253,'204.1','Donations',6,252,252,'','0000-00-00 00:00:00','0000-00-00 00:00:00','0000-00-00 00:00:00',1,1,0,'','\0'),(254,'204.2','Bank Charges',6,252,252,'','0000-00-00 00:00:00','2018-01-15 00:40:08','0000-00-00 00:00:00',1,1,0,'','\0'),(255,'205','Income Tax Expense',6,0,255,'','0000-00-00 00:00:00','0000-00-00 00:00:00','0000-00-00 00:00:00',1,1,0,'','\0'),(256,'163.70','Other Income-15% Tips',7,131,131,'','2018-03-14 11:12:43','0000-00-00 00:00:00','0000-00-00 00:00:00',3,0,0,'','\0'),(257,'204.3','Wastages',6,252,252,'','2018-07-11 10:35:40','0000-00-00 00:00:00','0000-00-00 00:00:00',9,0,0,'','\0'),(258,'106.1','Advances To Officer',1,0,258,'','2018-07-11 10:37:17','0000-00-00 00:00:00','0000-00-00 00:00:00',9,0,0,'','\0'),(259,'150.1','Advances From Officer',3,0,259,'','2018-07-11 10:39:13','0000-00-00 00:00:00','0000-00-00 00:00:00',9,0,0,'','\0'),(260,'204.4','Credit Card Interest Charge 3%',6,252,252,'','2018-07-11 10:49:37','0000-00-00 00:00:00','0000-00-00 00:00:00',9,0,0,'','\0');
/*!40000 ALTER TABLE `account_titles` ENABLE KEYS */;
UNLOCK TABLES;

--
-- Table structure for table `account_types`
--

DROP TABLE IF EXISTS `account_types`;
/*!40101 SET @saved_cs_client     = @@character_set_client */;
/*!40101 SET character_set_client = utf8 */;
CREATE TABLE `account_types` (
  `account_type_id` int(11) NOT NULL AUTO_INCREMENT,
  `account_type` varchar(155) DEFAULT '',
  `description` varchar(1000) DEFAULT '',
  PRIMARY KEY (`account_type_id`) USING BTREE
) ENGINE=InnoDB AUTO_INCREMENT=6 DEFAULT CHARSET=latin1;
/*!40101 SET character_set_client = @saved_cs_client */;

--
-- Dumping data for table `account_types`
--

LOCK TABLES `account_types` WRITE;
/*!40000 ALTER TABLE `account_types` DISABLE KEYS */;
INSERT INTO `account_types` VALUES (1,'Asset',''),(2,'Liability',''),(3,'Capital',''),(4,'Income',''),(5,'Expense','');
/*!40000 ALTER TABLE `account_types` ENABLE KEYS */;
UNLOCK TABLES;

--
-- Table structure for table `account_year`
--

DROP TABLE IF EXISTS `account_year`;
/*!40101 SET @saved_cs_client     = @@character_set_client */;
/*!40101 SET character_set_client = utf8 */;
CREATE TABLE `account_year` (
  `account_year_id` bigint(20) NOT NULL AUTO_INCREMENT,
  `account_year` varchar(100) DEFAULT '',
  `description` varchar(755) DEFAULT '',
  `status` varchar(100) DEFAULT NULL,
  `date_created` datetime DEFAULT '0000-00-00 00:00:00',
  `created_by_user` int(11) DEFAULT '0',
  `date_closed` datetime DEFAULT '0000-00-00 00:00:00',
  `closed_by_user` int(11) DEFAULT '0',
  PRIMARY KEY (`account_year_id`) USING BTREE
) ENGINE=InnoDB DEFAULT CHARSET=latin1;
/*!40101 SET character_set_client = @saved_cs_client */;

--
-- Dumping data for table `account_year`
--

LOCK TABLES `account_year` WRITE;
/*!40000 ALTER TABLE `account_year` DISABLE KEYS */;
/*!40000 ALTER TABLE `account_year` ENABLE KEYS */;
UNLOCK TABLES;

--
-- Table structure for table `accounting_period`
--

DROP TABLE IF EXISTS `accounting_period`;
/*!40101 SET @saved_cs_client     = @@character_set_client */;
/*!40101 SET character_set_client = utf8 */;
CREATE TABLE `accounting_period` (
  `accounting_period_id` bigint(20) NOT NULL AUTO_INCREMENT,
  `period_start` date DEFAULT '0000-00-00',
  `period_end` date DEFAULT '0000-00-00',
  `closed_by_user` bigint(20) DEFAULT '0',
  `date_time_closed` datetime DEFAULT '0000-00-00 00:00:00',
  `remarks` varchar(1000) DEFAULT '',
  PRIMARY KEY (`accounting_period_id`) USING BTREE
) ENGINE=InnoDB DEFAULT CHARSET=latin1;
/*!40101 SET character_set_client = @saved_cs_client */;

--
-- Dumping data for table `accounting_period`
--

LOCK TABLES `accounting_period` WRITE;
/*!40000 ALTER TABLE `accounting_period` DISABLE KEYS */;
/*!40000 ALTER TABLE `accounting_period` ENABLE KEYS */;
UNLOCK TABLES;

--
-- Table structure for table `adjustment_info`
--

DROP TABLE IF EXISTS `adjustment_info`;
/*!40101 SET @saved_cs_client     = @@character_set_client */;
/*!40101 SET character_set_client = utf8 */;
CREATE TABLE `adjustment_info` (
  `adjustment_id` bigint(20) NOT NULL AUTO_INCREMENT,
  `adjustment_code` varchar(75) DEFAULT '',
  `department_id` int(11) DEFAULT '0',
  `remarks` varchar(755) DEFAULT '',
  `adjustment_type` varchar(20) DEFAULT 'IN',
  `total_discount` decimal(20,4) DEFAULT '0.0000',
  `total_before_tax` decimal(20,4) DEFAULT '0.0000',
  `total_after_tax` decimal(20,4) DEFAULT '0.0000',
  `total_tax_amount` decimal(20,4) DEFAULT '0.0000',
  `date_adjusted` date DEFAULT '0000-00-00',
  `date_created` datetime DEFAULT '0000-00-00 00:00:00',
  `date_modified` timestamp NULL DEFAULT '0000-00-00 00:00:00' ON UPDATE CURRENT_TIMESTAMP,
  `date_deleted` datetime DEFAULT NULL,
  `posted_by_user` int(11) DEFAULT '0',
  `modified_by_user` int(11) DEFAULT '0',
  `deleted_by_user` int(11) DEFAULT '0',
  `is_active` bit(1) DEFAULT b'1',
  `is_deleted` bit(1) DEFAULT b'0',
  `pos_is_received` bit(1) DEFAULT b'0',
  `is_for_pos` bit(1) DEFAULT b'0',
  `is_journal_posted` tinyint(1) DEFAULT '0',
  `journal_id` bigint(20) DEFAULT '0',
  PRIMARY KEY (`adjustment_id`) USING BTREE
) ENGINE=InnoDB AUTO_INCREMENT=6 DEFAULT CHARSET=latin1;
/*!40101 SET character_set_client = @saved_cs_client */;

--
-- Dumping data for table `adjustment_info`
--

LOCK TABLES `adjustment_info` WRITE;
/*!40000 ALTER TABLE `adjustment_info` DISABLE KEYS */;
INSERT INTO `adjustment_info` VALUES (1,'ADJ-20180607-1',1,'','OUT',0.0000,27553.2334,30859.6214,3306.3880,'2018-06-07','2018-06-07 10:49:28','2018-06-07 02:49:28',NULL,1,0,0,'','\0','\0','\0',0,0),(2,'ADJ-20180926-2',2,'','IN',0.0000,707530.0500,792430.6500,84900.6000,'2018-09-26','2018-09-26 15:13:32','2018-09-26 07:13:32',NULL,1,0,0,'','\0','\0','\0',0,0),(3,'ADJ-20181005-3',1,'Remarks','IN',0.0000,857.3200,875.0000,17.6800,'2018-10-05','2018-10-05 11:24:03','2018-10-05 03:25:24',NULL,1,0,0,'','\0','\0','\0',1,31),(4,'ADJ-20181008-4',2,'','IN',0.0000,9375.0000,10500.0000,1125.0000,'2018-10-08','2018-10-08 08:41:43','2018-10-08 00:41:43',NULL,1,0,0,'','\0','\0','\0',0,0),(5,'ADJ-20181008-5',1,'','OUT',0.0000,10911.6100,12221.0000,1309.3900,'2018-10-08','2018-10-08 08:48:24','2018-10-08 00:48:24',NULL,1,0,0,'','\0','\0','\0',0,0);
/*!40000 ALTER TABLE `adjustment_info` ENABLE KEYS */;
UNLOCK TABLES;

--
-- Table structure for table `adjustment_items`
--

DROP TABLE IF EXISTS `adjustment_items`;
/*!40101 SET @saved_cs_client     = @@character_set_client */;
/*!40101 SET character_set_client = utf8 */;
CREATE TABLE `adjustment_items` (
  `adjustment_item_id` bigint(20) NOT NULL AUTO_INCREMENT,
  `adjustment_id` int(11) DEFAULT '0',
  `product_id` int(11) DEFAULT '0',
  `is_parent` tinyint(1) DEFAULT '1',
  `unit_id` int(11) DEFAULT '0',
  `adjust_qty` decimal(20,4) DEFAULT '0.0000',
  `adjust_price` decimal(20,4) DEFAULT '0.0000',
  `adjust_discount` decimal(20,4) DEFAULT '0.0000',
  `adjust_tax_rate` decimal(20,4) DEFAULT '0.0000',
  `adjust_line_total_price` decimal(20,4) DEFAULT '0.0000',
  `adjust_line_total_discount` decimal(20,4) DEFAULT '0.0000',
  `adjust_tax_amount` decimal(20,4) DEFAULT '0.0000',
  `adjust_non_tax_amount` decimal(20,4) DEFAULT '0.0000',
  `exp_date` date DEFAULT '0000-00-00',
  `batch_no` varchar(55) DEFAULT '',
  PRIMARY KEY (`adjustment_item_id`) USING BTREE
) ENGINE=InnoDB AUTO_INCREMENT=37 DEFAULT CHARSET=latin1;
/*!40101 SET character_set_client = @saved_cs_client */;

--
-- Dumping data for table `adjustment_items`
--

LOCK TABLES `adjustment_items` WRITE;
/*!40000 ALTER TABLE `adjustment_items` DISABLE KEYS */;
INSERT INTO `adjustment_items` VALUES (1,1,427,1,4,3.0355,12.2521,0.0000,12.0000,37.1912,0.0000,3.9848,33.2065,'0000-00-00',''),(2,1,370,1,3,2.2113,13215.0022,0.0000,12.0000,29222.3344,0.0000,3130.9644,26091.3700,'0000-00-00',''),(3,1,72,1,3,1.2121,1320.1021,0.0000,12.0000,1600.0958,0.0000,171.4388,1428.6569,'0000-00-00',''),(4,2,405,1,3,500.0000,10.0000,0.0000,12.0000,5000.0000,0.0000,535.7143,4464.2857,'0000-00-00',''),(5,2,404,1,3,1.0000,10.0000,0.0000,12.0000,10.0000,0.0000,1.0714,8.9286,'0000-00-00',''),(6,2,394,1,3,1.0000,1109.0000,0.0000,12.0000,1109.0000,0.0000,118.8214,990.1786,'0000-00-00',''),(7,2,431,1,3,1.0000,307.5000,0.0000,12.0000,307.5000,0.0000,32.9500,274.5500,'0000-00-00',''),(8,2,406,1,4,1.0000,265.0000,0.0000,12.0000,265.0000,0.0000,28.3900,236.6100,'0000-00-00',''),(9,2,53,1,1,1.0000,1051.0000,0.0000,12.0000,1051.0000,0.0000,112.6100,938.3900,'0000-00-00',''),(10,2,24,1,1,1.0000,253.0000,0.0000,12.0000,253.0000,0.0000,27.1100,225.8900,'0000-00-00',''),(11,2,55,1,4,1.0000,1077.0000,0.0000,12.0000,1077.0000,0.0000,115.3900,961.6100,'0000-00-00',''),(12,2,482,1,12,1.0000,10800.0000,0.0000,12.0000,10800.0000,0.0000,1157.1400,9642.8600,'0000-00-00',''),(13,2,422,1,4,1.0000,25.0000,0.0000,0.0000,25.0000,0.0000,0.0000,25.0000,'0000-00-00',''),(14,2,458,1,5,1.0000,55.0000,0.0000,12.0000,55.0000,0.0000,5.8900,49.1100,'0000-00-00',''),(15,2,94,1,3,1.0000,315.0000,0.0000,12.0000,315.0000,0.0000,33.7500,281.2500,'0000-00-00',''),(16,2,103,1,5,11.0000,51.7500,0.0000,12.0000,569.2500,0.0000,60.9911,508.2589,'0000-00-00',''),(17,2,425,1,4,11.0000,355.0000,0.0000,12.0000,3905.0000,0.0000,418.3929,3486.6071,'0000-00-00',''),(18,2,366,1,4,11.0000,375.0000,0.0000,12.0000,4125.0000,0.0000,441.9643,3683.0357,'0000-00-00',''),(19,2,364,1,4,11.0000,11375.0000,0.0000,12.0000,125125.0000,0.0000,13406.2500,111718.7500,'0000-00-00',''),(20,2,363,1,4,111.0000,1375.0000,0.0000,12.0000,152625.0000,0.0000,16352.6786,136272.3214,'0000-00-00',''),(21,2,441,1,4,11.0000,11486.0000,0.0000,12.0000,126346.0000,0.0000,13537.0714,112808.9286,'0000-00-00',''),(22,2,145,1,3,11.0000,1350.0000,0.0000,12.0000,14850.0000,0.0000,1591.0714,13258.9286,'0000-00-00',''),(23,2,464,1,3,11.0000,1136.0000,0.0000,12.0000,12496.0000,0.0000,1338.8571,11157.1429,'0000-00-00',''),(24,2,448,1,3,11.0000,137.0000,0.0000,12.0000,1507.0000,0.0000,161.4643,1345.5357,'0000-00-00',''),(25,2,414,1,4,11.0000,3200.0000,0.0000,12.0000,35200.0000,0.0000,3771.4286,31428.5714,'0000-00-00',''),(26,2,375,1,3,11.0000,715.0000,0.0000,12.0000,7865.0000,0.0000,842.6786,7022.3214,'0000-00-00',''),(27,2,380,1,3,11.0000,0.0000,0.0000,12.0000,0.0000,0.0000,0.0000,0.0000,'0000-00-00',''),(28,2,1,1,6,11.0000,1517.0000,0.0000,12.0000,16687.0000,0.0000,1787.8929,14899.1071,'0000-00-00',''),(29,2,427,1,4,11.0000,1230.0000,0.0000,12.0000,13530.0000,0.0000,1449.6429,12080.3571,'0000-00-00',''),(30,2,370,1,3,11.0000,12034.9000,0.0000,12.0000,132383.9000,0.0000,14183.9893,118199.9107,'0000-00-00',''),(31,2,426,1,1,11.0000,194.0000,0.0000,12.0000,2134.0000,0.0000,228.6429,1905.3571,'0000-00-00',''),(32,2,72,1,3,11.0000,11165.0000,0.0000,12.0000,122815.0000,0.0000,13158.7500,109656.2500,'0000-00-00',''),(33,3,7,1,9,1.0000,710.0000,0.0000,0.0000,710.0000,0.0000,0.0000,710.0000,'0000-00-00',''),(34,3,72,1,3,1.0000,165.0000,0.0000,12.0000,165.0000,0.0000,17.6800,147.3200,'0000-00-00',''),(35,4,514,1,1,1.0000,10500.0000,0.0000,12.0000,10500.0000,0.0000,1125.0000,9375.0000,'0000-00-00',''),(36,5,514,1,1,11.0000,1111.0000,0.0000,12.0000,12221.0000,0.0000,1309.3929,10911.6071,'0000-00-00','');
/*!40000 ALTER TABLE `adjustment_items` ENABLE KEYS */;
UNLOCK TABLES;

--
-- Table structure for table `approval_status`
--

DROP TABLE IF EXISTS `approval_status`;
/*!40101 SET @saved_cs_client     = @@character_set_client */;
/*!40101 SET character_set_client = utf8 */;
CREATE TABLE `approval_status` (
  `approval_id` int(11) NOT NULL AUTO_INCREMENT,
  `approval_status` varchar(100) DEFAULT '',
  `approval_description` varchar(555) DEFAULT '',
  `is_active` bit(1) DEFAULT b'1',
  `is_deleted` bit(1) DEFAULT b'0',
  PRIMARY KEY (`approval_id`) USING BTREE
) ENGINE=InnoDB AUTO_INCREMENT=3 DEFAULT CHARSET=latin1;
/*!40101 SET character_set_client = @saved_cs_client */;

--
-- Dumping data for table `approval_status`
--

LOCK TABLES `approval_status` WRITE;
/*!40000 ALTER TABLE `approval_status` DISABLE KEYS */;
INSERT INTO `approval_status` VALUES (1,'Approved','','','\0'),(2,'Pending','','','\0');
/*!40000 ALTER TABLE `approval_status` ENABLE KEYS */;
UNLOCK TABLES;

--
-- Table structure for table `asset_property_status`
--

DROP TABLE IF EXISTS `asset_property_status`;
/*!40101 SET @saved_cs_client     = @@character_set_client */;
/*!40101 SET character_set_client = utf8 */;
CREATE TABLE `asset_property_status` (
  `asset_status_id` int(11) NOT NULL AUTO_INCREMENT,
  `asset_property_status` varchar(50) DEFAULT NULL,
  `is_active` tinyint(4) DEFAULT '1',
  `is_deleted` tinyint(4) DEFAULT '0',
  PRIMARY KEY (`asset_status_id`) USING BTREE,
  UNIQUE KEY `asset_property_id` (`asset_status_id`) USING BTREE
) ENGINE=InnoDB AUTO_INCREMENT=6 DEFAULT CHARSET=latin1;
/*!40101 SET character_set_client = @saved_cs_client */;

--
-- Dumping data for table `asset_property_status`
--

LOCK TABLES `asset_property_status` WRITE;
/*!40000 ALTER TABLE `asset_property_status` DISABLE KEYS */;
INSERT INTO `asset_property_status` VALUES (1,'Active',1,0),(2,'Inactive',1,0),(3,'Obsolete',1,0),(4,'Lost',1,0),(5,'Damage',1,0);
/*!40000 ALTER TABLE `asset_property_status` ENABLE KEYS */;
UNLOCK TABLES;

--
-- Table structure for table `bank`
--

DROP TABLE IF EXISTS `bank`;
/*!40101 SET @saved_cs_client     = @@character_set_client */;
/*!40101 SET character_set_client = utf8 */;
CREATE TABLE `bank` (
  `bank_id` int(11) NOT NULL AUTO_INCREMENT,
  `bank_code` varchar(20) DEFAULT NULL,
  `bank_name` varchar(255) DEFAULT NULL,
  `account_number` varchar(20) DEFAULT NULL,
  `account_type` tinyint(1) NOT NULL DEFAULT '0',
  `is_active` tinyint(1) NOT NULL DEFAULT '1',
  `is_deleted` tinyint(1) DEFAULT '0',
  PRIMARY KEY (`bank_id`)
) ENGINE=InnoDB AUTO_INCREMENT=2 DEFAULT CHARSET=latin1;
/*!40101 SET character_set_client = @saved_cs_client */;

--
-- Dumping data for table `bank`
--

LOCK TABLES `bank` WRITE;
/*!40000 ALTER TABLE `bank` DISABLE KEYS */;
INSERT INTO `bank` VALUES (1,'Security Bank','Security Bank','3242342',2,1,0);
/*!40000 ALTER TABLE `bank` ENABLE KEYS */;
UNLOCK TABLES;

--
-- Table structure for table `bank_reconciliation`
--

DROP TABLE IF EXISTS `bank_reconciliation`;
/*!40101 SET @saved_cs_client     = @@character_set_client */;
/*!40101 SET character_set_client = utf8 */;
CREATE TABLE `bank_reconciliation` (
  `bank_recon_id` int(11) NOT NULL AUTO_INCREMENT,
  `bank_id` int(11) DEFAULT '0',
  `date_reconciled` date DEFAULT '0000-00-00',
  `reconciled_by` int(11) DEFAULT '0',
  `account_id` int(11) DEFAULT '0',
  `account_balance` decimal(10,0) DEFAULT '0',
  `bank_service_charge` decimal(10,0) DEFAULT '0',
  `nsf_check` decimal(10,0) DEFAULT '0',
  `check_printing_charge` decimal(10,0) DEFAULT '0',
  `interest_earned` decimal(10,0) DEFAULT '0',
  `notes_receivable` decimal(10,0) DEFAULT '0',
  `actual_balance` decimal(10,0) DEFAULT '0',
  `outstanding_checks` decimal(10,0) DEFAULT '0',
  `deposit_in_transit` decimal(10,0) DEFAULT '0',
  `journal_adjusted_collection` decimal(10,0) DEFAULT '0',
  `bank_adjusted_collection` decimal(10,0) DEFAULT '0',
  PRIMARY KEY (`bank_recon_id`)
) ENGINE=InnoDB AUTO_INCREMENT=2 DEFAULT CHARSET=latin1;
/*!40101 SET character_set_client = @saved_cs_client */;

--
-- Dumping data for table `bank_reconciliation`
--

LOCK TABLES `bank_reconciliation` WRITE;
/*!40000 ALTER TABLE `bank_reconciliation` DISABLE KEYS */;
INSERT INTO `bank_reconciliation` VALUES (1,NULL,'2018-10-16',1,5,391877,0,0,0,0,0,399877,8000,0,0,0);
/*!40000 ALTER TABLE `bank_reconciliation` ENABLE KEYS */;
UNLOCK TABLES;

--
-- Table structure for table `bank_reconciliation_details`
--

DROP TABLE IF EXISTS `bank_reconciliation_details`;
/*!40101 SET @saved_cs_client     = @@character_set_client */;
/*!40101 SET character_set_client = utf8 */;
CREATE TABLE `bank_reconciliation_details` (
  `bank_recon_item_id` int(11) NOT NULL AUTO_INCREMENT,
  `bank_recon_id` int(11) DEFAULT '0',
  `journal_id` int(11) DEFAULT '0',
  `check_status` int(11) DEFAULT '0' COMMENT '0 = no selected\n1 = outstanding\n2 = good check',
  PRIMARY KEY (`bank_recon_item_id`)
) ENGINE=InnoDB AUTO_INCREMENT=2 DEFAULT CHARSET=latin1;
/*!40101 SET character_set_client = @saved_cs_client */;

--
-- Dumping data for table `bank_reconciliation_details`
--

LOCK TABLES `bank_reconciliation_details` WRITE;
/*!40000 ALTER TABLE `bank_reconciliation_details` DISABLE KEYS */;
INSERT INTO `bank_reconciliation_details` VALUES (1,1,12,1);
/*!40000 ALTER TABLE `bank_reconciliation_details` ENABLE KEYS */;
UNLOCK TABLES;

--
-- Table structure for table `batch_info`
--

DROP TABLE IF EXISTS `batch_info`;
/*!40101 SET @saved_cs_client     = @@character_set_client */;
/*!40101 SET character_set_client = utf8 */;
CREATE TABLE `batch_info` (
  `batch_id` bigint(20) NOT NULL AUTO_INCREMENT,
  `batch_no` varchar(75) DEFAULT '',
  `date_replenished` datetime DEFAULT '0000-00-00 00:00:00',
  `replenished_by` int(11) DEFAULT '0',
  PRIMARY KEY (`batch_id`) USING BTREE,
  UNIQUE KEY `batch_id` (`batch_id`) USING BTREE
) ENGINE=InnoDB AUTO_INCREMENT=3 DEFAULT CHARSET=latin1;
/*!40101 SET character_set_client = @saved_cs_client */;

--
-- Dumping data for table `batch_info`
--

LOCK TABLES `batch_info` WRITE;
/*!40000 ALTER TABLE `batch_info` DISABLE KEYS */;
INSERT INTO `batch_info` VALUES (1,'PCVB-20180207-1','2018-02-07 16:41:50',3),(2,'PCVB-20180207-2','2018-02-07 16:45:03',3);
/*!40000 ALTER TABLE `batch_info` ENABLE KEYS */;
UNLOCK TABLES;

--
-- Table structure for table `brands`
--

DROP TABLE IF EXISTS `brands`;
/*!40101 SET @saved_cs_client     = @@character_set_client */;
/*!40101 SET character_set_client = utf8 */;
CREATE TABLE `brands` (
  `brand_id` bigint(20) NOT NULL AUTO_INCREMENT,
  `brand_name` varchar(255) DEFAULT NULL,
  `is_deleted` bit(1) DEFAULT b'0',
  `is_active` bit(1) DEFAULT b'1',
  PRIMARY KEY (`brand_id`) USING BTREE
) ENGINE=InnoDB DEFAULT CHARSET=latin1;
/*!40101 SET character_set_client = @saved_cs_client */;

--
-- Dumping data for table `brands`
--

LOCK TABLES `brands` WRITE;
/*!40000 ALTER TABLE `brands` DISABLE KEYS */;
/*!40000 ALTER TABLE `brands` ENABLE KEYS */;
UNLOCK TABLES;

--
-- Table structure for table `cards`
--

DROP TABLE IF EXISTS `cards`;
/*!40101 SET @saved_cs_client     = @@character_set_client */;
/*!40101 SET character_set_client = utf8 */;
CREATE TABLE `cards` (
  `card_id` bigint(20) NOT NULL AUTO_INCREMENT,
  `card_name` varchar(255) DEFAULT NULL,
  `is_deleted` bit(1) DEFAULT b'0',
  `is_active` bit(1) DEFAULT b'1',
  PRIMARY KEY (`card_id`) USING BTREE
) ENGINE=InnoDB DEFAULT CHARSET=latin1;
/*!40101 SET character_set_client = @saved_cs_client */;

--
-- Dumping data for table `cards`
--

LOCK TABLES `cards` WRITE;
/*!40000 ALTER TABLE `cards` DISABLE KEYS */;
/*!40000 ALTER TABLE `cards` ENABLE KEYS */;
UNLOCK TABLES;

--
-- Table structure for table `cash_invoice`
--

DROP TABLE IF EXISTS `cash_invoice`;
/*!40101 SET @saved_cs_client     = @@character_set_client */;
/*!40101 SET character_set_client = utf8 */;
CREATE TABLE `cash_invoice` (
  `cash_invoice_id` bigint(20) NOT NULL AUTO_INCREMENT,
  `cash_inv_no` varchar(75) DEFAULT '',
  `sales_order_id` bigint(20) DEFAULT '0',
  `sales_order_no` varchar(75) DEFAULT '',
  `order_status_id` int(11) DEFAULT '1' COMMENT '1 is open 2 is closed 3 is partially, used in delivery_receipt',
  `department_id` int(11) DEFAULT '0',
  `issue_to_department` int(11) DEFAULT '0',
  `customer_id` int(11) DEFAULT '0',
  `journal_id` bigint(20) DEFAULT '0',
  `terms` int(11) DEFAULT '0',
  `remarks` varchar(755) DEFAULT '',
  `total_discount` decimal(20,4) DEFAULT '0.0000',
  `total_overall_discount` decimal(20,4) DEFAULT '0.0000',
  `total_overall_discount_amount` decimal(20,4) DEFAULT '0.0000',
  `total_after_discount` decimal(20,4) DEFAULT '0.0000',
  `total_before_tax` decimal(20,4) DEFAULT '0.0000',
  `total_tax_amount` decimal(20,4) DEFAULT '0.0000',
  `total_after_tax` decimal(20,4) DEFAULT '0.0000',
  `date_due` date DEFAULT '0000-00-00',
  `date_invoice` date DEFAULT '0000-00-00',
  `date_created` datetime DEFAULT '0000-00-00 00:00:00',
  `date_deleted` datetime DEFAULT '0000-00-00 00:00:00',
  `date_modified` timestamp NULL DEFAULT '0000-00-00 00:00:00' ON UPDATE CURRENT_TIMESTAMP,
  `posted_by_user` int(11) DEFAULT '0',
  `deleted_by_user` int(11) DEFAULT '0',
  `modified_by_user` int(11) DEFAULT '0',
  `is_paid` bit(1) DEFAULT b'0',
  `is_active` bit(1) DEFAULT b'1',
  `is_deleted` bit(1) DEFAULT b'0',
  `is_journal_posted` bit(1) DEFAULT b'0',
  `ref_product_type_id` int(11) DEFAULT '0',
  `inv_type` int(11) DEFAULT '1',
  `salesperson_id` int(11) DEFAULT '0',
  `address` varchar(150) DEFAULT '',
  `contact_person` varchar(175) DEFAULT NULL,
  `email_address` varchar(75) DEFAULT NULL,
  `contact_no` varchar(75) DEFAULT NULL,
  PRIMARY KEY (`cash_invoice_id`) USING BTREE,
  UNIQUE KEY `cash_inv_no` (`cash_inv_no`) USING BTREE
) ENGINE=InnoDB AUTO_INCREMENT=16 DEFAULT CHARSET=latin1;
/*!40101 SET character_set_client = @saved_cs_client */;

--
-- Dumping data for table `cash_invoice`
--

LOCK TABLES `cash_invoice` WRITE;
/*!40000 ALTER TABLE `cash_invoice` DISABLE KEYS */;
INSERT INTO `cash_invoice` VALUES (1,'CI-INV-20180501-1',1,'SO-20180501-1',1,2,NULL,4,0,0,'',11100.0000,20.0000,19980.0000,79920.0000,111000.0000,0.0000,99900.0000,'2018-05-01','2018-05-01','2018-05-01 11:58:35','2018-05-02 17:23:36','2018-05-02 09:23:36',1,1,0,'\0','','','\0',0,1,0,'1','1',NULL,NULL),(2,'CI-INV-20180501-2',1,'SO-20180501-1',1,2,NULL,4,0,0,'',1942.5000,20.0000,3496.5000,13986.0000,19425.0000,0.0000,17482.5000,'2018-05-01','2018-05-01','2018-05-01 11:59:15','2018-05-01 12:15:33','2018-05-01 04:15:33',1,1,0,'\0','','','\0',0,1,0,'','1',NULL,NULL),(3,'CI-INV-20180501-3',1,'SO-20180501-1',1,2,NULL,4,0,0,'',1942.5000,20.0000,3496.5000,13986.0000,19425.0000,0.0000,17482.5000,'2018-05-01','2018-05-01','2018-05-01 13:33:47','2018-05-01 13:33:53','2018-05-01 05:33:53',1,1,1,'\0','','','\0',0,1,0,'','a',NULL,NULL),(4,'CI-INV-20180501-4',0,'',1,2,NULL,1,0,0,'',0.0000,0.0000,0.0000,23300.0000,23300.0000,0.0000,23300.0000,'2018-05-01','2018-05-01','2018-05-01 15:24:41','2018-05-02 17:23:38','2018-05-02 09:23:38',1,1,0,'\0','','','\0',0,1,0,'None','None',NULL,NULL),(5,'CI-INV-20180501-5',0,'',1,1,NULL,1,0,0,'',0.0000,0.0000,0.0000,32500.0000,32500.0000,0.0000,32500.0000,'2018-05-01','2018-04-18','2018-05-01 15:24:58','2018-05-02 17:23:31','2018-05-02 09:23:31',1,1,0,'\0','','','\0',0,1,0,'None','None',NULL,NULL),(6,'CI-INV-20180501-6',0,'',1,1,NULL,2,0,0,'',0.0000,0.0000,0.0000,27400.0000,27400.0000,0.0000,27400.0000,'2018-05-01','2018-03-06','2018-05-01 15:25:17','2018-05-02 17:23:29','2018-05-02 09:23:29',1,1,0,'\0','','','\0',0,1,0,'Customers','Customers',NULL,NULL),(7,'CI-INV-20180501-7',0,'',1,4,NULL,3,0,0,'',0.0000,0.0000,0.0000,39930.0000,35651.7900,4278.2100,39930.0000,'2018-05-01','2018-03-14','2018-05-01 15:51:29','2018-05-02 17:23:27','2018-05-02 09:23:27',1,1,0,'\0','','','\0',0,1,0,'Customers','Customers',NULL,NULL),(8,'CI-INV-20180502-8',1,'SO-20180502-1',1,1,NULL,2,0,0,'',0.0000,0.0000,0.0000,167925.0000,149933.0400,17991.9600,167925.0000,'2018-05-02','2018-05-02','2018-05-02 17:22:35','2018-05-02 17:23:25','2018-05-02 09:23:25',1,1,0,'\0','','','\0',0,1,0,'','1',NULL,NULL),(9,'CI-INV-20180502-9',1,'SO-20180502-1',1,1,NULL,2,0,0,'',0.0000,0.0000,0.0000,2048685.0000,1829183.0400,219501.9600,2048685.0000,'2018-05-02','2018-05-02','2018-05-02 17:22:46','2018-05-02 17:23:21','2018-05-02 09:23:21',1,1,0,'\0','','','\0',0,1,0,'','1',NULL,NULL),(10,'CI-INV-20180503-10',2,'SO-20180503-2',1,1,NULL,1,1,0,'',0.0000,0.0000,0.0000,2.6000,2.3200,0.2800,2.6000,'2018-05-03','2018-05-03','2018-05-03 09:31:05','0000-00-00 00:00:00','2018-05-03 02:16:42',1,0,0,'\0','','\0','',0,1,0,'1','1',NULL,NULL),(11,'CI-INV-20180823-11',0,'',1,2,NULL,2,0,0,'1',0.0000,0.0000,0.0000,0.0000,0.0000,0.0000,0.0000,'2018-08-23','2018-08-23','2018-08-23 14:14:30','0000-00-00 00:00:00','2018-08-23 06:14:30',1,0,0,'\0','','\0','\0',0,1,0,'N/A','N/A',NULL,NULL),(12,'CI-INV-20180823-12',0,'',1,2,NULL,2,0,0,'',5.0000,0.0000,0.0000,95.0000,89.2857,10.7143,95.0000,'2018-08-23','2018-08-23','2018-08-23 14:16:06','0000-00-00 00:00:00','2018-08-23 06:16:06',1,0,0,'\0','','\0','\0',0,1,0,'N/A','N/A',NULL,NULL),(13,'CI-INV-20180824-13',5,'SO-20180824-5',1,3,NULL,1,0,0,'',0.0000,0.0000,0.0000,0.0000,0.0000,0.0000,0.0000,'2018-08-24','2018-08-24','2018-08-24 09:05:31','0000-00-00 00:00:00','2018-08-24 01:05:31',1,0,0,'\0','','\0','\0',0,1,NULL,'12','12',NULL,NULL),(14,'CI-INV-20180824-14',5,'SO-20180824-5',1,3,NULL,1,0,0,'',0.0000,0.0000,0.0000,0.0000,0.0000,0.0000,0.0000,'2018-08-24','2018-08-24','2018-08-24 09:06:34','0000-00-00 00:00:00','2018-08-24 01:06:38',1,0,1,'\0','','\0','\0',0,1,NULL,'23','23',NULL,NULL),(15,'CI-INV-20180824-15',5,'SO-20180824-5',1,3,NULL,1,0,0,'',0.0000,0.0000,0.0000,0.0000,0.0000,0.0000,0.0000,'2018-08-24','2018-08-24','2018-08-24 09:06:49','0000-00-00 00:00:00','2018-08-24 01:06:49',1,0,0,'\0','','\0','\0',0,1,NULL,'','2',NULL,NULL);
/*!40000 ALTER TABLE `cash_invoice` ENABLE KEYS */;
UNLOCK TABLES;

--
-- Table structure for table `cash_invoice_items`
--

DROP TABLE IF EXISTS `cash_invoice_items`;
/*!40101 SET @saved_cs_client     = @@character_set_client */;
/*!40101 SET character_set_client = utf8 */;
CREATE TABLE `cash_invoice_items` (
  `cash_item_id` bigint(20) NOT NULL AUTO_INCREMENT,
  `cash_invoice_id` bigint(20) DEFAULT '0',
  `product_id` int(11) DEFAULT '0',
  `unit_id` int(11) DEFAULT '0',
  `is_parent` tinyint(1) DEFAULT '1',
  `inv_price` decimal(20,4) DEFAULT '0.0000',
  `orig_so_price` decimal(20,4) DEFAULT '0.0000',
  `inv_discount` decimal(20,4) DEFAULT '0.0000',
  `inv_line_total_discount` decimal(20,4) DEFAULT '0.0000',
  `inv_tax_rate` decimal(20,4) DEFAULT '0.0000',
  `cost_upon_invoice` decimal(20,4) DEFAULT '0.0000',
  `inv_qty` decimal(20,4) DEFAULT '0.0000',
  `inv_gross` decimal(20,4) DEFAULT '0.0000',
  `inv_line_total_price` decimal(20,4) DEFAULT '0.0000',
  `inv_tax_amount` decimal(20,4) DEFAULT '0.0000',
  `inv_non_tax_amount` decimal(20,4) DEFAULT '0.0000',
  `inv_line_total_after_global` decimal(20,4) DEFAULT '0.0000',
  `inv_notes` varchar(100) DEFAULT NULL,
  `dr_invoice_id` int(11) DEFAULT NULL,
  `exp_date` date DEFAULT '0000-00-00',
  `batch_no` varchar(55) DEFAULT '',
  PRIMARY KEY (`cash_item_id`) USING BTREE
) ENGINE=InnoDB AUTO_INCREMENT=20 DEFAULT CHARSET=latin1;
/*!40101 SET character_set_client = @saved_cs_client */;

--
-- Dumping data for table `cash_invoice_items`
--

LOCK TABLES `cash_invoice_items` WRITE;
/*!40000 ALTER TABLE `cash_invoice_items` DISABLE KEYS */;
INSERT INTO `cash_invoice_items` VALUES (1,1,9,1,1,3700.0000,0.0000,10.0000,11100.0000,0.0000,0.0000,30.0000,111000.0000,99900.0000,0.0000,111000.0000,79920.0000,NULL,NULL,'0000-00-00',''),(2,2,9,1,1,3700.0000,0.0000,10.0000,1942.5000,0.0000,0.0000,5.2500,19425.0000,17482.5000,0.0000,19425.0000,13986.0000,NULL,NULL,'0000-00-00',''),(4,3,9,1,1,3700.0000,0.0000,10.0000,1942.5000,0.0000,0.0000,5.2500,19425.0000,17482.5000,0.0000,19425.0000,13986.0000,NULL,NULL,'0000-00-00',''),(5,4,9,1,1,23300.0000,0.0000,0.0000,0.0000,0.0000,0.0000,1.0000,23300.0000,23300.0000,0.0000,23300.0000,23300.0000,NULL,NULL,'0000-00-00',''),(6,5,9,1,1,32500.0000,0.0000,0.0000,0.0000,0.0000,0.0000,1.0000,32500.0000,32500.0000,0.0000,32500.0000,32500.0000,NULL,NULL,'0000-00-00',''),(7,6,9,1,1,13700.0000,0.0000,0.0000,0.0000,0.0000,0.0000,2.0000,27400.0000,27400.0000,0.0000,27400.0000,27400.0000,NULL,NULL,'0000-00-00',''),(8,7,10,1,1,1210.0000,0.0000,0.0000,0.0000,12.0000,0.0000,33.0000,39930.0000,39930.0000,4278.2143,35651.7857,39930.0000,NULL,NULL,'0000-00-00',''),(9,8,72,3,1,134340.0000,0.0000,0.0000,0.0000,12.0000,0.0000,1.2500,167925.0000,167925.0000,17991.9643,149933.0357,167925.0000,NULL,NULL,'0000-00-00',''),(10,9,72,3,1,134340.0000,0.0000,0.0000,0.0000,12.0000,0.0000,15.2500,2048685.0000,2048685.0000,219501.9643,1829183.0357,2048685.0000,NULL,NULL,'0000-00-00',''),(11,10,72,3,1,10.0000,0.0000,0.0000,0.0000,12.0000,0.0000,0.2600,2.6000,2.6000,0.2786,2.3214,2.6000,NULL,NULL,'0000-00-00',''),(12,11,426,1,1,0.0000,0.0000,0.0000,0.0000,12.0000,0.0000,1.0000,0.0000,0.0000,0.0000,0.0000,0.0000,NULL,NULL,'0000-00-00',''),(13,11,427,4,1,0.0000,0.0000,0.0000,0.0000,12.0000,0.0000,1.0000,0.0000,0.0000,0.0000,0.0000,0.0000,NULL,NULL,'0000-00-00',''),(14,11,72,3,1,0.0000,0.0000,0.0000,0.0000,12.0000,0.0000,1.0000,0.0000,0.0000,0.0000,0.0000,0.0000,NULL,NULL,'0000-00-00',''),(15,12,160,8,1,100.0000,0.0000,5.0000,5.0000,12.0000,0.0000,1.0000,100.0000,95.0000,10.7143,89.2857,95.0000,NULL,NULL,'0000-00-00',''),(16,13,72,3,1,0.0000,0.0000,0.0000,0.0000,12.0000,0.0000,13.0000,0.0000,0.0000,0.0000,0.0000,0.0000,NULL,NULL,'0000-00-00',''),(18,14,72,3,1,0.0000,0.0000,0.0000,0.0000,12.0000,0.0000,15.0000,0.0000,0.0000,0.0000,0.0000,0.0000,NULL,NULL,'0000-00-00',''),(19,15,72,3,1,0.0000,0.0000,0.0000,0.0000,12.0000,0.0000,132447.0000,0.0000,0.0000,0.0000,0.0000,0.0000,NULL,NULL,'0000-00-00','');
/*!40000 ALTER TABLE `cash_invoice_items` ENABLE KEYS */;
UNLOCK TABLES;

--
-- Table structure for table `categories`
--

DROP TABLE IF EXISTS `categories`;
/*!40101 SET @saved_cs_client     = @@character_set_client */;
/*!40101 SET character_set_client = utf8 */;
CREATE TABLE `categories` (
  `category_id` bigint(20) NOT NULL AUTO_INCREMENT,
  `category_code` bigint(20) DEFAULT NULL,
  `category_name` varchar(255) DEFAULT NULL,
  `category_desc` varchar(255) DEFAULT NULL,
  `date_created` datetime DEFAULT NULL,
  `date_modified` timestamp NULL DEFAULT '0000-00-00 00:00:00',
  `is_deleted` bit(1) DEFAULT b'0',
  `is_active` bit(1) DEFAULT b'1',
  `sort_key` int(11) DEFAULT '0',
  PRIMARY KEY (`category_id`) USING BTREE
) ENGINE=InnoDB AUTO_INCREMENT=74 DEFAULT CHARSET=latin1;
/*!40101 SET character_set_client = @saved_cs_client */;

--
-- Dumping data for table `categories`
--

LOCK TABLES `categories` WRITE;
/*!40000 ALTER TABLE `categories` DISABLE KEYS */;
INSERT INTO `categories` VALUES (1,NULL,'Wet Goods','Wet Goods Section',NULL,'0000-00-00 00:00:00','\0','',0),(2,NULL,'Dry Goods','Dry Goods',NULL,'0000-00-00 00:00:00','\0','',0),(3,NULL,'Vegetable','Vegetable',NULL,'0000-00-00 00:00:00','\0','',0),(5,NULL,'Breakfast','Breakfast',NULL,'0000-00-00 00:00:00','\0','',0),(6,NULL,'Filipino Breakfast','Filipino Breakfast',NULL,'0000-00-00 00:00:00','\0','',0),(7,NULL,'Soup','',NULL,'0000-00-00 00:00:00','\0','',0),(8,NULL,'Salads','Salads',NULL,'0000-00-00 00:00:00','\0','',0),(9,NULL,'Appetizer','Appetizer',NULL,'0000-00-00 00:00:00','\0','',0),(10,NULL,'Sandwich','Sandwich',NULL,'0000-00-00 00:00:00','\0','',0),(11,NULL,'Favourites','Favourites',NULL,'0000-00-00 00:00:00','\0','',0),(12,NULL,'Seafood Lover','Seafood Lover',NULL,'0000-00-00 00:00:00','\0','',0),(13,NULL,'Filipino Food','Filipino Food',NULL,'0000-00-00 00:00:00','\0','',0),(14,NULL,'Pasta','Pasta',NULL,'0000-00-00 00:00:00','\0','',0),(15,NULL,'Pizza','Pizza',NULL,'0000-00-00 00:00:00','\0','',0),(16,NULL,'VIP Appetizer','VIP Appetizer',NULL,'0000-00-00 00:00:00','\0','',0),(17,NULL,'VIP Main','VIP Main',NULL,'0000-00-00 00:00:00','\0','',0),(18,NULL,'Grill','Grill',NULL,'0000-00-00 00:00:00','\0','',0),(19,NULL,'Cognac','Cognac',NULL,'0000-00-00 00:00:00','\0','',0),(20,NULL,'Cognac (Shot)','Cognac (Shot)',NULL,'0000-00-00 00:00:00','\0','',0),(21,NULL,'Cognac (Bottle)','Cognac (Bottle)',NULL,'0000-00-00 00:00:00','\0','',0),(22,NULL,'Whiskey (Bottle)','Whiskey (Bottle)',NULL,'0000-00-00 00:00:00','\0','',0),(23,NULL,'Vodka (Bottle)','Vodka (Bottle)',NULL,'0000-00-00 00:00:00','\0','',0),(24,NULL,'Tequila (Bottle)','Tequila (Bottle)',NULL,'0000-00-00 00:00:00','\0','',0),(25,NULL,'Rum (Bottle)','Rum (Bottle)',NULL,'0000-00-00 00:00:00','\0','',0),(26,NULL,'liqueurs (Bottle)','liqueurs (Bottle)',NULL,'0000-00-00 00:00:00','\0','',0),(27,NULL,'Local Beer (Bottle)','Local Beer (Bottle)',NULL,'0000-00-00 00:00:00','\0','',0),(28,NULL,'Imported Beer (Bottle)','Imported Beer (Bottle)',NULL,'0000-00-00 00:00:00','\0','',0),(29,NULL,'Wine (Bottle)','Wine (Bottle)',NULL,'0000-00-00 00:00:00','\0','',0),(30,NULL,'Soda (Can)','Soda (Can)',NULL,'0000-00-00 00:00:00','\0','',0),(31,NULL,'Juice (Can) ','Juice (Can) ',NULL,'0000-00-00 00:00:00','\0','',0),(32,NULL,'Fresh Juices (Per Order)','Fresh Juices (Per Order)',NULL,'0000-00-00 00:00:00','\0','',0),(33,NULL,'Fruit Shake (Per Order)','Fruit Shake (Per Order)',NULL,'0000-00-00 00:00:00','\0','',0),(34,NULL,'Milk Shake (Per Ml)','Milk Shake (Per Ml)',NULL,'0000-00-00 00:00:00','\0','',0),(35,NULL,'Whiskey (Shot)','Whiskey (Shot)',NULL,'0000-00-00 00:00:00','\0','',0),(36,NULL,'Vodka (Shot)','Vodka (Shot)',NULL,'0000-00-00 00:00:00','\0','',0),(37,NULL,'Tequila (Shot)','Tequila (Shot)',NULL,'0000-00-00 00:00:00','\0','',0),(38,NULL,'Rum (Shot)','Rum (Shot)',NULL,'0000-00-00 00:00:00','\0','',0),(39,NULL,'Gin (Shot)','Gin (Shot)',NULL,'0000-00-00 00:00:00','\0','',0),(40,NULL,'Mocktails (Glass)','Mocktails (Glass)',NULL,'0000-00-00 00:00:00','\0','',0),(41,NULL,'Hot Shots (Shot)','Hot Shots (Shot)',NULL,'0000-00-00 00:00:00','\0','',0),(42,NULL,'Specialty Coffee and Tea','Specialty Coffee and Tea',NULL,'0000-00-00 00:00:00','\0','',0),(43,NULL,'Detox Drinks (Glass)','Detox Drinks (Glass)',NULL,'0000-00-00 00:00:00','\0','',0),(44,NULL,'Cocktail Drinks (Glass)','Cocktail Drinks (Glass)',NULL,'0000-00-00 00:00:00','\0','',0),(45,NULL,'liqueurs (Shot)','liqueurs (Shot)',NULL,'0000-00-00 00:00:00','\0','',0),(46,NULL,'VIP Dessert','VIP Dessert',NULL,'0000-00-00 00:00:00','\0','',0),(47,NULL,'House Wine','House Wine',NULL,'0000-00-00 00:00:00','\0','',0),(48,NULL,'House Wine (Bottle)','House Wine (Bottle)',NULL,'0000-00-00 00:00:00','\0','',0),(49,NULL,'Water','Water',NULL,'0000-00-00 00:00:00','\0','',0),(50,NULL,'Gin (Bottle)','Gin (Bottle)',NULL,'0000-00-00 00:00:00','\0','',0),(51,NULL,'Champagne','Champagne',NULL,'0000-00-00 00:00:00','\0','',0),(52,NULL,'Coffee and Tea','Coffee and Tea',NULL,'0000-00-00 00:00:00','\0','',0),(53,NULL,'Side Dishes','Side Dishes',NULL,'0000-00-00 00:00:00','\0','',0),(54,NULL,'Dessert','Dessert',NULL,'0000-00-00 00:00:00','\0','',0),(55,NULL,'Pool Game','Pool Game',NULL,'0000-00-00 00:00:00','\0','',0),(56,NULL,'Orchid\'s','School & Office Supplies\r\n',NULL,'0000-00-00 00:00:00','\0','',0),(57,NULL,'Brandy','Local Brandy',NULL,'0000-00-00 00:00:00','\0','',0),(58,NULL,'softdrinks bottle','local soda bottle',NULL,'0000-00-00 00:00:00','\0','',0),(59,NULL,'softdrinks (can)','coke sprite royal zero',NULL,'0000-00-00 00:00:00','\0','',0),(60,NULL,'energy drink','gatorade',NULL,'0000-00-00 00:00:00','\0','',0),(61,NULL,'Heineken Keg','Keg',NULL,'0000-00-00 00:00:00','\0','',0),(62,NULL,'Mineral water supply','Water galon use for Envy drinks',NULL,'0000-00-00 00:00:00','\0','',0),(63,NULL,'Mix drinks','use for cocktails and mocktails',NULL,'0000-00-00 00:00:00','\0','',0),(64,NULL,'Juice galon','',NULL,'0000-00-00 00:00:00','\0','',0),(65,NULL,'Juice in pack','',NULL,'0000-00-00 00:00:00','\0','',0),(66,NULL,'Ice cream product','',NULL,'0000-00-00 00:00:00','\0','',0),(67,NULL,'Mix Liquor','',NULL,'0000-00-00 00:00:00','\0','',0),(68,NULL,'Chillier Goods','',NULL,'0000-00-00 00:00:00','\0','',0),(69,NULL,'Use for coffee powder','',NULL,'0000-00-00 00:00:00','\0','',0),(70,NULL,'Gas supplier','',NULL,'0000-00-00 00:00:00','\0','',0),(71,NULL,'packaging','use for packaging food items',NULL,'0000-00-00 00:00:00','\0','',0),(72,NULL,'Ice supplier cube','Use for drinks',NULL,'0000-00-00 00:00:00','\0','',0),(73,NULL,'Furniture and Fixture','',NULL,'0000-00-00 00:00:00','\0','',0);
/*!40000 ALTER TABLE `categories` ENABLE KEYS */;
UNLOCK TABLES;

--
-- Table structure for table `chat`
--

DROP TABLE IF EXISTS `chat`;
/*!40101 SET @saved_cs_client     = @@character_set_client */;
/*!40101 SET character_set_client = utf8 */;
CREATE TABLE `chat` (
  `chat_id` bigint(20) NOT NULL AUTO_INCREMENT,
  `chat_code` varchar(150) DEFAULT '0',
  `message` varchar(160) DEFAULT NULL,
  `from_user_id` int(11) DEFAULT NULL,
  `date_created` datetime DEFAULT NULL,
  `date_deleted` datetime DEFAULT NULL,
  `is_deleted` tinyint(4) DEFAULT '0',
  PRIMARY KEY (`chat_id`) USING BTREE
) ENGINE=InnoDB DEFAULT CHARSET=latin1;
/*!40101 SET character_set_client = @saved_cs_client */;

--
-- Dumping data for table `chat`
--

LOCK TABLES `chat` WRITE;
/*!40000 ALTER TABLE `chat` DISABLE KEYS */;
/*!40000 ALTER TABLE `chat` ENABLE KEYS */;
UNLOCK TABLES;

--
-- Table structure for table `check_layout`
--

DROP TABLE IF EXISTS `check_layout`;
/*!40101 SET @saved_cs_client     = @@character_set_client */;
/*!40101 SET character_set_client = utf8 */;
CREATE TABLE `check_layout` (
  `check_layout_id` int(11) NOT NULL AUTO_INCREMENT,
  `check_layout` varchar(755) DEFAULT '',
  `description` varchar(1000) DEFAULT '',
  `particular_pos_left` decimal(20,0) DEFAULT '0',
  `particular_pos_top` decimal(20,0) DEFAULT '0',
  `particular_font_family` varchar(555) DEFAULT 'Tahoma',
  `particular_font_size` varchar(20) DEFAULT '12pt',
  `particular_is_italic` varchar(55) DEFAULT 'normal',
  `particular_is_bold` varchar(55) DEFAULT 'bold',
  `words_pos_left` decimal(20,4) DEFAULT '0.0000',
  `words_pos_top` decimal(20,4) DEFAULT '0.0000',
  `words_font_family` varchar(555) DEFAULT 'Tahoma',
  `words_font_size` varchar(20) DEFAULT '12pt',
  `words_is_italic` varchar(55) DEFAULT 'normal',
  `words_is_bold` varchar(55) DEFAULT 'bold',
  `amount_pos_left` decimal(20,4) DEFAULT '0.0000',
  `amount_pos_top` decimal(20,4) DEFAULT '0.0000',
  `amount_font_family` varchar(555) DEFAULT '',
  `amount_font_size` varchar(20) DEFAULT '12pt',
  `amount_is_italic` varchar(55) DEFAULT 'normal',
  `amount_is_bold` varchar(20) DEFAULT 'bold',
  `date_pos_left` decimal(20,4) DEFAULT '0.0000',
  `date_pos_top` decimal(20,4) DEFAULT '0.0000',
  `date_font_family` varchar(555) DEFAULT '',
  `date_font_size` varchar(20) DEFAULT '12pt',
  `date_is_italic` varchar(55) DEFAULT 'normal',
  `date_is_bold` varchar(55) DEFAULT 'bold',
  `is_portrait` bit(1) DEFAULT b'1',
  `posted_by_user` bigint(20) DEFAULT '0',
  `date_posted` datetime DEFAULT '0000-00-00 00:00:00',
  `modified_by_user` bigint(20) DEFAULT '0',
  `date_modified` datetime DEFAULT '0000-00-00 00:00:00',
  `deleted_by_user` bigint(20) DEFAULT '0',
  `date_deleted` datetime DEFAULT '0000-00-00 00:00:00',
  `is_active` bit(1) DEFAULT b'1',
  `is_deleted` bit(1) DEFAULT b'0',
  PRIMARY KEY (`check_layout_id`) USING BTREE
) ENGINE=InnoDB AUTO_INCREMENT=2 DEFAULT CHARSET=latin1;
/*!40101 SET character_set_client = @saved_cs_client */;

--
-- Dumping data for table `check_layout`
--

LOCK TABLES `check_layout` WRITE;
/*!40000 ALTER TABLE `check_layout` DISABLE KEYS */;
INSERT INTO `check_layout` VALUES (1,'Security Bank','',46,834,'Tahoma','16px','normal','bold',27.7539,863.7270,'Tahoma','16px','normal','bold',527.6250,828.6370,'Segoe UI, Source Sans Pro, Calibri, Candara, Arial, sans-serif','16px','normal','bold',528.7110,797.6520,'Segoe UI, Source Sans Pro, Calibri, Candara, Arial, sans-serif','16px','normal','bold','',1,'2017-09-13 11:47:30',0,'2017-10-19 14:50:38',0,'0000-00-00 00:00:00','','\0');
/*!40000 ALTER TABLE `check_layout` ENABLE KEYS */;
UNLOCK TABLES;

--
-- Table structure for table `commercial_invoice`
--

DROP TABLE IF EXISTS `commercial_invoice`;
/*!40101 SET @saved_cs_client     = @@character_set_client */;
/*!40101 SET character_set_client = utf8 */;
CREATE TABLE `commercial_invoice` (
  `commercial_invoice_id` bigint(20) NOT NULL AUTO_INCREMENT,
  `commercial_inv_no` varchar(75) DEFAULT '',
  `bill_customer` varchar(175) DEFAULT NULL,
  `bill_address` varchar(255) DEFAULT NULL,
  `bill_email` varchar(75) DEFAULT NULL,
  `ship_customer` varchar(175) DEFAULT NULL,
  `ship_address` varchar(225) DEFAULT NULL,
  `ship_contact` varchar(75) DEFAULT NULL,
  `ship_number` varchar(75) DEFAULT NULL,
  `ship_city` varchar(75) DEFAULT NULL,
  `ship_zipcode` varchar(75) DEFAULT NULL,
  `sales_order_id` bigint(20) DEFAULT '0',
  `sales_order_no` varchar(75) DEFAULT '',
  `order_status_id` int(11) DEFAULT '1' COMMENT '1 is open 2 is closed 3 is partially, used in delivery_receipt',
  `department_id` int(11) DEFAULT '0',
  `issue_to_department` int(11) DEFAULT '0',
  `customer_id` int(11) DEFAULT '0',
  `journal_id` bigint(20) DEFAULT '0',
  `terms` int(11) DEFAULT '0',
  `remarks` varchar(755) DEFAULT '',
  `total_discount` decimal(20,4) DEFAULT '0.0000',
  `total_overall_discount` decimal(20,4) DEFAULT '0.0000',
  `total_overall_discount_amount` decimal(20,4) DEFAULT '0.0000',
  `total_after_discount` decimal(20,4) DEFAULT '0.0000',
  `total_before_tax` decimal(20,4) DEFAULT '0.0000',
  `total_tax_amount` decimal(20,4) DEFAULT '0.0000',
  `total_after_tax` decimal(20,4) DEFAULT '0.0000',
  `date_due` date DEFAULT '0000-00-00',
  `date_invoice` date DEFAULT '0000-00-00',
  `date_created` datetime DEFAULT '0000-00-00 00:00:00',
  `date_deleted` datetime DEFAULT '0000-00-00 00:00:00',
  `date_modified` timestamp NULL DEFAULT '0000-00-00 00:00:00' ON UPDATE CURRENT_TIMESTAMP,
  `posted_by_user` int(11) DEFAULT '0',
  `deleted_by_user` int(11) DEFAULT '0',
  `modified_by_user` int(11) DEFAULT '0',
  `is_paid` bit(1) DEFAULT b'0',
  `is_active` bit(1) DEFAULT b'1',
  `is_deleted` bit(1) DEFAULT b'0',
  `is_journal_posted` bit(1) DEFAULT b'0',
  `ref_product_type_id` int(11) DEFAULT '0',
  `inv_type` int(11) DEFAULT '1',
  `salesperson_id` int(11) DEFAULT '0',
  `address` varchar(150) DEFAULT '',
  `contact_person` varchar(175) DEFAULT NULL,
  PRIMARY KEY (`commercial_invoice_id`) USING BTREE,
  UNIQUE KEY `commercial_inv_no` (`commercial_inv_no`) USING BTREE
) ENGINE=InnoDB DEFAULT CHARSET=latin1;
/*!40101 SET character_set_client = @saved_cs_client */;

--
-- Dumping data for table `commercial_invoice`
--

LOCK TABLES `commercial_invoice` WRITE;
/*!40000 ALTER TABLE `commercial_invoice` DISABLE KEYS */;
/*!40000 ALTER TABLE `commercial_invoice` ENABLE KEYS */;
UNLOCK TABLES;

--
-- Table structure for table `commercial_invoice_items`
--

DROP TABLE IF EXISTS `commercial_invoice_items`;
/*!40101 SET @saved_cs_client     = @@character_set_client */;
/*!40101 SET character_set_client = utf8 */;
CREATE TABLE `commercial_invoice_items` (
  `commercial_item_id` bigint(20) NOT NULL AUTO_INCREMENT,
  `commercial_invoice_id` bigint(20) DEFAULT '0',
  `product_id` int(11) DEFAULT '0',
  `unit_id` int(11) DEFAULT '0',
  `inv_price` decimal(20,4) DEFAULT '0.0000',
  `orig_so_price` decimal(20,4) DEFAULT '0.0000',
  `inv_discount` decimal(20,4) DEFAULT '0.0000',
  `inv_line_total_discount` decimal(20,4) DEFAULT '0.0000',
  `inv_tax_rate` decimal(20,4) DEFAULT '0.0000',
  `cost_upon_invoice` decimal(20,4) DEFAULT '0.0000',
  `inv_qty` decimal(20,0) DEFAULT '0',
  `inv_gross` decimal(20,4) DEFAULT '0.0000',
  `inv_line_total_price` decimal(20,4) DEFAULT '0.0000',
  `inv_tax_amount` decimal(20,4) DEFAULT '0.0000',
  `inv_non_tax_amount` decimal(20,4) DEFAULT '0.0000',
  `inv_line_total_after_global` decimal(20,4) DEFAULT '0.0000',
  `inv_notes` varchar(100) DEFAULT NULL,
  `dr_invoice_id` int(11) DEFAULT NULL,
  `exp_date` date DEFAULT '0000-00-00',
  `batch_no` varchar(55) DEFAULT '',
  PRIMARY KEY (`commercial_item_id`) USING BTREE
) ENGINE=InnoDB DEFAULT CHARSET=latin1;
/*!40101 SET character_set_client = @saved_cs_client */;

--
-- Dumping data for table `commercial_invoice_items`
--

LOCK TABLES `commercial_invoice_items` WRITE;
/*!40000 ALTER TABLE `commercial_invoice_items` DISABLE KEYS */;
/*!40000 ALTER TABLE `commercial_invoice_items` ENABLE KEYS */;
UNLOCK TABLES;

--
-- Table structure for table `company_info`
--

DROP TABLE IF EXISTS `company_info`;
/*!40101 SET @saved_cs_client     = @@character_set_client */;
/*!40101 SET character_set_client = utf8 */;
CREATE TABLE `company_info` (
  `company_id` int(11) NOT NULL AUTO_INCREMENT,
  `company_name` varchar(555) DEFAULT '',
  `company_address` varchar(755) DEFAULT '',
  `email_address` varchar(155) DEFAULT '',
  `mobile_no` varchar(125) DEFAULT '',
  `landline` varchar(125) DEFAULT '',
  `tin_no` varchar(55) DEFAULT NULL,
  `tax_type_id` int(11) DEFAULT '0',
  `registered_to` varchar(555) DEFAULT '',
  `logo_path` varchar(555) DEFAULT '',
  `rdo_no` varchar(55) DEFAULT NULL,
  `nature_of_business` varchar(155) DEFAULT NULL,
  `business_type` int(11) DEFAULT NULL,
  PRIMARY KEY (`company_id`) USING BTREE
) ENGINE=InnoDB AUTO_INCREMENT=2 DEFAULT CHARSET=latin1;
/*!40101 SET character_set_client = @saved_cs_client */;

--
-- Dumping data for table `company_info`
--

LOCK TABLES `company_info` WRITE;
/*!40000 ALTER TABLE `company_info` DISABLE KEYS */;
INSERT INTO `company_info` VALUES (1,'Envy Bistro Sport Suites Inc','ABC Complex Corner of Fields Ave. & Raymond St. Angeles City','exampleemail@gmail.com','0997-XXX-XXXX','(045) XXX-XXXX','',2,'','assets/img/company/5b45589cabcb9.jpg','','ICT',3);
/*!40000 ALTER TABLE `company_info` ENABLE KEYS */;
UNLOCK TABLES;

--
-- Table structure for table `customer_photos`
--

DROP TABLE IF EXISTS `customer_photos`;
/*!40101 SET @saved_cs_client     = @@character_set_client */;
/*!40101 SET character_set_client = utf8 */;
CREATE TABLE `customer_photos` (
  `photo_id` int(11) NOT NULL AUTO_INCREMENT,
  `customer_id` int(11) DEFAULT '0',
  `photo_path` varchar(255) DEFAULT NULL,
  PRIMARY KEY (`photo_id`) USING BTREE
) ENGINE=InnoDB AUTO_INCREMENT=37 DEFAULT CHARSET=latin1;
/*!40101 SET character_set_client = @saved_cs_client */;

--
-- Dumping data for table `customer_photos`
--

LOCK TABLES `customer_photos` WRITE;
/*!40000 ALTER TABLE `customer_photos` DISABLE KEYS */;
INSERT INTO `customer_photos` VALUES (1,1,'assets/img/anonymous-icon.png'),(3,3,'assets/img/anonymous-icon.png'),(5,5,'assets/img/anonymous-icon.png'),(6,4,'assets/img/anonymous-icon.png'),(7,6,'assets/img/anonymous-icon.png'),(8,7,'assets/img/anonymous-icon.png'),(9,8,'assets/img/anonymous-icon.png'),(10,9,'assets/img/anonymous-icon.png'),(11,10,'assets/img/anonymous-icon.png'),(12,11,'assets/img/anonymous-icon.png'),(13,12,'assets/img/anonymous-icon.png'),(14,13,'assets/img/anonymous-icon.png'),(15,14,'assets/img/anonymous-icon.png'),(17,16,'assets/img/anonymous-icon.png'),(18,17,'assets/img/anonymous-icon.png'),(19,18,'assets/img/anonymous-icon.png'),(20,19,'assets/img/anonymous-icon.png'),(21,20,'assets/img/anonymous-icon.png'),(22,21,'assets/img/anonymous-icon.png'),(23,2,'assets/img/anonymous-icon.png'),(24,15,'assets/img/anonymous-icon.png'),(25,28,'assets/img/anonymous-icon.png'),(26,29,'assets/img/anonymous-icon.png'),(27,30,'assets/img/customer/5a30bd7b49101.jpg'),(28,32,'assets/img/anonymous-icon.png'),(29,1,'assets/img/anonymous-icon.png'),(30,2,'assets/img/anonymous-icon.png'),(31,3,'assets/img/anonymous-icon.png'),(32,1,'assets/img/anonymous-icon.png'),(33,2,'assets/img/anonymous-icon.png'),(34,2,'assets/img/anonymous-icon.png'),(35,3,'assets/img/anonymous-icon.png'),(36,4,'assets/img/anonymous-icon.png');
/*!40000 ALTER TABLE `customer_photos` ENABLE KEYS */;
UNLOCK TABLES;

--
-- Table structure for table `customers`
--

DROP TABLE IF EXISTS `customers`;
/*!40101 SET @saved_cs_client     = @@character_set_client */;
/*!40101 SET character_set_client = utf8 */;
CREATE TABLE `customers` (
  `customer_id` bigint(20) NOT NULL AUTO_INCREMENT,
  `pos_customer_id` bigint(20) DEFAULT NULL,
  `customer_code` varchar(255) DEFAULT '',
  `customer_name` varchar(255) DEFAULT '',
  `contact_name` varchar(255) DEFAULT '',
  `address` varchar(255) DEFAULT '',
  `email_address` varchar(255) DEFAULT '',
  `contact_no` varchar(100) DEFAULT '',
  `term` varchar(100) DEFAULT '',
  `department_id` bigint(20) DEFAULT '0',
  `link_department_id` int(11) DEFAULT '0',
  `refcustomertype_id` bigint(20) DEFAULT '0',
  `tin_no` varchar(100) DEFAULT '',
  `photo_path` varchar(500) DEFAULT '',
  `total_receivable_amount` decimal(19,2) DEFAULT '0.00',
  `date_created` datetime DEFAULT '0000-00-00 00:00:00',
  `date_modified` datetime DEFAULT '0000-00-00 00:00:00',
  `date_deleted` datetime DEFAULT '0000-00-00 00:00:00',
  `posted_by_user` int(11) DEFAULT '0',
  `credit_limit` decimal(20,4) DEFAULT '0.0000',
  `modified_by_user` int(11) DEFAULT '0',
  `deleted_by_user` int(11) DEFAULT '0',
  `is_paid` bit(1) DEFAULT b'0',
  `is_deleted` bit(1) DEFAULT b'0',
  `is_active` bit(1) DEFAULT b'1',
  PRIMARY KEY (`customer_id`) USING BTREE
) ENGINE=InnoDB AUTO_INCREMENT=5 DEFAULT CHARSET=latin1;
/*!40101 SET character_set_client = @saved_cs_client */;

--
-- Dumping data for table `customers`
--

LOCK TABLES `customers` WRITE;
/*!40000 ALTER TABLE `customers` DISABLE KEYS */;
INSERT INTO `customers` VALUES (1,NULL,'','Various Customers','Various Customers','Various Customers','','',NULL,NULL,0,NULL,'','assets/img/anonymous-icon.png',604.90,'2018-01-08 08:51:24','0000-00-00 00:00:00','0000-00-00 00:00:00',1,NULL,0,0,'\0','\0',''),(2,NULL,'','N/A','N/A','N/A','N/A',NULL,NULL,NULL,0,NULL,NULL,'assets/img/anonymous-icon.png',27.60,'2018-02-07 15:38:29','0000-00-00 00:00:00','0000-00-00 00:00:00',3,NULL,0,0,'\0','\0',''),(3,NULL,'','qw','qw','qw','qw',NULL,NULL,NULL,0,NULL,NULL,'assets/img/anonymous-icon.png',0.00,'2018-10-30 10:18:35','0000-00-00 00:00:00','0000-00-00 00:00:00',1,NULL,0,0,'\0','\0',''),(4,NULL,'','deleted','deleted','deleted','deleted','deleted',NULL,NULL,0,NULL,'deleted','assets/img/anonymous-icon.png',0.00,'2018-11-15 11:34:57','0000-00-00 00:00:00','2018-11-15 11:35:01',1,NULL,0,1,'\0','','');
/*!40000 ALTER TABLE `customers` ENABLE KEYS */;
UNLOCK TABLES;

--
-- Table structure for table `delivery_invoice`
--

DROP TABLE IF EXISTS `delivery_invoice`;
/*!40101 SET @saved_cs_client     = @@character_set_client */;
/*!40101 SET character_set_client = utf8 */;
CREATE TABLE `delivery_invoice` (
  `dr_invoice_id` bigint(20) NOT NULL AUTO_INCREMENT,
  `dr_invoice_no` varchar(75) DEFAULT '',
  `purchase_order_id` int(11) DEFAULT '0',
  `external_ref_no` varchar(75) DEFAULT '',
  `contact_person` varchar(155) DEFAULT '',
  `terms` varchar(55) DEFAULT '',
  `duration` varchar(75) DEFAULT '',
  `supplier_id` int(11) DEFAULT '0',
  `department_id` bigint(20) DEFAULT '0',
  `tax_type_id` int(11) DEFAULT '0',
  `journal_id` bigint(20) DEFAULT '0',
  `remarks` varchar(555) DEFAULT '',
  `total_discount` decimal(20,4) DEFAULT '0.0000',
  `total_before_tax` decimal(20,4) DEFAULT '0.0000',
  `total_tax_amount` decimal(20,4) DEFAULT '0.0000',
  `total_after_tax` decimal(20,4) DEFAULT '0.0000',
  `total_overall_discount` decimal(20,4) DEFAULT '0.0000',
  `total_overall_discount_amount` decimal(20,4) NOT NULL,
  `total_after_discount` decimal(20,4) DEFAULT '0.0000',
  `is_active` bit(1) DEFAULT b'1',
  `is_deleted` bit(1) DEFAULT b'0',
  `is_paid` bit(1) DEFAULT b'0',
  `is_journal_posted` bit(1) DEFAULT b'0',
  `date_due` date DEFAULT '0000-00-00',
  `date_delivered` date DEFAULT '0000-00-00',
  `date_created` datetime DEFAULT '0000-00-00 00:00:00',
  `date_modified` timestamp NULL DEFAULT '0000-00-00 00:00:00' ON UPDATE CURRENT_TIMESTAMP,
  `date_deleted` datetime DEFAULT '0000-00-00 00:00:00',
  `posted_by_user` int(11) DEFAULT '0',
  `modified_by_user` int(11) DEFAULT '0',
  `deleted_by_user` int(11) DEFAULT '0',
  `batch_no` varchar(50) DEFAULT NULL,
  `doc_type_id` bigint(20) DEFAULT '0',
  PRIMARY KEY (`dr_invoice_id`) USING BTREE,
  UNIQUE KEY `dr_invoice_no` (`dr_invoice_no`) USING BTREE
) ENGINE=InnoDB AUTO_INCREMENT=20 DEFAULT CHARSET=latin1;
/*!40101 SET character_set_client = @saved_cs_client */;

--
-- Dumping data for table `delivery_invoice`
--

LOCK TABLES `delivery_invoice` WRITE;
/*!40000 ALTER TABLE `delivery_invoice` DISABLE KEYS */;
INSERT INTO `delivery_invoice` VALUES (1,'P-INV-20180502-1',1,'','','','',1,2,NULL,0,'',43.7300,390.4000,46.8500,393.5300,10.0000,39.3500,354.1800,'','\0','\0','\0','2018-05-02','2018-05-02','2018-05-02 17:05:28','2018-05-02 09:05:28','0000-00-00 00:00:00',1,0,0,NULL,0),(2,'P-INV-20180503-2',0,'','','','',1,1,NULL,28,'',0.0000,1040.1800,124.8200,1165.0000,0.0000,0.0000,1165.0000,'','\0','\0','','2018-05-03','2018-05-03','2018-05-03 09:29:49','2018-08-30 03:06:53','0000-00-00 00:00:00',1,1,0,NULL,0),(3,'P-INV-20180607-3',0,'','Dakis','','',2,1,NULL,6,'',1303.1150,27527.8569,3303.3428,29528.0847,1.2351,364.7014,29163.3833,'','\0','\0','','2018-06-07','2018-06-07','2018-06-07 09:34:12','2018-07-11 01:41:13','0000-00-00 00:00:00',1,1,0,NULL,0),(4,'P-INV-20180711-4',0,'',' Fine Cut ',' ','',3,1,2,5,'',0.0000,362.1429,42.8571,405.0000,0.0000,0.0000,405.0000,'','\0','\0','','2018-07-11','2018-07-11','2018-07-11 09:23:45','2018-07-11 01:40:52','0000-00-00 00:00:00',9,0,0,NULL,0),(5,'P-INV-20180711-5',0,'','Fine Cut ',' ','',3,2,2,2,'ok ',0.0000,35714.2857,4285.7143,40000.0000,0.0000,0.0000,40000.0000,'','\0','\0','','2018-07-11','2018-07-11','2018-07-11 09:25:44','2018-07-11 01:30:18','0000-00-00 00:00:00',9,0,0,NULL,0),(6,'P-INV-20180711-6',0,'','Dyndos Store','','',18,2,2,4,'ok',0.0000,11241.0714,1348.9286,12590.0000,0.0000,0.0000,12590.0000,'','\0','\0','','2018-07-11','2018-07-11','2018-07-11 09:26:18','2018-07-11 01:34:37','0000-00-00 00:00:00',9,0,0,NULL,0),(7,'P-INV-20180711-7',0,'','Dyndos Store','','',12,3,2,3,'ok',0.0000,4051.0714,400.9286,4452.0000,0.0000,0.0000,4452.0000,'','\0','\0','','2018-07-11','2018-07-11','2018-07-11 09:27:49','2018-07-11 01:34:21','0000-00-00 00:00:00',3,0,0,NULL,0),(8,'P-INV-20180711-8',0,'','Dyndos Store','','',18,1,2,7,'ok',0.0000,28931.6964,3471.8036,32403.5000,0.0000,0.0000,32403.5000,'','\0','\0','','2018-07-11','2018-07-11','2018-07-11 09:41:23','2018-07-11 01:41:40','0000-00-00 00:00:00',9,0,0,NULL,0),(9,'P-INV-20180711-9',0,'',' Fine Cut ','','',3,1,2,18,'ok',0.0000,46.8750,5.6250,52.5000,0.0000,0.0000,52.5000,'','\0','\0','','2018-07-11','2018-07-11','2018-07-11 11:14:27','2018-07-11 03:17:26','0000-00-00 00:00:00',3,0,0,NULL,0),(10,'P-INV-20180718-10',0,'','','','',1,2,1,22,'',0.0000,1390.1785,124.8215,1515.0000,0.0000,0.0000,1515.0000,'','\0','\0','','2018-07-18','2018-07-18','2018-07-18 09:31:14','2018-07-18 01:31:33','0000-00-00 00:00:00',1,0,0,NULL,0),(11,'P-INV-20180802-11',0,'','Dakis','','',2,1,1,24,'',13381.5000,119477.6700,14337.3300,120433.5000,10.0000,12043.3500,108390.1500,'','\0','\0','','2018-08-02','2018-08-02','2018-08-02 09:17:00','2018-08-23 06:24:55','0000-00-00 00:00:00',1,1,0,NULL,0),(12,'P-INV-20180830-12',0,'',' Home Base ','','',5,3,2,27,'',0.0000,147.3200,17.6800,165.0000,0.0000,0.0000,165.0000,'','\0','\0','','2018-08-30','2018-08-30','2018-08-30 10:52:38','2018-08-30 03:06:49','0000-00-00 00:00:00',1,0,0,NULL,4),(13,'P-INV-20180830-13',0,'',' Hjr Marketing ','','',4,2,NULL,26,'',0.0000,147.3200,17.6800,165.0000,0.0000,0.0000,165.0000,'','\0','\0','','2018-08-30','2018-08-30','2018-08-30 10:57:59','2018-08-30 03:06:45','0000-00-00 00:00:00',1,1,0,NULL,3),(14,'P-INV-20180830-14',0,'12','Dakis','12','',2,3,NULL,25,'',0.0000,1816.8800,218.0300,2034.9000,0.0000,0.0000,2034.9000,'','\0','\0','','2018-08-30','2018-08-30','2018-08-30 10:58:47','2018-08-30 03:04:52','0000-00-00 00:00:00',1,1,0,NULL,4),(15,'P-INV-20180830-15',0,'','Dakis','','',2,2,1,0,'',0.0000,928.5700,111.4300,1040.0000,0.0000,0.0000,1040.0000,'','\0','\0','\0','2018-08-30','2018-08-30','2018-08-30 11:36:11','2018-08-30 03:51:02','0000-00-00 00:00:00',1,1,0,NULL,2),(16,'P-INV-20180926-16',0,'',' Fine Cut ','','',3,1,2,47,'',0.0000,2678571.4300,321428.5700,3000000.0000,0.0000,0.0000,3000000.0000,'','\0','\0','','2018-09-26','2018-09-26','2018-09-26 13:53:00','2018-12-10 02:39:23','0000-00-00 00:00:00',1,0,0,NULL,1),(17,'P-INV-20181024-17',8,'','12','12','',1,1,1,0,'',35.9000,259.6300,31.1600,290.7900,10.0000,32.3100,290.7900,'','\0','\0','\0','2018-10-24','2018-10-24','2018-10-24 10:26:36','2018-10-25 01:20:27','0000-00-00 00:00:00',1,1,0,NULL,1),(18,'P-INV-20181025-18',3,'12','1','1','',3,2,1,0,'',8447.7500,587596.3500,70511.5500,658107.9000,1.2500,8330.4800,658107.9000,'','','\0','\0','2018-10-25','2018-10-25','2018-10-25 09:32:13','2018-10-25 01:56:08','2018-10-25 09:56:08',1,1,1,NULL,1),(19,'P-INV-20181025-19',3,'','1','1','',3,2,NULL,0,'',8447.7500,587596.3500,70511.5500,658107.9000,1.2500,8330.4800,658107.9000,'','\0','\0','\0','2018-10-25','2018-10-25','2018-10-25 09:56:19','2018-10-25 01:56:25','0000-00-00 00:00:00',1,1,0,NULL,1);
/*!40000 ALTER TABLE `delivery_invoice` ENABLE KEYS */;
UNLOCK TABLES;

--
-- Table structure for table `delivery_invoice_items`
--

DROP TABLE IF EXISTS `delivery_invoice_items`;
/*!40101 SET @saved_cs_client     = @@character_set_client */;
/*!40101 SET character_set_client = utf8 */;
CREATE TABLE `delivery_invoice_items` (
  `dr_invoice_item_id` bigint(20) NOT NULL AUTO_INCREMENT,
  `dr_invoice_id` bigint(20) DEFAULT '0',
  `product_id` int(11) DEFAULT '0',
  `is_parent` tinyint(1) DEFAULT '1',
  `unit_id` int(11) DEFAULT '0',
  `dr_qty` decimal(20,4) DEFAULT '0.0000',
  `dr_discount` decimal(20,4) DEFAULT '0.0000',
  `dr_price` decimal(20,4) DEFAULT '0.0000',
  `dr_line_total_discount` decimal(20,4) DEFAULT '0.0000',
  `dr_line_total_price` decimal(20,4) DEFAULT '0.0000',
  `dr_tax_rate` decimal(20,4) DEFAULT '0.0000',
  `dr_tax_amount` decimal(20,4) DEFAULT '0.0000',
  `dr_non_tax_amount` decimal(20,4) DEFAULT '0.0000',
  `dr_line_total_after_global` decimal(20,4) DEFAULT '0.0000',
  `exp_date` date DEFAULT '0000-00-00',
  `batch_no` varchar(55) DEFAULT '',
  PRIMARY KEY (`dr_invoice_item_id`) USING BTREE
) ENGINE=InnoDB AUTO_INCREMENT=79 DEFAULT CHARSET=latin1;
/*!40101 SET character_set_client = @saved_cs_client */;

--
-- Dumping data for table `delivery_invoice_items`
--

LOCK TABLES `delivery_invoice_items` WRITE;
/*!40000 ALTER TABLE `delivery_invoice_items` DISABLE KEYS */;
INSERT INTO `delivery_invoice_items` VALUES (1,1,72,1,3,2.6500,10.0000,165.0000,43.7300,393.5300,12.0000,46.8500,390.4000,354.1800,'1970-01-01',NULL),(3,2,269,1,3,1.0000,0.0000,1000.0000,0.0000,1000.0000,12.0000,107.1400,892.8600,1000.0000,'1970-01-01',NULL),(4,2,72,1,3,1.0000,0.0000,165.0000,0.0000,165.0000,12.0000,17.6800,147.3200,165.0000,'1970-01-01',NULL),(14,3,72,1,3,1.1302,1.1321,321.2131,4.1099,358.9251,12.0000,38.8966,324.1384,354.4920,'1970-01-01',NULL),(15,3,370,1,3,12.5131,3.1321,2131.5153,835.3895,25836.4746,12.0000,2857.6997,23814.1644,25517.3683,'1970-01-01',NULL),(16,3,426,1,1,12.1205,12.2123,313.2132,463.6156,3332.6850,12.0000,406.7465,3389.5541,3291.5230,'1970-01-01',NULL),(17,4,11,1,9,1.0000,0.0000,400.0000,0.0000,400.0000,12.0000,42.8571,357.1429,400.0000,'1970-01-01',NULL),(18,4,492,1,1,1.0000,0.0000,5.0000,0.0000,5.0000,0.0000,0.0000,5.0000,5.0000,'1970-01-01',NULL),(19,5,11,1,9,100.0000,0.0000,400.0000,0.0000,40000.0000,12.0000,4285.7143,35714.2857,40000.0000,'1970-01-01',NULL),(20,6,269,1,3,10.0000,0.0000,1000.0000,0.0000,10000.0000,12.0000,1071.4286,8928.5714,10000.0000,'1970-01-01',NULL),(21,6,72,1,3,10.0000,0.0000,165.0000,0.0000,1650.0000,12.0000,176.7857,1473.2143,1650.0000,'1970-01-01',NULL),(22,6,426,1,1,10.0000,0.0000,94.0000,0.0000,940.0000,12.0000,100.7143,839.2857,940.0000,'1970-01-01',NULL),(23,7,114,1,1,1.0000,0.0000,131.5000,0.0000,131.5000,12.0000,14.0893,117.4107,131.5000,'1970-01-01',NULL),(24,7,504,1,1,1.0000,0.0000,235.0000,0.0000,235.0000,12.0000,25.1786,209.8214,235.0000,'1970-01-01',NULL),(25,7,368,1,3,1.0000,0.0000,550.0000,0.0000,550.0000,12.0000,58.9286,491.0714,550.0000,'1970-01-01',NULL),(26,7,154,1,3,1.0000,0.0000,171.0000,0.0000,171.0000,12.0000,18.3214,152.6786,171.0000,'1970-01-01',NULL),(27,7,151,1,3,1.0000,0.0000,171.0000,0.0000,171.0000,12.0000,18.3214,152.6786,171.0000,'1970-01-01',NULL),(28,7,7,1,9,1.0000,0.0000,710.0000,0.0000,710.0000,0.0000,0.0000,710.0000,710.0000,'1970-01-01',NULL),(29,7,457,1,12,1.0000,0.0000,21.5000,0.0000,21.5000,12.0000,2.3036,19.1964,21.5000,'1970-01-01',NULL),(30,7,438,1,2,1.0000,0.0000,52.5000,0.0000,52.5000,12.0000,5.6250,46.8750,52.5000,'1970-01-01',NULL),(31,7,502,1,12,1.0000,0.0000,2040.0000,0.0000,2040.0000,12.0000,218.5714,1821.4286,2040.0000,'1970-01-01',NULL),(32,7,440,1,12,1.0000,0.0000,369.5000,0.0000,369.5000,12.0000,39.5893,329.9107,369.5000,'1970-01-01',NULL),(33,8,72,1,3,10.0000,0.0000,165.0000,0.0000,1650.0000,12.0000,176.7857,1473.2143,1650.0000,'1970-01-01',NULL),(34,8,370,1,3,15.0000,0.0000,2034.9000,0.0000,30523.5000,12.0000,3270.3750,27253.1250,30523.5000,'1970-01-01',NULL),(35,8,427,1,4,1.0000,0.0000,230.0000,0.0000,230.0000,12.0000,24.6429,205.3571,230.0000,'1970-01-01',NULL),(36,9,438,1,2,1.0000,0.0000,52.5000,0.0000,52.5000,12.0000,5.6250,46.8750,52.5000,'1970-01-01',NULL),(37,10,269,1,3,1.0000,0.0000,1000.0000,0.0000,1000.0000,12.0000,107.1429,892.8571,1000.0000,'1970-01-01',NULL),(38,10,72,1,3,1.0000,0.0000,165.0000,0.0000,165.0000,12.0000,17.6786,147.3214,165.0000,'1970-01-01',NULL),(39,10,513,1,1,1.0000,0.0000,350.0000,0.0000,350.0000,0.0000,0.0000,350.0000,350.0000,'1970-01-01',NULL),(42,11,72,1,3,11.0000,10.0000,1165.0000,1281.5000,11533.5000,12.0000,1373.0400,11441.9600,10380.1500,'1970-01-01',NULL),(43,11,269,1,3,11.0000,10.0000,11000.0000,12100.0000,108900.0000,12.0000,12964.2900,108035.7100,98010.0000,'1970-01-01',NULL),(44,12,72,1,3,1.0000,0.0000,165.0000,0.0000,165.0000,12.0000,17.6800,147.3200,165.0000,'1970-01-01',NULL),(46,13,72,1,3,1.0000,0.0000,165.0000,0.0000,165.0000,12.0000,17.6800,147.3200,165.0000,'1970-01-01',NULL),(49,14,370,1,3,1.0000,0.0000,2034.9000,0.0000,2034.9000,12.0000,218.0300,1816.8800,2034.9000,'1970-01-01',NULL),(51,15,246,1,3,1.0000,0.0000,1040.0000,0.0000,1040.0000,12.0000,111.4300,928.5700,1040.0000,'1970-01-01',NULL),(52,16,269,1,3,2.0000,0.0000,1500000.0000,0.0000,3000000.0000,12.0000,321428.5700,2678571.4300,3000000.0000,'1970-01-01',NULL),(55,17,72,1,3,1.0000,10.0000,165.0000,16.5000,148.5000,12.0000,14.3200,119.3300,133.6500,'1970-01-01',NULL),(56,17,426,1,1,1.0000,10.0000,194.0000,19.4000,174.6000,12.0000,16.8400,140.3000,157.1400,'1970-01-01',NULL),(64,18,1,1,6,1.3300,1.6500,620.0200,13.6100,811.0200,12.0000,85.8100,715.0700,800.8800,'1970-01-01',NULL),(65,18,72,1,3,16.5300,1.2600,165.2400,34.4200,2697.0000,12.0000,285.3500,2377.9400,2663.2900,'1970-01-01',NULL),(66,18,370,1,3,15.2500,1.3500,531.2200,109.3600,7991.7400,12.0000,845.5500,7046.2900,7891.8400,'1970-01-01',NULL),(67,18,426,1,1,1.2500,1.2500,97.3300,1.5200,120.1400,12.0000,12.7100,105.9300,118.6400,'1970-01-01',NULL),(68,18,427,1,4,12.2500,1.2500,54131.2100,8288.8400,654818.4800,12.0000,69282.1300,577351.1200,646633.2500,'1970-01-01',NULL),(74,19,1,1,6,1.3300,1.6500,620.0200,13.6100,811.0200,12.0000,85.8100,715.0700,800.8800,'1970-01-01',NULL),(75,19,72,1,3,16.5300,1.2600,165.2400,34.4200,2697.0000,12.0000,285.3500,2377.9400,2663.2900,'1970-01-01',NULL),(76,19,370,1,3,15.2500,1.3500,531.2200,109.3600,7991.7400,12.0000,845.5500,7046.2900,7891.8400,'1970-01-01',NULL),(77,19,426,1,1,1.2500,1.2500,97.3300,1.5200,120.1400,12.0000,12.7100,105.9300,118.6400,'1970-01-01',NULL),(78,19,427,1,4,12.2500,1.2500,54131.2100,8288.8400,654818.4800,12.0000,69282.1300,577351.1200,646633.2500,'1970-01-01',NULL);
/*!40000 ALTER TABLE `delivery_invoice_items` ENABLE KEYS */;
UNLOCK TABLES;

--
-- Table structure for table `delivery_receipt`
--

DROP TABLE IF EXISTS `delivery_receipt`;
/*!40101 SET @saved_cs_client     = @@character_set_client */;
/*!40101 SET character_set_client = utf8 */;
CREATE TABLE `delivery_receipt` (
  `delivery_receipt_id` bigint(20) NOT NULL AUTO_INCREMENT,
  `delivery_inv_no` varchar(75) DEFAULT '',
  `sales_invoice_id` bigint(20) DEFAULT '0',
  `sales_inv_no` varchar(75) DEFAULT '',
  `order_status_id` int(11) DEFAULT '1' COMMENT '1 is for open 2 is for closed and 3 is for partial',
  `department_id` int(11) DEFAULT '0',
  `contact_person` varchar(175) NOT NULL,
  `issue_to_department` int(11) DEFAULT '0',
  `customer_id` int(11) DEFAULT '0',
  `journal_id` bigint(20) DEFAULT '0',
  `terms` int(11) DEFAULT '0',
  `remarks` varchar(755) DEFAULT '',
  `total_discount` decimal(20,4) DEFAULT '0.0000',
  `total_overall_discount` decimal(20,2) NOT NULL,
  `total_overall_discount_amount` decimal(20,4) NOT NULL,
  `total_after_discount` decimal(20,4) NOT NULL,
  `total_before_tax` decimal(20,4) DEFAULT '0.0000',
  `total_tax_amount` decimal(20,4) DEFAULT '0.0000',
  `total_after_tax` decimal(20,4) DEFAULT '0.0000',
  `date_due` date DEFAULT '0000-00-00',
  `date_invoice` date DEFAULT '0000-00-00',
  `date_created` datetime DEFAULT '0000-00-00 00:00:00',
  `date_deleted` datetime DEFAULT '0000-00-00 00:00:00',
  `date_modified` timestamp NULL DEFAULT '0000-00-00 00:00:00' ON UPDATE CURRENT_TIMESTAMP,
  `posted_by_user` int(11) DEFAULT '0',
  `deleted_by_user` int(11) DEFAULT '0',
  `modified_by_user` int(11) DEFAULT '0',
  `is_paid` bit(1) DEFAULT b'0',
  `is_active` bit(1) DEFAULT b'1',
  `is_deleted` bit(1) DEFAULT b'0',
  `is_journal_posted` bit(1) DEFAULT b'0',
  `ref_product_type_id` int(11) DEFAULT '0',
  `inv_type` int(11) DEFAULT '1',
  `salesperson_id` int(11) DEFAULT '0',
  `address` varchar(150) DEFAULT '',
  PRIMARY KEY (`delivery_receipt_id`) USING BTREE,
  UNIQUE KEY `sales_inv_no` (`delivery_inv_no`) USING BTREE
) ENGINE=InnoDB DEFAULT CHARSET=latin1;
/*!40101 SET character_set_client = @saved_cs_client */;

--
-- Dumping data for table `delivery_receipt`
--

LOCK TABLES `delivery_receipt` WRITE;
/*!40000 ALTER TABLE `delivery_receipt` DISABLE KEYS */;
/*!40000 ALTER TABLE `delivery_receipt` ENABLE KEYS */;
UNLOCK TABLES;

--
-- Table structure for table `delivery_receipt_items`
--

DROP TABLE IF EXISTS `delivery_receipt_items`;
/*!40101 SET @saved_cs_client     = @@character_set_client */;
/*!40101 SET character_set_client = utf8 */;
CREATE TABLE `delivery_receipt_items` (
  `delivery_receipt_item_id` bigint(20) NOT NULL AUTO_INCREMENT,
  `delivery_receipt_id` bigint(20) DEFAULT '0',
  `product_id` int(11) DEFAULT '0',
  `unit_id` int(11) DEFAULT '0',
  `inv_price` decimal(20,4) DEFAULT '0.0000',
  `orig_so_price` decimal(20,4) DEFAULT '0.0000',
  `inv_discount` decimal(20,4) DEFAULT '0.0000',
  `inv_line_total_discount` decimal(20,4) DEFAULT '0.0000',
  `inv_tax_rate` decimal(20,4) DEFAULT '0.0000',
  `cost_upon_invoice` decimal(20,4) DEFAULT '0.0000',
  `inv_qty` decimal(20,0) DEFAULT '0',
  `inv_gross` decimal(20,4) NOT NULL,
  `inv_line_total_price` decimal(20,4) DEFAULT '0.0000',
  `inv_tax_amount` decimal(20,4) DEFAULT '0.0000',
  `inv_non_tax_amount` decimal(20,4) DEFAULT '0.0000',
  `inv_line_total_after_global` decimal(20,4) NOT NULL,
  `inv_notes` varchar(100) DEFAULT NULL,
  `sales_invoice_id` int(11) DEFAULT NULL,
  `exp_date` date DEFAULT '0000-00-00',
  `batch_no` varchar(55) DEFAULT '',
  PRIMARY KEY (`delivery_receipt_item_id`) USING BTREE
) ENGINE=InnoDB DEFAULT CHARSET=latin1;
/*!40101 SET character_set_client = @saved_cs_client */;

--
-- Dumping data for table `delivery_receipt_items`
--

LOCK TABLES `delivery_receipt_items` WRITE;
/*!40000 ALTER TABLE `delivery_receipt_items` DISABLE KEYS */;
/*!40000 ALTER TABLE `delivery_receipt_items` ENABLE KEYS */;
UNLOCK TABLES;

--
-- Table structure for table `departments`
--

DROP TABLE IF EXISTS `departments`;
/*!40101 SET @saved_cs_client     = @@character_set_client */;
/*!40101 SET character_set_client = utf8 */;
CREATE TABLE `departments` (
  `department_id` bigint(20) NOT NULL AUTO_INCREMENT,
  `department_code` varchar(20) DEFAULT '',
  `department_name` varchar(255) DEFAULT '',
  `department_desc` varchar(255) DEFAULT '',
  `delivery_address` varchar(755) DEFAULT '',
  `default_cost` tinyint(4) DEFAULT '1' COMMENT '1=Purchase Cost 1, 2=Purchase Cost 2',
  `date_created` datetime DEFAULT '0000-00-00 00:00:00',
  `date_modified` timestamp NULL DEFAULT '0000-00-00 00:00:00',
  `is_deleted` bit(1) DEFAULT b'0',
  `is_active` bit(1) DEFAULT b'1',
  PRIMARY KEY (`department_id`) USING BTREE
) ENGINE=InnoDB AUTO_INCREMENT=6 DEFAULT CHARSET=latin1;
/*!40101 SET character_set_client = @saved_cs_client */;

--
-- Dumping data for table `departments`
--

LOCK TABLES `departments` WRITE;
/*!40000 ALTER TABLE `departments` DISABLE KEYS */;
INSERT INTO `departments` VALUES (1,'','Admin','','',1,'2017-12-27 15:04:39','0000-00-00 00:00:00','\0',''),(2,'','Kitchen','',NULL,NULL,'0000-00-00 00:00:00','0000-00-00 00:00:00','\0',''),(3,'','Bar','',NULL,NULL,'0000-00-00 00:00:00','0000-00-00 00:00:00','\0',''),(4,'','Accounting','Accounting',NULL,NULL,'0000-00-00 00:00:00','0000-00-00 00:00:00','\0',''),(5,'','Human Resources','Human Resources Department',NULL,NULL,'0000-00-00 00:00:00','0000-00-00 00:00:00','\0','');
/*!40000 ALTER TABLE `departments` ENABLE KEYS */;
UNLOCK TABLES;

--
-- Table structure for table `depreciation_expense`
--

DROP TABLE IF EXISTS `depreciation_expense`;
/*!40101 SET @saved_cs_client     = @@character_set_client */;
/*!40101 SET character_set_client = utf8 */;
CREATE TABLE `depreciation_expense` (
  `de_id` bigint(20) NOT NULL AUTO_INCREMENT,
  `de_date` date NOT NULL,
  `de_expense_total` decimal(20,4) NOT NULL,
  `de_remarks` text NOT NULL,
  `de_ref_no` varchar(75) NOT NULL,
  `date_posted` date NOT NULL,
  `is_active` bit(1) NOT NULL DEFAULT b'1',
  `is_deleted` bit(1) NOT NULL DEFAULT b'0',
  `is_journal_posted` bit(1) NOT NULL DEFAULT b'0',
  PRIMARY KEY (`de_id`)
) ENGINE=InnoDB AUTO_INCREMENT=3 DEFAULT CHARSET=latin1;
/*!40101 SET character_set_client = @saved_cs_client */;

--
-- Dumping data for table `depreciation_expense`
--

LOCK TABLES `depreciation_expense` WRITE;
/*!40000 ALTER TABLE `depreciation_expense` DISABLE KEYS */;
INSERT INTO `depreciation_expense` VALUES (1,'2018-07-01',99.9800,'Posted to GL','TXN-20180711-20','2018-07-11','','\0',''),(2,'2018-07-01',99.9800,'Posted to GL','TXN-20180711-21','2018-07-11','','\0','');
/*!40000 ALTER TABLE `depreciation_expense` ENABLE KEYS */;
UNLOCK TABLES;

--
-- Table structure for table `discounts`
--

DROP TABLE IF EXISTS `discounts`;
/*!40101 SET @saved_cs_client     = @@character_set_client */;
/*!40101 SET character_set_client = utf8 */;
CREATE TABLE `discounts` (
  `discount_id` bigint(100) NOT NULL AUTO_INCREMENT,
  `discount_code` bigint(100) DEFAULT NULL,
  `discount_type` varchar(200) DEFAULT NULL,
  `discount_desc` varchar(200) DEFAULT NULL,
  `discount_percent` bigint(100) DEFAULT NULL,
  `discount_amount` bigint(100) DEFAULT NULL,
  `is_deleted` bit(1) DEFAULT b'0',
  `is_active` bit(1) DEFAULT b'1',
  PRIMARY KEY (`discount_id`) USING BTREE
) ENGINE=InnoDB DEFAULT CHARSET=latin1;
/*!40101 SET character_set_client = @saved_cs_client */;

--
-- Dumping data for table `discounts`
--

LOCK TABLES `discounts` WRITE;
/*!40000 ALTER TABLE `discounts` DISABLE KEYS */;
/*!40000 ALTER TABLE `discounts` ENABLE KEYS */;
UNLOCK TABLES;

--
-- Table structure for table `doc_types`
--

DROP TABLE IF EXISTS `doc_types`;
/*!40101 SET @saved_cs_client     = @@character_set_client */;
/*!40101 SET character_set_client = utf8 */;
CREATE TABLE `doc_types` (
  `doc_type_id` bigint(20) NOT NULL AUTO_INCREMENT,
  `doc_type_name` varchar(245) DEFAULT '',
  `doc_type_description` varchar(245) DEFAULT '',
  `is_active` bit(1) DEFAULT b'1',
  `is_deleted` bit(1) DEFAULT b'0',
  PRIMARY KEY (`doc_type_id`)
) ENGINE=InnoDB AUTO_INCREMENT=3 DEFAULT CHARSET=utf8;
/*!40101 SET character_set_client = @saved_cs_client */;

--
-- Dumping data for table `doc_types`
--

LOCK TABLES `doc_types` WRITE;
/*!40000 ALTER TABLE `doc_types` DISABLE KEYS */;
INSERT INTO `doc_types` VALUES (1,'Delivery Receipt','','','\0'),(2,'Acknowledgement Receipt','AR','','\0');
/*!40000 ALTER TABLE `doc_types` ENABLE KEYS */;
UNLOCK TABLES;

--
-- Table structure for table `email_settings`
--

DROP TABLE IF EXISTS `email_settings`;
/*!40101 SET @saved_cs_client     = @@character_set_client */;
/*!40101 SET character_set_client = utf8 */;
CREATE TABLE `email_settings` (
  `email_id` int(11) NOT NULL AUTO_INCREMENT,
  `email_address` varchar(50) NOT NULL,
  `password` varchar(25) NOT NULL,
  `email_from` varchar(150) NOT NULL,
  `name_from` varchar(50) NOT NULL,
  `default_message` varchar(500) NOT NULL,
  `email_to` varchar(175) DEFAULT NULL,
  PRIMARY KEY (`email_id`)
) ENGINE=InnoDB AUTO_INCREMENT=3 DEFAULT CHARSET=latin1;
/*!40101 SET character_set_client = @saved_cs_client */;

--
-- Dumping data for table `email_settings`
--

LOCK TABLES `email_settings` WRITE;
/*!40000 ALTER TABLE `email_settings` DISABLE KEYS */;
INSERT INTO `email_settings` VALUES (1,'exampleemail@gmail.com','example','','Envy Bistro Sports Suites Inc.','Default Message for Invoices',NULL),(2,'exampleemail@gmail.com','example','','ENVY BISTRO  SPORTS SUITES INC','This is a system generation report sent to you from the Accounting System of Envy Bistro Bar And Hotel.','exampleemailto@gmail.com');
/*!40000 ALTER TABLE `email_settings` ENABLE KEYS */;
UNLOCK TABLES;

--
-- Table structure for table `fixed_assets`
--

DROP TABLE IF EXISTS `fixed_assets`;
/*!40101 SET @saved_cs_client     = @@character_set_client */;
/*!40101 SET character_set_client = utf8 */;
CREATE TABLE `fixed_assets` (
  `fixed_asset_id` bigint(20) NOT NULL AUTO_INCREMENT,
  `asset_code` varchar(55) DEFAULT '',
  `asset_description` varchar(555) DEFAULT '',
  `serial_no` varchar(155) DEFAULT '',
  `location_id` int(11) DEFAULT '0',
  `department_id` int(11) DEFAULT '0',
  `category_id` int(11) DEFAULT '0',
  `acquisition_cost` decimal(20,4) DEFAULT '0.0000',
  `salvage_value` decimal(20,4) DEFAULT '0.0000',
  `life_years` int(11) DEFAULT '0',
  `asset_status_id` int(11) DEFAULT '0',
  `date_acquired` date DEFAULT '0000-00-00',
  `remarks` varchar(1000) DEFAULT NULL,
  `date_posted` datetime DEFAULT '0000-00-00 00:00:00',
  `posted_by_user` int(11) DEFAULT '0',
  `date_modified` datetime DEFAULT '0000-00-00 00:00:00',
  `modified_by_user` int(11) DEFAULT '0',
  `date_deleted` datetime DEFAULT '0000-00-00 00:00:00',
  `deleted_by_user` int(11) DEFAULT '0',
  `is_deleted` tinyint(1) DEFAULT '0',
  `is_active` tinyint(1) DEFAULT '1',
  PRIMARY KEY (`fixed_asset_id`) USING BTREE
) ENGINE=InnoDB AUTO_INCREMENT=5 DEFAULT CHARSET=latin1;
/*!40101 SET character_set_client = @saved_cs_client */;

--
-- Dumping data for table `fixed_assets`
--

LOCK TABLES `fixed_assets` WRITE;
/*!40000 ALTER TABLE `fixed_assets` DISABLE KEYS */;
INSERT INTO `fixed_assets` VALUES (1,'1','1','1',1,2,1,1000.0000,0.0000,1,1,'2017-09-27','','2017-09-27 13:36:01',1,'2017-09-27 13:43:12',1,'2017-09-27 14:02:43',1,1,1),(2,'','','',NULL,NULL,NULL,0.0000,0.0000,0,NULL,'2018-01-10','','2018-01-10 11:02:51',1,'0000-00-00 00:00:00',0,'2018-01-15 13:40:15',1,1,1),(3,'T113','Ergonomic Table','113',4,1,73,6000.0000,1.0000,5,1,'2017-10-01','','2018-07-11 11:21:29',9,'0000-00-00 00:00:00',0,'0000-00-00 00:00:00',0,0,1),(4,'p111','Airconditioner','23455643645',1,1,73,25000.0000,100.0000,5,3,'2018-01-01','Lost ','2018-10-05 11:50:17',1,'2018-10-05 11:51:42',1,'0000-00-00 00:00:00',0,0,1);
/*!40000 ALTER TABLE `fixed_assets` ENABLE KEYS */;
UNLOCK TABLES;

--
-- Table structure for table `generics`
--

DROP TABLE IF EXISTS `generics`;
/*!40101 SET @saved_cs_client     = @@character_set_client */;
/*!40101 SET character_set_client = utf8 */;
CREATE TABLE `generics` (
  `generic_id` bigint(20) NOT NULL AUTO_INCREMENT,
  `generic_name` varchar(255) DEFAULT NULL,
  `is_deleted` bit(1) DEFAULT b'0',
  `is_active` bit(1) DEFAULT b'1',
  PRIMARY KEY (`generic_id`) USING BTREE
) ENGINE=InnoDB DEFAULT CHARSET=latin1;
/*!40101 SET character_set_client = @saved_cs_client */;

--
-- Dumping data for table `generics`
--

LOCK TABLES `generics` WRITE;
/*!40000 ALTER TABLE `generics` DISABLE KEYS */;
/*!40000 ALTER TABLE `generics` ENABLE KEYS */;
UNLOCK TABLES;

--
-- Table structure for table `giftcards`
--

DROP TABLE IF EXISTS `giftcards`;
/*!40101 SET @saved_cs_client     = @@character_set_client */;
/*!40101 SET character_set_client = utf8 */;
CREATE TABLE `giftcards` (
  `giftcard_id` bigint(20) NOT NULL AUTO_INCREMENT,
  `giftcard_name` varchar(255) DEFAULT NULL,
  `is_deleted` bit(1) DEFAULT b'0',
  `is_active` bit(1) DEFAULT b'1',
  PRIMARY KEY (`giftcard_id`) USING BTREE
) ENGINE=InnoDB DEFAULT CHARSET=latin1;
/*!40101 SET character_set_client = @saved_cs_client */;

--
-- Dumping data for table `giftcards`
--

LOCK TABLES `giftcards` WRITE;
/*!40000 ALTER TABLE `giftcards` DISABLE KEYS */;
/*!40000 ALTER TABLE `giftcards` ENABLE KEYS */;
UNLOCK TABLES;

--
-- Table structure for table `hotel_integration`
--

DROP TABLE IF EXISTS `hotel_integration`;
/*!40101 SET @saved_cs_client     = @@character_set_client */;
/*!40101 SET character_set_client = utf8 */;
CREATE TABLE `hotel_integration` (
  `hotel_integration_id` int(11) NOT NULL AUTO_INCREMENT,
  `income_rs` bigint(20) DEFAULT NULL COMMENT 'Income - Room Sales',
  `income_bs` bigint(20) DEFAULT NULL COMMENT 'Income - Bar Sales',
  `income_os` bigint(20) DEFAULT NULL COMMENT 'Income - Other Sales',
  `liability_apd` bigint(20) DEFAULT NULL COMMENT 'Liability - Advance Payment Deposit',
  `liability_sd` bigint(20) DEFAULT NULL COMMENT 'Liability -  Security Deposit',
  `liability_ud` bigint(20) DEFAULT NULL COMMENT 'Liability -  Utility Deposit',
  `asset_cash` bigint(20) DEFAULT NULL,
  `asset_check` bigint(20) DEFAULT NULL,
  `asset_card` bigint(20) DEFAULT NULL,
  `asset_charge` bigint(20) DEFAULT NULL,
  `withhold_tax` bigint(20) DEFAULT NULL,
  `department_id` bigint(20) DEFAULT NULL,
  PRIMARY KEY (`hotel_integration_id`)
) ENGINE=InnoDB AUTO_INCREMENT=2 DEFAULT CHARSET=latin1;
/*!40101 SET character_set_client = @saved_cs_client */;

--
-- Dumping data for table `hotel_integration`
--

LOCK TABLES `hotel_integration` WRITE;
/*!40000 ALTER TABLE `hotel_integration` DISABLE KEYS */;
INSERT INTO `hotel_integration` VALUES (1,62,61,63,NULL,NULL,NULL,8,59,60,9,3,1);
/*!40000 ALTER TABLE `hotel_integration` ENABLE KEYS */;
UNLOCK TABLES;

--
-- Table structure for table `hotel_integration_items`
--

DROP TABLE IF EXISTS `hotel_integration_items`;
/*!40101 SET @saved_cs_client     = @@character_set_client */;
/*!40101 SET character_set_client = utf8 */;
CREATE TABLE `hotel_integration_items` (
  `hotel_integration_items_id` bigint(20) NOT NULL AUTO_INCREMENT,
  `item_type` varchar(50) DEFAULT NULL,
  `guest_id` bigint(20) DEFAULT '0',
  `guest_name` varchar(175) DEFAULT NULL,
  `sales_date` datetime NOT NULL,
  `cash_amount` decimal(20,5) DEFAULT '0.00000',
  `check_amount` decimal(20,5) DEFAULT '0.00000',
  `card_amount` decimal(20,5) DEFAULT '0.00000',
  `charge_amount` decimal(20,5) DEFAULT '0.00000',
  `advance_amount` decimal(20,5) DEFAULT '0.00000',
  `security_amount` decimal(20,5) DEFAULT '0.00000',
  `room_sales` decimal(20,5) DEFAULT '0.00000',
  `bar_sales` decimal(20,5) DEFAULT '0.00000',
  `other_sales` decimal(20,5) DEFAULT '0.00000',
  `ref_no` varchar(175) DEFAULT NULL,
  `ar_guest_id` bigint(20) DEFAULT NULL,
  `ar_guest_name` varchar(255) DEFAULT NULL,
  `is_posted` bit(1) DEFAULT b'0',
  `posted_by` bigint(20) DEFAULT '0',
  `posted_date` datetime DEFAULT NULL,
  PRIMARY KEY (`hotel_integration_items_id`)
) ENGINE=InnoDB DEFAULT CHARSET=latin1;
/*!40101 SET character_set_client = @saved_cs_client */;

--
-- Dumping data for table `hotel_integration_items`
--

LOCK TABLES `hotel_integration_items` WRITE;
/*!40000 ALTER TABLE `hotel_integration_items` DISABLE KEYS */;
/*!40000 ALTER TABLE `hotel_integration_items` ENABLE KEYS */;
UNLOCK TABLES;

--
-- Table structure for table `invoice_counter`
--

DROP TABLE IF EXISTS `invoice_counter`;
/*!40101 SET @saved_cs_client     = @@character_set_client */;
/*!40101 SET character_set_client = utf8 */;
CREATE TABLE `invoice_counter` (
  `counter_id` int(11) NOT NULL AUTO_INCREMENT,
  `user_id` int(11) DEFAULT NULL,
  `counter_start` bigint(20) DEFAULT '0',
  `counter_end` bigint(20) DEFAULT '0',
  `last_invoice` bigint(20) DEFAULT '0',
  PRIMARY KEY (`counter_id`) USING BTREE,
  UNIQUE KEY `user_id` (`user_id`) USING BTREE
) ENGINE=InnoDB DEFAULT CHARSET=latin1;
/*!40101 SET character_set_client = @saved_cs_client */;

--
-- Dumping data for table `invoice_counter`
--

LOCK TABLES `invoice_counter` WRITE;
/*!40000 ALTER TABLE `invoice_counter` DISABLE KEYS */;
/*!40000 ALTER TABLE `invoice_counter` ENABLE KEYS */;
UNLOCK TABLES;

--
-- Table structure for table `issuance_info`
--

DROP TABLE IF EXISTS `issuance_info`;
/*!40101 SET @saved_cs_client     = @@character_set_client */;
/*!40101 SET character_set_client = utf8 */;
CREATE TABLE `issuance_info` (
  `issuance_id` bigint(20) NOT NULL AUTO_INCREMENT,
  `slip_no` varchar(75) DEFAULT '',
  `issued_department_id` int(11) DEFAULT '0',
  `remarks` varchar(755) DEFAULT '',
  `issued_to_person` varchar(155) DEFAULT '',
  `total_discount` decimal(20,4) DEFAULT '0.0000',
  `total_before_tax` decimal(20,4) DEFAULT '0.0000',
  `total_tax_amount` decimal(20,4) DEFAULT '0.0000',
  `total_after_tax` decimal(20,4) DEFAULT '0.0000',
  `date_issued` date DEFAULT '0000-00-00',
  `date_created` datetime DEFAULT '0000-00-00 00:00:00',
  `date_modified` timestamp NULL DEFAULT '0000-00-00 00:00:00' ON UPDATE CURRENT_TIMESTAMP,
  `date_deleted` datetime DEFAULT '0000-00-00 00:00:00',
  `modified_by_user` int(11) DEFAULT '0',
  `posted_by_user` int(11) DEFAULT '0',
  `deleted_by_user` int(11) DEFAULT '0',
  `is_active` bit(1) DEFAULT b'1',
  `is_deleted` bit(1) DEFAULT b'0',
  `customer_id` int(11) DEFAULT NULL,
  `address` varchar(150) DEFAULT NULL,
  `terms` varchar(50) DEFAULT NULL,
  `is_for_pos` bit(1) DEFAULT b'0',
  `is_received` bit(1) DEFAULT b'0',
  `is_journal_posted` tinyint(1) DEFAULT '0',
  `journal_id` bigint(20) DEFAULT '0',
  PRIMARY KEY (`issuance_id`) USING BTREE
) ENGINE=InnoDB AUTO_INCREMENT=2 DEFAULT CHARSET=latin1;
/*!40101 SET character_set_client = @saved_cs_client */;

--
-- Dumping data for table `issuance_info`
--

LOCK TABLES `issuance_info` WRITE;
/*!40000 ALTER TABLE `issuance_info` DISABLE KEYS */;
INSERT INTO `issuance_info` VALUES (1,'SLP-20180607-1',2,'','',0.0000,98.6776,11.8412,110.5188,'2018-06-07','2018-06-07 10:35:30','2018-06-07 02:35:30','0000-00-00 00:00:00',0,1,0,'','\0',NULL,NULL,'1','\0','\0',0,0);
/*!40000 ALTER TABLE `issuance_info` ENABLE KEYS */;
UNLOCK TABLES;

--
-- Table structure for table `issuance_items`
--

DROP TABLE IF EXISTS `issuance_items`;
/*!40101 SET @saved_cs_client     = @@character_set_client */;
/*!40101 SET character_set_client = utf8 */;
CREATE TABLE `issuance_items` (
  `issuance_item_id` bigint(20) NOT NULL AUTO_INCREMENT,
  `issuance_id` int(11) DEFAULT '0',
  `product_id` int(11) DEFAULT '0',
  `is_parent` tinyint(1) DEFAULT '1',
  `unit_id` int(11) DEFAULT '0',
  `issue_qty` decimal(20,4) DEFAULT '0.0000',
  `issue_price` decimal(20,4) DEFAULT '0.0000',
  `issue_discount` decimal(20,4) DEFAULT '0.0000',
  `issue_tax_rate` decimal(20,4) DEFAULT '0.0000',
  `issue_line_total_price` decimal(20,4) DEFAULT '0.0000',
  `issue_line_total_discount` decimal(20,4) DEFAULT '0.0000',
  `issue_tax_amount` decimal(20,4) DEFAULT '0.0000',
  `issue_non_tax_amount` decimal(20,4) DEFAULT '0.0000',
  `dr_invoice_id` bigint(20) DEFAULT '0',
  `exp_date` date DEFAULT '0000-00-00',
  `batch_no` varchar(55) DEFAULT '',
  PRIMARY KEY (`issuance_item_id`) USING BTREE
) ENGINE=InnoDB AUTO_INCREMENT=4 DEFAULT CHARSET=latin1;
/*!40101 SET character_set_client = @saved_cs_client */;

--
-- Dumping data for table `issuance_items`
--

LOCK TABLES `issuance_items` WRITE;
/*!40000 ALTER TABLE `issuance_items` DISABLE KEYS */;
INSERT INTO `issuance_items` VALUES (1,1,427,1,4,1.2535,2.2020,0.0000,12.0000,2.7602,0.0000,0.2957,2.4645,0,'0000-00-00',''),(2,1,370,1,3,1.2563,2.0202,0.0000,12.0000,2.5380,0.0000,0.2719,2.2661,0,'0000-00-00',''),(3,1,72,1,3,5.2531,20.0302,0.0000,12.0000,105.2206,0.0000,11.2736,93.9470,0,'0000-00-00','');
/*!40000 ALTER TABLE `issuance_items` ENABLE KEYS */;
UNLOCK TABLES;

--
-- Table structure for table `item_types`
--

DROP TABLE IF EXISTS `item_types`;
/*!40101 SET @saved_cs_client     = @@character_set_client */;
/*!40101 SET character_set_client = utf8 */;
CREATE TABLE `item_types` (
  `item_type_id` int(11) NOT NULL AUTO_INCREMENT,
  `item_type_code` varchar(20) DEFAULT NULL,
  `item_type` varchar(255) DEFAULT '',
  `description` varchar(1000) DEFAULT '',
  `is_active` bit(1) DEFAULT b'1',
  `is_deleted` bit(1) DEFAULT b'0',
  PRIMARY KEY (`item_type_id`) USING BTREE
) ENGINE=InnoDB AUTO_INCREMENT=4 DEFAULT CHARSET=latin1;
/*!40101 SET character_set_client = @saved_cs_client */;

--
-- Dumping data for table `item_types`
--

LOCK TABLES `item_types` WRITE;
/*!40000 ALTER TABLE `item_types` DISABLE KEYS */;
INSERT INTO `item_types` VALUES (1,'IP','Inventory','','','\0'),(2,'NP','Non-inventory','','','\0'),(3,'CP','Consigned','','','\0');
/*!40000 ALTER TABLE `item_types` ENABLE KEYS */;
UNLOCK TABLES;

--
-- Table structure for table `journal_accounts`
--

DROP TABLE IF EXISTS `journal_accounts`;
/*!40101 SET @saved_cs_client     = @@character_set_client */;
/*!40101 SET character_set_client = utf8 */;
CREATE TABLE `journal_accounts` (
  `journal_account_id` bigint(20) NOT NULL AUTO_INCREMENT,
  `journal_id` bigint(20) DEFAULT '0',
  `account_id` int(11) DEFAULT '0',
  `memo` varchar(700) DEFAULT '',
  `dr_amount` decimal(25,2) DEFAULT '0.00',
  `cr_amount` decimal(25,2) DEFAULT '0.00',
  `department_id` bigint(20) DEFAULT '0',
  PRIMARY KEY (`journal_account_id`) USING BTREE
) ENGINE=InnoDB AUTO_INCREMENT=149 DEFAULT CHARSET=latin1;
/*!40101 SET character_set_client = @saved_cs_client */;

--
-- Dumping data for table `journal_accounts`
--

LOCK TABLES `journal_accounts` WRITE;
/*!40000 ALTER TABLE `journal_accounts` DISABLE KEYS */;
INSERT INTO `journal_accounts` VALUES (1,1,114,'',0.00,2.32,2),(2,1,94,'',0.00,0.28,3),(3,1,1,'',2.60,0.00,4),(4,2,64,'',0.00,40000.00,0),(5,2,24,'',40000.00,0.00,0),(6,3,23,'',491.07,0.00,0),(7,3,24,'',3183.21,0.00,0),(8,3,95,'',355.71,0.00,0),(9,3,64,'',0.00,4030.00,0),(10,4,23,'',9767.86,0.00,0),(11,4,24,'',1473.21,0.00,0),(12,4,95,'',1348.93,0.00,0),(13,4,64,'',0.00,12590.00,0),(14,5,24,'',362.14,0.00,0),(15,5,95,'',42.86,0.00,0),(16,5,64,'',0.00,405.00,0),(17,6,23,'',27203.72,0.00,0),(18,6,24,'',324.14,0.00,0),(19,6,95,'',3303.34,0.00,0),(20,6,64,'',0.00,29163.38,0),(21,6,145,'',0.00,1667.82,0),(22,7,23,'',27458.48,0.00,0),(23,7,24,'',1473.21,0.00,0),(24,7,95,'',3471.80,0.00,0),(25,7,64,'',0.00,32403.50,0),(26,8,64,'',12590.00,0.00,0),(27,8,4,'',0.00,12590.00,0),(28,9,64,'',32403.50,0.00,0),(29,9,4,'',0.00,32403.50,0),(30,10,64,'',32403.50,0.00,0),(31,10,4,'',0.00,32403.50,0),(32,11,5,'',0.00,400000.00,0),(33,11,149,'',100000.00,0.00,0),(34,11,148,'',320000.00,0.00,0),(35,11,85,'',0.00,10000.00,0),(36,11,87,'',0.00,10000.00,0),(37,12,87,'',8000.00,0.00,0),(38,12,5,'',0.00,8000.00,0),(39,13,3,'',0.00,400000.00,0),(40,13,5,'',400000.00,0.00,0),(41,14,3,'',100000.00,0.00,0),(42,14,106,'',0.00,100000.00,0),(43,15,1,'',0.00,8000.00,0),(44,15,143,'',7142.85,0.00,0),(45,15,95,'',857.15,0.00,0),(46,16,1,'',350000.00,0.00,0),(47,16,260,'',50000.00,0.00,0),(48,16,124,'',4000.00,0.00,0),(49,16,111,'',0.00,400000.00,0),(50,16,94,'',0.00,4000.00,0),(51,17,5,'',400000.00,0.00,0),(52,17,1,'',0.00,400000.00,0),(53,18,22,'',46.88,0.00,0),(54,18,95,'',5.63,0.00,0),(55,18,64,'',0.00,52.50,0),(56,19,64,'',52.50,0.00,0),(57,19,4,'',0.00,52.50,0),(58,20,222,'',99.98,0.00,0),(59,20,38,'',0.00,99.98,0),(60,21,222,'',99.98,0.00,0),(61,21,38,'',0.00,99.98,0),(62,22,23,'',892.86,0.00,0),(63,22,24,'',147.32,0.00,0),(64,22,95,'',124.82,0.00,0),(65,22,64,'',0.00,1165.00,0),(66,23,114,'',0.00,223.21,0),(67,23,94,'',0.00,26.79,0),(68,23,9,'',250.00,0.00,0),(69,24,23,'',108035.71,0.00,0),(70,24,24,'',11441.96,0.00,0),(71,24,95,'',14337.33,0.00,0),(72,24,64,'',0.00,108390.15,0),(73,24,145,'',0.00,25424.85,0),(74,25,23,'',1816.88,0.00,0),(75,25,95,'',218.02,0.00,0),(76,25,64,'',0.00,2034.90,0),(77,26,24,'',147.32,0.00,0),(78,26,95,'',17.68,0.00,0),(79,26,64,'',0.00,165.00,0),(80,27,24,'',147.32,0.00,0),(81,27,95,'',17.68,0.00,0),(82,27,64,'',0.00,165.00,0),(83,28,23,'',892.86,0.00,0),(84,28,24,'',147.32,0.00,0),(85,28,95,'',124.82,0.00,0),(86,28,64,'',0.00,1165.00,0),(87,29,22,'',10000.00,0.00,0),(88,29,92,'',0.00,2000.00,0),(89,29,1,'',0.00,8000.00,0),(90,30,143,'',10000.00,0.00,0),(91,30,1,'',0.00,10000.00,0),(92,31,24,'',857.32,0.00,0),(93,31,3,'',0.00,857.32,0),(94,32,1,'',100000.00,0.00,0),(95,32,106,'',0.00,100000.00,0),(96,33,246,'',10000.00,0.00,0),(97,33,1,'',0.00,10000.00,0),(98,34,2,'',12.00,0.00,0),(99,34,2,'',0.00,12.00,0),(100,35,2,'',13.00,0.00,0),(101,35,4,'',0.00,13.00,0),(102,36,2,'',123.00,0.00,0),(103,36,5,'',0.00,123.00,0),(104,37,1,'',112.00,0.00,0),(105,37,111,'',0.00,112.00,0),(106,38,2,'',121.00,0.00,0),(107,38,3,'',0.00,121.00,0),(108,39,30,'',0.00,11111.00,0),(109,39,37,'',11111.00,0.00,0),(110,40,30,'',0.00,11111.00,0),(111,40,37,'',11111.00,0.00,2),(112,41,1,'',12.00,0.00,0),(113,41,111,'',0.00,12.00,0),(114,42,1,'',12.00,0.00,0),(115,42,111,'',0.00,12.00,0),(116,43,1,'',12.00,0.00,0),(117,43,1,'',0.00,12.00,0),(118,44,3,'',12.00,0.00,1),(119,44,2,'',0.00,12.00,1),(120,45,63,'',15000.00,0.00,0),(121,45,5,'',0.00,10000.00,0),(122,45,1,'',0.00,5000.00,0),(123,46,9,'',2225.00,0.00,0),(124,46,123,'',25.00,0.00,0),(125,46,63,'',0.00,1785.71,0),(126,46,114,'',0.00,223.21,0),(127,46,94,'',0.00,241.07,0),(128,47,23,'',2678571.43,0.00,0),(129,47,95,'',321428.57,0.00,0),(130,47,64,'',0.00,3000000.00,0),(131,48,1,'',2000.00,0.00,0),(132,48,9,'',0.00,2000.00,0),(133,49,2,'',123.00,0.00,0),(134,49,6,'',0.00,123.00,0),(135,50,37,'',1.00,0.00,0),(136,50,37,'',0.00,1.00,0),(137,51,64,'',12590.00,0.00,0),(138,51,4,'',0.00,12590.00,0),(139,52,64,'',132403.50,0.00,0),(140,52,4,'',0.00,132403.50,0),(141,53,2,'',15000.00,0.00,0),(142,53,1,'',0.00,15000.00,0),(143,54,64,'',40405.00,0.00,0),(144,54,4,'',0.00,40405.00,0),(147,55,141,'',100.00,0.00,1),(148,55,2,'',0.00,100.00,1);
/*!40000 ALTER TABLE `journal_accounts` ENABLE KEYS */;
UNLOCK TABLES;

--
-- Table structure for table `journal_entry_templates`
--

DROP TABLE IF EXISTS `journal_entry_templates`;
/*!40101 SET @saved_cs_client     = @@character_set_client */;
/*!40101 SET character_set_client = utf8 */;
CREATE TABLE `journal_entry_templates` (
  `entry_template_id` bigint(20) NOT NULL AUTO_INCREMENT,
  `template_id` bigint(20) DEFAULT '0',
  `account_id` bigint(20) DEFAULT '0',
  `memo` varchar(1000) DEFAULT '',
  `dr_amount` decimal(20,4) DEFAULT '0.0000',
  `cr_amount` decimal(20,4) DEFAULT '0.0000',
  `department_id` bigint(20) DEFAULT '0',
  PRIMARY KEY (`entry_template_id`) USING BTREE
) ENGINE=InnoDB AUTO_INCREMENT=23 DEFAULT CHARSET=latin1;
/*!40101 SET character_set_client = @saved_cs_client */;

--
-- Dumping data for table `journal_entry_templates`
--

LOCK TABLES `journal_entry_templates` WRITE;
/*!40000 ALTER TABLE `journal_entry_templates` DISABLE KEYS */;
INSERT INTO `journal_entry_templates` VALUES (1,4,1,'',123.0000,0.0000,0),(2,4,1,'',0.0000,123.0000,0),(15,8,1,'',12.0000,0.0000,0),(16,8,111,'',0.0000,12.0000,0),(17,5,2,'',123.0000,0.0000,0),(18,5,5,'',0.0000,123.0000,0),(19,6,1,'',12.0000,0.0000,0),(20,6,111,'',0.0000,12.0000,0),(21,7,30,'',0.0000,11111.0000,0),(22,7,37,'',11111.0000,0.0000,2);
/*!40000 ALTER TABLE `journal_entry_templates` ENABLE KEYS */;
UNLOCK TABLES;

--
-- Table structure for table `journal_info`
--

DROP TABLE IF EXISTS `journal_info`;
/*!40101 SET @saved_cs_client     = @@character_set_client */;
/*!40101 SET character_set_client = utf8 */;
CREATE TABLE `journal_info` (
  `journal_id` bigint(20) NOT NULL AUTO_INCREMENT,
  `txn_no` varchar(55) DEFAULT '',
  `department_id` int(11) DEFAULT '0',
  `customer_id` int(11) DEFAULT '0',
  `supplier_id` int(11) DEFAULT '0',
  `remarks` varchar(555) DEFAULT '',
  `book_type` varchar(20) DEFAULT '',
  `date_txn` date DEFAULT '0000-00-00',
  `date_created` datetime DEFAULT '0000-00-00 00:00:00',
  `created_by_user` int(11) DEFAULT '0',
  `date_modified` datetime DEFAULT '0000-00-00 00:00:00',
  `modified_by_user` int(11) DEFAULT '0',
  `date_deleted` datetime DEFAULT '0000-00-00 00:00:00',
  `deleted_by_user` int(11) DEFAULT '0',
  `date_cancelled` datetime DEFAULT '0000-00-00 00:00:00',
  `cancelled_by_user` int(11) DEFAULT '0',
  `is_deleted` bit(1) DEFAULT b'0',
  `is_active` bit(1) DEFAULT b'1',
  `payment_method_id` int(11) DEFAULT '0',
  `bank` varchar(10) DEFAULT '',
  `check_no` varchar(20) DEFAULT '',
  `check_date` date DEFAULT '0000-00-00',
  `ref_type` varchar(4) DEFAULT '',
  `ref_no` varchar(25) DEFAULT '',
  `amount` decimal(10,2) DEFAULT '0.00',
  `or_no` varchar(50) DEFAULT '',
  `check_status` tinyint(4) DEFAULT '0',
  `accounting_period_id` bigint(20) DEFAULT '0',
  `is_replenished` tinyint(1) DEFAULT '0',
  `batch_id` int(11) DEFAULT '0',
  `bank_id` int(11) DEFAULT '0',
  `is_reconciled` tinyint(4) DEFAULT '0',
  `is_sales` tinyint(4) DEFAULT '0',
  `pos_integration_id` bigint(20) DEFAULT '0',
  `hotel_integration_id` bigint(20) DEFAULT '0',
  `cancel_reason` varchar(275) DEFAULT '',
  `doc_type_id` bigint(20) DEFAULT '0',
  `doc_type_no` varchar(245) DEFAULT '',
  PRIMARY KEY (`journal_id`) USING BTREE
) ENGINE=InnoDB AUTO_INCREMENT=56 DEFAULT CHARSET=latin1;
/*!40101 SET character_set_client = @saved_cs_client */;

--
-- Dumping data for table `journal_info`
--

LOCK TABLES `journal_info` WRITE;
/*!40000 ALTER TABLE `journal_info` DISABLE KEYS */;
INSERT INTO `journal_info` VALUES (1,'TXN-20180503-1',1,1,0,'','CRJ','2018-05-03','2018-05-03 10:16:42',1,'0000-00-00 00:00:00',0,'0000-00-00 00:00:00',0,'0000-00-00 00:00:00',0,'\0','',1,'','','1970-01-01','','CI-INV-20180503-10',0.00,NULL,0,0,0,0,NULL,0,0,0,0,'',0,''),(2,'TXN-20180711-2',2,0,3,'','PJE','2018-07-11','2018-07-11 09:30:18',9,'0000-00-00 00:00:00',0,'0000-00-00 00:00:00',0,'0000-00-00 00:00:00',0,'\0','',0,'','','0000-00-00','','P-INV-20180711-5',0.00,'',0,0,0,0,0,0,0,0,0,'',0,''),(3,'TXN-20180711-3',3,0,12,'ok','PJE','2018-07-11','2018-07-11 09:34:21',9,'0000-00-00 00:00:00',0,'0000-00-00 00:00:00',0,'0000-00-00 00:00:00',0,'\0','',0,'','','0000-00-00','','P-INV-20180711-7',0.00,'',0,0,0,0,0,0,0,0,0,'',0,''),(4,'TXN-20180711-4',2,0,18,'','PJE','2018-07-11','2018-07-11 09:34:36',9,'0000-00-00 00:00:00',0,'0000-00-00 00:00:00',0,'0000-00-00 00:00:00',0,'\0','',0,'','','0000-00-00','','P-INV-20180711-6',0.00,'',0,0,0,0,0,0,0,0,0,'',0,''),(5,'TXN-20180711-5',1,0,3,'','PJE','2018-07-11','2018-07-11 09:40:51',3,'0000-00-00 00:00:00',0,'0000-00-00 00:00:00',0,'0000-00-00 00:00:00',0,'\0','',0,'','','0000-00-00','','P-INV-20180711-4',0.00,'',0,0,0,0,0,0,0,0,0,'',0,''),(6,'TXN-20180711-6',1,0,2,'','PJE','2018-06-07','2018-07-11 09:41:13',3,'0000-00-00 00:00:00',0,'0000-00-00 00:00:00',0,'0000-00-00 00:00:00',0,'\0','',0,'','','0000-00-00','','P-INV-20180607-3',0.00,'',0,0,0,0,0,0,0,0,0,'',0,''),(7,'TXN-20180711-7',1,0,18,'','PJE','2018-07-11','2018-07-11 09:41:39',3,'0000-00-00 00:00:00',0,'0000-00-00 00:00:00',0,'0000-00-00 00:00:00',0,'\0','',0,'','','0000-00-00','','P-INV-20180711-8',0.00,'',0,0,0,0,0,0,0,0,0,'',0,''),(8,'TXN-20180711-8',5,0,18,'Partial Payment','CDJ','2018-07-11','2018-07-11 09:49:21',9,'0000-00-00 00:00:00',0,'0000-00-00 00:00:00',0,'0000-00-00 00:00:00',0,'\0','',2,'','3423432423','2018-07-11',NULL,NULL,12590.00,'',1,0,0,0,NULL,0,0,0,0,'',0,''),(9,'TXN-20180711-9',3,0,18,'Full Payment','CDJ','2018-07-11','2018-07-11 09:54:37',3,'0000-00-00 00:00:00',0,'0000-00-00 00:00:00',0,'0000-00-00 00:00:00',0,'\0','',2,'','112345','2018-07-11',NULL,NULL,32403.50,'',0,0,0,0,NULL,0,0,0,0,'',0,''),(10,'TXN-20180711-10',3,0,18,'Full Payment','CDJ','2018-07-11','2018-07-11 09:54:40',9,'0000-00-00 00:00:00',0,'0000-00-00 00:00:00',0,'2018-07-11 09:59:37',9,'\0','\0',2,'','112345','2018-07-11',NULL,NULL,32403.50,'',0,0,0,0,NULL,0,0,0,0,'',0,''),(11,'TXN-20180711-11',1,0,42,'Payperiod  June 01-15 2018  Cash OK','CDJ','2018-07-11','2018-07-11 10:07:51',9,'0000-00-00 00:00:00',0,'0000-00-00 00:00:00',0,'0000-00-00 00:00:00',0,'\0','',1,'','','1970-01-01','CV','003',420000.00,'',1,0,0,0,NULL,0,0,0,0,'',0,''),(12,'TXN-20180711-12',1,0,43,'Partial Payment','CDJ','2018-07-11','2018-07-11 10:14:29',9,'0000-00-00 00:00:00',0,'0000-00-00 00:00:00',0,'0000-00-00 00:00:00',0,'\0','',2,'','13151516876','2018-07-11','CV','004',8000.00,'',0,0,0,0,1,1,0,0,0,'',0,''),(13,'TXN-20180711-13',1,0,44,'To transfer amount from Cash on Hand','GJE','2018-07-11','2018-07-11 10:25:48',9,'0000-00-00 00:00:00',0,'0000-00-00 00:00:00',0,'2018-11-06 08:44:50',1,'\0','\0',0,'','','0000-00-00','',NULL,0.00,'',0,0,0,0,0,0,0,0,0,'Gusto ko lang',0,''),(14,'TXN-20180711-14',1,0,45,'Added Capital from Sir Mark Broom','GJE','2018-07-11','2018-07-11 10:33:42',9,'0000-00-00 00:00:00',0,'0000-00-00 00:00:00',0,'2018-11-05 15:13:04',1,'\0','\0',0,'','','0000-00-00','',NULL,0.00,'',0,0,0,0,0,0,0,0,0,'You are ugly',0,''),(15,'TXN-20180711-15',2,0,46,'','CDJ','2018-07-11','2018-07-11 10:43:09',9,'0000-00-00 00:00:00',0,'0000-00-00 00:00:00',0,'0000-00-00 00:00:00',0,'\0','',1,'','','1970-01-01','CV','005',8000.00,'',0,0,0,0,NULL,0,0,0,0,'',0,''),(16,'TXN-20180711-16',1,1,0,'','CRJ','2018-07-11','2018-07-11 10:54:04',9,'0000-00-00 00:00:00',0,'0000-00-00 00:00:00',0,'0000-00-00 00:00:00',0,'\0','',1,'',NULL,'1970-01-01','',NULL,404000.00,'',0,0,0,0,NULL,0,0,0,0,'',0,''),(17,'TXN-20180711-17',1,1,0,'','GJE','2018-07-11','2018-07-11 11:00:43',9,'0000-00-00 00:00:00',0,'0000-00-00 00:00:00',0,'2018-11-05 15:11:53',1,'\0','\0',0,'','','0000-00-00','',NULL,0.00,'',0,0,0,0,0,0,0,0,0,'123',0,''),(18,'TXN-20180711-18',1,0,3,'','PJE','2018-07-11','2018-07-11 11:17:26',3,'0000-00-00 00:00:00',0,'0000-00-00 00:00:00',0,'0000-00-00 00:00:00',0,'\0','',0,'','','0000-00-00','','P-INV-20180711-9',0.00,'',0,0,0,0,0,0,0,0,0,'',0,''),(19,'TXN-20180711-19',5,0,3,'full','CDJ','2018-07-11','2018-07-11 11:18:35',3,'0000-00-00 00:00:00',0,'0000-00-00 00:00:00',0,'0000-00-00 00:00:00',0,'\0','',2,'','1','2018-07-11',NULL,NULL,52.50,'',0,0,0,0,NULL,0,0,0,0,'',0,''),(20,'TXN-20180711-20',1,1,0,'ok','GJE','2018-07-11','2018-07-11 11:23:13',9,'0000-00-00 00:00:00',0,'0000-00-00 00:00:00',0,'2018-11-05 15:10:14',1,'\0','\0',0,'','','0000-00-00','','',0.00,'',0,0,0,0,0,0,0,0,0,'',0,''),(21,'TXN-20180711-21',1,2,0,'','GJE','2018-07-11','2018-07-11 11:24:34',9,'0000-00-00 00:00:00',0,'0000-00-00 00:00:00',0,'2018-11-05 15:09:13',1,'\0','\0',0,'','','0000-00-00','','',0.00,'',0,0,0,0,0,0,0,0,0,'',0,''),(22,'TXN-20180718-22',2,0,1,'','PJE','2018-07-18','2018-07-18 09:31:33',1,'0000-00-00 00:00:00',0,'0000-00-00 00:00:00',0,'0000-00-00 00:00:00',0,'\0','',0,'','','0000-00-00','','P-INV-20180718-10',0.00,'',0,0,0,0,0,0,0,0,0,'',0,''),(23,'TXN-20180718-23',1,1,0,'','SJE','2018-07-18','2018-07-18 09:36:41',1,'0000-00-00 00:00:00',0,'0000-00-00 00:00:00',0,'2018-11-06 09:25:25',1,'\0','\0',0,'','','0000-00-00','','SAL-INV-20180718-6',0.00,'',0,0,0,0,0,0,1,0,0,'I\'m the one yeah',0,''),(24,'TXN-20180823-24',1,0,2,'','PJE','2018-08-02','2018-08-23 14:24:54',1,'0000-00-00 00:00:00',0,'0000-00-00 00:00:00',0,'0000-00-00 00:00:00',0,'\0','',0,'','','0000-00-00','','P-INV-20180802-11',0.00,'',0,0,0,0,0,0,0,0,0,'',0,''),(25,'TXN-20180830-25',3,0,2,'','PJE','2018-08-30','2018-08-30 11:04:51',1,'0000-00-00 00:00:00',0,'0000-00-00 00:00:00',0,'0000-00-00 00:00:00',0,'\0','',0,'','','0000-00-00','','P-INV-20180830-14',0.00,'',0,0,0,0,0,0,0,0,0,'',0,''),(26,'TXN-20180830-26',2,0,4,'','PJE','2018-08-30','2018-08-30 11:06:45',1,'0000-00-00 00:00:00',0,'0000-00-00 00:00:00',0,'0000-00-00 00:00:00',0,'\0','',0,'','','0000-00-00','','P-INV-20180830-13',0.00,'',0,0,0,0,0,0,0,0,0,'',0,''),(27,'TXN-20180830-27',3,0,5,'','PJE','2018-08-30','2018-08-30 11:06:49',1,'0000-00-00 00:00:00',0,'0000-00-00 00:00:00',0,'0000-00-00 00:00:00',1,'\0','\0',0,'','','0000-00-00','','P-INV-20180830-12',0.00,'',0,0,0,0,0,0,0,0,0,'hahahaha',0,''),(28,'TXN-20180830-28',1,0,1,'','PJE','2018-05-03','2018-08-30 11:06:52',1,'0000-00-00 00:00:00',0,'0000-00-00 00:00:00',0,'0000-00-00 00:00:00',1,'\0','\0',0,'','','0000-00-00','','P-INV-20180503-2',0.00,'',0,0,0,0,0,0,0,0,0,'Lightning and the thunder',0,''),(29,'TXN-20180830-29',1,0,1,'','CDJ','2018-08-30','2018-08-30 13:31:54',1,'0000-00-00 00:00:00',0,'0000-00-00 00:00:00',0,'0000-00-00 00:00:00',0,'\0','',1,'','','1970-01-01','CV','12',12.00,'',0,0,0,0,NULL,0,0,0,0,'',0,''),(30,'TXN-20181005-30',2,0,38,'10 KGs Salmon','CDJ','2018-10-05','2018-10-05 11:21:19',1,'0000-00-00 00:00:00',0,'0000-00-00 00:00:00',0,'0000-00-00 00:00:00',0,'\0','',1,'','','1970-01-01','CV','01',10000.00,'',0,0,0,0,NULL,0,0,0,0,'',0,''),(31,'TXN-20181005-31',1,0,1,'','GJE','2018-10-05','2018-10-05 11:25:24',1,'0000-00-00 00:00:00',0,'0000-00-00 00:00:00',0,'2018-11-05 15:07:44',1,'\0','\0',0,'','','0000-00-00','','ADJ-20181005-3',0.00,'',0,0,0,0,0,0,0,0,0,'',0,''),(32,'TXN-20181005-32',1,2,0,'Capital','GJE','2018-10-04','2018-10-05 11:28:36',1,'0000-00-00 00:00:00',0,'0000-00-00 00:00:00',0,'2018-11-05 15:06:59',1,'\0','\0',0,'','','0000-00-00','',NULL,0.00,'',0,0,0,0,0,0,0,0,0,'',0,''),(33,'TXN-20181005-33',1,0,45,'','CDJ','2018-10-05','2018-10-05 11:33:56',1,'0000-00-00 00:00:00',0,'0000-00-00 00:00:00',0,'2018-11-06 09:06:15',1,'\0','\0',1,'','','1970-01-01','CV','0005',10000.00,'',0,0,0,0,NULL,0,0,0,0,'\nBatman and his fist',0,''),(34,'TXN-20181005-34',1,0,2,'','CDJ','2018-10-05','2018-10-05 12:11:59',1,'0000-00-00 00:00:00',0,'0000-00-00 00:00:00',0,'2018-11-06 09:02:07',1,'\0','\0',1,'','','1970-01-01','CV','12',12.00,'',0,0,0,0,NULL,0,0,0,0,'Miss a single thing you do',0,''),(35,'TXN-20181005-35',2,0,5,'13','CDJ','2018-10-05','2018-10-05 12:13:11',1,'0000-00-00 00:00:00',0,'0000-00-00 00:00:00',0,'2018-11-06 09:00:17',1,'\0','\0',1,'','','1970-01-01','CV','131133',13.00,'',0,0,0,0,NULL,0,0,0,0,NULL,0,''),(36,'TXN-20181005-36',3,0,4,'123','CDJ','2018-10-05','2018-10-05 12:15:38',1,'0000-00-00 00:00:00',0,'0000-00-00 00:00:00',0,'2018-11-06 08:58:25',1,'\0','\0',1,'','','1970-01-01','CV','123',123.00,'',0,0,0,0,NULL,0,0,0,0,'',0,''),(37,'TXN-20181030-37',3,1,0,'','CRJ','2018-10-30','2018-10-30 10:10:03',1,'0000-00-00 00:00:00',0,'0000-00-00 00:00:00',0,'0000-00-00 00:00:00',0,'\0','',1,'',NULL,'1970-01-01','',NULL,12.00,'12',0,0,0,0,1,0,0,0,0,'',0,''),(38,'TXN-20181030-38',2,3,0,'12121','CRJ','2018-10-30','2018-10-30 10:18:54',1,'0000-00-00 00:00:00',0,'0000-00-00 00:00:00',0,'0000-00-00 00:00:00',0,'\0','',1,'',NULL,'1970-01-01','',NULL,1111.00,'',0,0,0,0,1,0,0,0,0,'',0,''),(39,'TXN-20181030-39',2,2,0,'','CRJ','2018-10-30','2018-10-30 10:19:42',1,'0000-00-00 00:00:00',0,'0000-00-00 00:00:00',0,'0000-00-00 00:00:00',0,'\0','',1,'',NULL,'1970-01-01','',NULL,111111.00,'',0,0,0,0,1,0,0,0,0,'',0,''),(40,'TXN-20181030-40',2,2,0,'1212','CRJ','2018-10-30','2018-10-30 10:21:19',1,'0000-00-00 00:00:00',0,'0000-00-00 00:00:00',0,'0000-00-00 00:00:00',0,'\0','',2,'','12','2018-10-30','',NULL,12121.00,'12',0,0,0,0,1,0,0,0,0,'',0,''),(41,'TXN-20181030-41',1,1,0,'1212','CRJ','2018-10-30','2018-10-30 10:25:28',1,'0000-00-00 00:00:00',0,'0000-00-00 00:00:00',0,'2018-11-06 09:38:44',1,'\0','\0',3,'',NULL,'1970-01-01','',NULL,121212.00,'',0,0,0,0,1,0,0,0,0,'it went just like this',0,''),(42,'TXN-20181030-42',3,1,0,'','CRJ','2018-10-30','2018-10-30 10:25:47',1,'0000-00-00 00:00:00',0,'0000-00-00 00:00:00',0,'2018-11-06 09:35:52',1,'\0','\0',3,'',NULL,'1970-01-01','',NULL,12121.00,'',0,0,0,0,1,0,0,0,0,'hhahahaha',0,''),(43,'TXN-20181106-43',2,2,0,'','GJE','2018-11-06','2018-11-06 08:53:02',1,'0000-00-00 00:00:00',0,'0000-00-00 00:00:00',0,'2018-11-06 08:53:23',1,'\0','\0',0,'','','0000-00-00','',NULL,0.00,'',0,0,0,0,0,0,0,0,0,'No medicine is strong enough',0,''),(44,'TXN-20181106-44',1,2,0,'12','SJE','2018-11-06','2018-11-06 09:26:34',1,'0000-00-00 00:00:00',0,'0000-00-00 00:00:00',0,'2018-11-06 09:26:54',1,'\0','\0',0,'','','0000-00-00','',NULL,0.00,'',0,0,0,0,0,0,1,0,0,'qwe',0,''),(45,'TXN-20181121-45',1,0,1,'','CDJ','2018-11-21','2018-11-21 11:06:32',1,'0000-00-00 00:00:00',0,'0000-00-00 00:00:00',0,'0000-00-00 00:00:00',0,'\0','',1,'','','1970-01-01','CV','qwe',10000.00,'',1,0,0,0,NULL,0,0,0,0,'',0,''),(46,'TXN-20181121-46',1,1,0,'','SJE','2018-07-18','2018-11-21 13:58:17',1,'0000-00-00 00:00:00',0,'0000-00-00 00:00:00',0,'0000-00-00 00:00:00',0,'\0','',0,'','','0000-00-00','','SAL-INV-20180718-5',0.00,'',0,0,0,0,0,0,1,0,0,'',0,''),(47,'TXN-20181210-47',1,0,3,'','PJE','2018-09-26','2018-12-10 10:39:23',1,'0000-00-00 00:00:00',0,'0000-00-00 00:00:00',0,'0000-00-00 00:00:00',0,'\0','',0,'','','0000-00-00','','P-INV-20180926-16',0.00,'',0,0,0,0,0,0,0,0,0,'',0,''),(48,'TXN-20181210-48',1,1,0,'','CRJ','2018-11-21','2018-12-10 10:40:43',1,'0000-00-00 00:00:00',0,'0000-00-00 00:00:00',0,'0000-00-00 00:00:00',0,'\0','',1,'','','1970-01-01','','123',2000.00,'123',0,0,0,0,NULL,0,0,0,0,'',0,''),(49,'TXN-20181210-49',3,0,3,'','CDJ','2018-12-10','2018-12-10 10:52:23',1,'0000-00-00 00:00:00',0,'0000-00-00 00:00:00',0,'0000-00-00 00:00:00',0,'\0','',1,'','','1970-01-01','CV','1',123.00,'',0,0,0,0,1,0,0,0,0,'',0,''),(50,'TXN-20181210-50',3,0,2,'','CDJ','2018-12-10','2018-12-10 10:59:04',1,'0000-00-00 00:00:00',0,'0000-00-00 00:00:00',0,'0000-00-00 00:00:00',0,'\0','',1,'','','1970-01-01','CV','1',1.00,'',0,0,0,0,NULL,0,0,0,0,'',2,''),(51,'TXN-20181210-51',5,0,18,'Partial Payment','CDJ','2018-07-11','2018-12-10 11:13:57',1,'0000-00-00 00:00:00',0,'0000-00-00 00:00:00',0,'0000-00-00 00:00:00',0,'\0','',2,'','3423432423','2018-07-11',NULL,NULL,12590.00,'',0,0,0,0,NULL,0,0,0,0,'',1,''),(52,'TXN-20181210-52',3,0,18,'Full Payment','CDJ','2018-07-11','2018-12-10 11:15:21',1,'0000-00-00 00:00:00',0,'0000-00-00 00:00:00',0,'0000-00-00 00:00:00',0,'\0','',2,'','112345','2018-07-11',NULL,NULL,32403.50,'',0,0,0,0,NULL,0,0,0,0,'',2,'4SRTE'),(53,'TXN-20181210-53',1,1,0,'','GJE','2018-12-10','2018-12-10 15:34:21',1,'0000-00-00 00:00:00',0,'0000-00-00 00:00:00',0,'2018-12-10 15:36:48',1,'\0','\0',0,'','','0000-00-00','',NULL,0.00,'',0,0,0,0,0,0,0,0,0,'Duplicate entry For Transaction TXN-20181210-53',0,''),(54,'TXN-20181211-54',2,0,3,'Full Payment','CDJ','2018-07-11','2018-12-11 08:59:09',1,'0000-00-00 00:00:00',0,'0000-00-00 00:00:00',0,'0000-00-00 00:00:00',0,'\0','',2,'','0002','2018-07-18',NULL,NULL,40405.00,'',0,0,0,0,NULL,0,0,0,0,'',2,'45560212'),(55,'PCV-20190906-55',1,0,1,'','PCV','2019-09-06','2019-09-06 10:17:34',1,'0000-00-00 00:00:00',0,'0000-00-00 00:00:00',0,'0000-00-00 00:00:00',0,'\0','',0,'','','0000-00-00','','02',100.00,'',0,0,0,0,0,0,0,0,0,'',0,'');
/*!40000 ALTER TABLE `journal_info` ENABLE KEYS */;
UNLOCK TABLES;

--
-- Table structure for table `journal_templates_info`
--

DROP TABLE IF EXISTS `journal_templates_info`;
/*!40101 SET @saved_cs_client     = @@character_set_client */;
/*!40101 SET character_set_client = utf8 */;
CREATE TABLE `journal_templates_info` (
  `template_id` bigint(20) NOT NULL AUTO_INCREMENT,
  `template_code` varchar(155) DEFAULT '',
  `payee` varchar(1000) DEFAULT '',
  `template_description` varchar(1000) DEFAULT '',
  `supplier_id` bigint(20) DEFAULT '0',
  `customer_id` bigint(20) DEFAULT '0',
  `method_id` bigint(20) DEFAULT '0',
  `amount` decimal(20,4) DEFAULT '0.0000',
  `remarks` varchar(1000) DEFAULT '',
  `posted_by` int(11) DEFAULT NULL,
  `book_type` varchar(5) DEFAULT '',
  `is_active` tinyint(1) DEFAULT '1',
  `is_deleted` tinyint(1) DEFAULT '0',
  PRIMARY KEY (`template_id`) USING BTREE
) ENGINE=InnoDB AUTO_INCREMENT=9 DEFAULT CHARSET=latin1;
/*!40101 SET character_set_client = @saved_cs_client */;

--
-- Dumping data for table `journal_templates_info`
--

LOCK TABLES `journal_templates_info` WRITE;
/*!40000 ALTER TABLE `journal_templates_info` DISABLE KEYS */;
INSERT INTO `journal_templates_info` VALUES (1,'Mark Broom','',NULL,45,0,0,0.0000,'',1,'CDJ',1,0),(2,'Dakis','',NULL,2,0,0,0.0000,'',1,'CDJ',1,0),(3,' Home Base ','',NULL,5,0,0,0.0000,'13',1,'CDJ',1,0),(4,'123','','123',1,0,0,0.0000,'123',1,'GJE',1,0),(5,' Hjr Marketing ','','zzxc',4,0,0,0.0000,'123',1,'CDJ',1,0),(6,'Trial Cash Receipt','','None',0,1,0,0.0000,'',1,'CRJ',1,0),(7,'N/A','','Prepaid Expense Template',0,2,0,0.0000,'',1,'CRJ',1,0),(8,'Various Customers','',NULL,0,1,0,0.0000,'',1,'CRJ',1,0);
/*!40000 ALTER TABLE `journal_templates_info` ENABLE KEYS */;
UNLOCK TABLES;

--
-- Table structure for table `locations`
--

DROP TABLE IF EXISTS `locations`;
/*!40101 SET @saved_cs_client     = @@character_set_client */;
/*!40101 SET character_set_client = utf8 */;
CREATE TABLE `locations` (
  `location_id` bigint(20) NOT NULL AUTO_INCREMENT,
  `location_name` varchar(255) DEFAULT NULL,
  `is_deleted` bit(1) DEFAULT b'0',
  `is_active` bit(1) DEFAULT b'1',
  PRIMARY KEY (`location_id`) USING BTREE
) ENGINE=InnoDB AUTO_INCREMENT=5 DEFAULT CHARSET=latin1;
/*!40101 SET character_set_client = @saved_cs_client */;

--
-- Dumping data for table `locations`
--

LOCK TABLES `locations` WRITE;
/*!40000 ALTER TABLE `locations` DISABLE KEYS */;
INSERT INTO `locations` VALUES (1,'Angeles City','\0',''),(2,'Mabalacat City','\0',''),(3,'Balibago, Angeles City','\0',''),(4,'Envy Main Office','\0','');
/*!40000 ALTER TABLE `locations` ENABLE KEYS */;
UNLOCK TABLES;

--
-- Table structure for table `messages`
--

DROP TABLE IF EXISTS `messages`;
/*!40101 SET @saved_cs_client     = @@character_set_client */;
/*!40101 SET character_set_client = utf8 */;
CREATE TABLE `messages` (
  `chat_id` int(11) NOT NULL,
  `user_id` int(11) DEFAULT NULL,
  `message` int(11) DEFAULT NULL,
  `date_posted` datetime DEFAULT NULL,
  `is_deleted` tinyint(4) DEFAULT '0',
  PRIMARY KEY (`chat_id`) USING BTREE
) ENGINE=InnoDB DEFAULT CHARSET=latin1;
/*!40101 SET character_set_client = @saved_cs_client */;

--
-- Dumping data for table `messages`
--

LOCK TABLES `messages` WRITE;
/*!40000 ALTER TABLE `messages` DISABLE KEYS */;
/*!40000 ALTER TABLE `messages` ENABLE KEYS */;
UNLOCK TABLES;

--
-- Table structure for table `module_layout`
--

DROP TABLE IF EXISTS `module_layout`;
/*!40101 SET @saved_cs_client     = @@character_set_client */;
/*!40101 SET character_set_client = utf8 */;
CREATE TABLE `module_layout` (
  `module_layout_id` int(11) NOT NULL AUTO_INCREMENT,
  `layout_id` int(11) DEFAULT '0',
  `display_text` varchar(100) DEFAULT NULL,
  `field_name` varchar(100) DEFAULT NULL,
  `pos_top` decimal(10,0) DEFAULT NULL,
  `pos_bottom` decimal(10,0) DEFAULT NULL,
  `pos_left` decimal(10,0) DEFAULT NULL,
  `pos_right` decimal(10,0) DEFAULT NULL,
  `font` varchar(100) DEFAULT NULL,
  `font_color` varchar(45) DEFAULT NULL,
  `font_size` decimal(10,0) DEFAULT NULL,
  `is_bold` varchar(120) DEFAULT '0',
  `is_italic` varchar(120) DEFAULT '0',
  `height` decimal(10,0) DEFAULT NULL,
  `width` decimal(10,0) DEFAULT NULL,
  `tag` varchar(45) DEFAULT NULL,
  `parent` varchar(50) DEFAULT 'header',
  PRIMARY KEY (`module_layout_id`)
) ENGINE=InnoDB DEFAULT CHARSET=latin1;
/*!40101 SET character_set_client = @saved_cs_client */;

--
-- Dumping data for table `module_layout`
--

LOCK TABLES `module_layout` WRITE;
/*!40000 ALTER TABLE `module_layout` DISABLE KEYS */;
/*!40000 ALTER TABLE `module_layout` ENABLE KEYS */;
UNLOCK TABLES;

--
-- Table structure for table `order_status`
--

DROP TABLE IF EXISTS `order_status`;
/*!40101 SET @saved_cs_client     = @@character_set_client */;
/*!40101 SET character_set_client = utf8 */;
CREATE TABLE `order_status` (
  `order_status_id` int(11) NOT NULL AUTO_INCREMENT,
  `order_status` varchar(75) DEFAULT '',
  `order_description` varchar(555) DEFAULT '',
  `is_active` bit(1) DEFAULT b'1',
  `is_deleted` bit(1) DEFAULT b'0',
  PRIMARY KEY (`order_status_id`) USING BTREE
) ENGINE=InnoDB AUTO_INCREMENT=4 DEFAULT CHARSET=latin1;
/*!40101 SET character_set_client = @saved_cs_client */;

--
-- Dumping data for table `order_status`
--

LOCK TABLES `order_status` WRITE;
/*!40000 ALTER TABLE `order_status` DISABLE KEYS */;
INSERT INTO `order_status` VALUES (1,'Open','','','\0'),(2,'Closed','','','\0'),(3,'Partially received','','','\0');
/*!40000 ALTER TABLE `order_status` ENABLE KEYS */;
UNLOCK TABLES;

--
-- Table structure for table `other_sales_invoice`
--

DROP TABLE IF EXISTS `other_sales_invoice`;
/*!40101 SET @saved_cs_client     = @@character_set_client */;
/*!40101 SET character_set_client = utf8 */;
CREATE TABLE `other_sales_invoice` (
  `sales_invoice_id` bigint(20) NOT NULL AUTO_INCREMENT,
  `sales_inv_no` varchar(75) DEFAULT '',
  `sales_order_id` bigint(20) DEFAULT '0',
  `sales_order_no` varchar(75) DEFAULT '',
  `department_id` int(11) DEFAULT '0',
  `customer_id` int(11) DEFAULT '0',
  `journal_id` bigint(20) DEFAULT '0',
  `remarks` varchar(755) DEFAULT '',
  `total_discount` decimal(20,2) DEFAULT '0.00',
  `total_before_tax` decimal(20,2) DEFAULT '0.00',
  `total_tax_amount` decimal(20,2) DEFAULT '0.00',
  `total_after_tax` decimal(20,2) DEFAULT '0.00',
  `date_due` date DEFAULT '0000-00-00',
  `date_invoice` date DEFAULT '0000-00-00',
  `date_created` datetime DEFAULT '0000-00-00 00:00:00',
  `date_deleted` datetime DEFAULT '0000-00-00 00:00:00',
  `date_modified` timestamp NULL DEFAULT '0000-00-00 00:00:00' ON UPDATE CURRENT_TIMESTAMP,
  `posted_by_user` int(11) DEFAULT '0',
  `deleted_by_user` int(11) DEFAULT '0',
  `modified_by_user` int(11) DEFAULT '0',
  `is_paid` bit(1) DEFAULT b'0',
  `is_active` bit(1) DEFAULT b'1',
  `is_deleted` bit(1) DEFAULT b'0',
  `is_journal_posted` bit(1) DEFAULT b'0',
  `ref_product_type_id` int(11) DEFAULT NULL,
  PRIMARY KEY (`sales_invoice_id`) USING BTREE
) ENGINE=InnoDB DEFAULT CHARSET=latin1;
/*!40101 SET character_set_client = @saved_cs_client */;

--
-- Dumping data for table `other_sales_invoice`
--

LOCK TABLES `other_sales_invoice` WRITE;
/*!40000 ALTER TABLE `other_sales_invoice` DISABLE KEYS */;
/*!40000 ALTER TABLE `other_sales_invoice` ENABLE KEYS */;
UNLOCK TABLES;

--
-- Table structure for table `other_sales_invoice_items`
--

DROP TABLE IF EXISTS `other_sales_invoice_items`;
/*!40101 SET @saved_cs_client     = @@character_set_client */;
/*!40101 SET character_set_client = utf8 */;
CREATE TABLE `other_sales_invoice_items` (
  `sales_item_id` bigint(20) NOT NULL AUTO_INCREMENT,
  `sales_invoice_id` bigint(20) DEFAULT '0',
  `product_id` int(11) DEFAULT '0',
  `unit_id` int(11) DEFAULT '0',
  `inv_price` decimal(20,2) DEFAULT '0.00',
  `inv_discount` decimal(20,2) DEFAULT '0.00',
  `inv_line_total_discount` decimal(20,2) DEFAULT '0.00',
  `inv_tax_rate` decimal(20,2) DEFAULT '0.00',
  `inv_qty` decimal(20,0) DEFAULT '0',
  `inv_line_total_price` decimal(20,2) DEFAULT '0.00',
  `inv_tax_amount` decimal(20,2) DEFAULT '0.00',
  `inv_non_tax_amount` decimal(20,2) DEFAULT '0.00',
  `inv_notes` varchar(100) DEFAULT NULL,
  `dr_invoice_id` int(11) DEFAULT NULL,
  `exp_date` date DEFAULT NULL,
  PRIMARY KEY (`sales_item_id`) USING BTREE
) ENGINE=InnoDB DEFAULT CHARSET=latin1;
/*!40101 SET character_set_client = @saved_cs_client */;

--
-- Dumping data for table `other_sales_invoice_items`
--

LOCK TABLES `other_sales_invoice_items` WRITE;
/*!40000 ALTER TABLE `other_sales_invoice_items` DISABLE KEYS */;
/*!40000 ALTER TABLE `other_sales_invoice_items` ENABLE KEYS */;
UNLOCK TABLES;

--
-- Table structure for table `payable_payments`
--

DROP TABLE IF EXISTS `payable_payments`;
/*!40101 SET @saved_cs_client     = @@character_set_client */;
/*!40101 SET character_set_client = utf8 */;
CREATE TABLE `payable_payments` (
  `payment_id` bigint(20) NOT NULL AUTO_INCREMENT,
  `receipt_no` varchar(75) DEFAULT '',
  `supplier_id` bigint(20) DEFAULT '0',
  `journal_id` bigint(20) DEFAULT '0',
  `receipt_type` varchar(55) DEFAULT '',
  `department_id` bigint(20) DEFAULT '0',
  `payment_method_id` int(11) DEFAULT '0',
  `check_date_type` tinyint(4) DEFAULT '1' COMMENT '1 is Date, 2 is PDC',
  `check_date` date DEFAULT '0000-00-00',
  `check_no` varchar(100) DEFAULT '',
  `remarks` varchar(755) DEFAULT '',
  `total_paid_amount` decimal(20,2) DEFAULT '0.00',
  `date_paid` date DEFAULT '0000-00-00',
  `date_created` datetime DEFAULT '0000-00-00 00:00:00',
  `date_deleted` datetime DEFAULT '0000-00-00 00:00:00',
  `date_cancelled` datetime DEFAULT '0000-00-00 00:00:00',
  `cancelled_by_user` int(11) DEFAULT '0',
  `created_by_user` int(11) DEFAULT '0',
  `deleted_by_user` int(11) DEFAULT '0',
  `is_journal_posted` bit(1) DEFAULT b'0',
  `is_active` bit(1) DEFAULT b'1',
  `is_deleted` bit(1) DEFAULT b'0',
  `is_posted` bit(1) DEFAULT b'0',
  PRIMARY KEY (`payment_id`) USING BTREE
) ENGINE=InnoDB AUTO_INCREMENT=6 DEFAULT CHARSET=latin1;
/*!40101 SET character_set_client = @saved_cs_client */;

--
-- Dumping data for table `payable_payments`
--

LOCK TABLES `payable_payments` WRITE;
/*!40000 ALTER TABLE `payable_payments` DISABLE KEYS */;
INSERT INTO `payable_payments` VALUES (1,'RECEIPTno1',18,51,'',5,2,2,'2018-07-11','3423432423','Partial Payment',12590.00,'2018-07-11','2018-07-11 09:48:47','0000-00-00 00:00:00','0000-00-00 00:00:00',0,9,0,'','','\0',''),(2,'01',18,52,'',3,2,2,'2018-07-11','112345','Full Payment',32403.50,'2018-07-11','2018-07-11 09:54:13','0000-00-00 00:00:00','0000-00-00 00:00:00',0,3,0,'','','\0',''),(3,'2',3,54,'',2,2,2,'2018-07-18','0002','Full Payment',40405.00,'2018-07-11','2018-07-11 10:21:10','0000-00-00 00:00:00','0000-00-00 00:00:00',0,3,0,'','','\0',''),(4,'11',3,19,'',5,2,2,'2018-07-11','1','full',52.50,'2018-07-11','2018-07-11 11:18:09','0000-00-00 00:00:00','0000-00-00 00:00:00',0,3,0,'','','\0',''),(5,'awrw',1,0,'',5,1,1,'0000-00-00','','rafraf',1165.00,'2018-08-30','2018-08-30 10:00:36','0000-00-00 00:00:00','0000-00-00 00:00:00',0,1,0,'\0','','\0','\0');
/*!40000 ALTER TABLE `payable_payments` ENABLE KEYS */;
UNLOCK TABLES;

--
-- Table structure for table `payable_payments_list`
--

DROP TABLE IF EXISTS `payable_payments_list`;
/*!40101 SET @saved_cs_client     = @@character_set_client */;
/*!40101 SET character_set_client = utf8 */;
CREATE TABLE `payable_payments_list` (
  `payment_list_id` bigint(20) NOT NULL AUTO_INCREMENT,
  `payment_id` bigint(20) DEFAULT '0',
  `dr_invoice_id` bigint(20) DEFAULT '0',
  `payable_amount` decimal(20,2) DEFAULT '0.00',
  `payment_amount` decimal(20,2) DEFAULT '0.00',
  PRIMARY KEY (`payment_list_id`) USING BTREE
) ENGINE=InnoDB AUTO_INCREMENT=8 DEFAULT CHARSET=latin1;
/*!40101 SET character_set_client = @saved_cs_client */;

--
-- Dumping data for table `payable_payments_list`
--

LOCK TABLES `payable_payments_list` WRITE;
/*!40000 ALTER TABLE `payable_payments_list` DISABLE KEYS */;
INSERT INTO `payable_payments_list` VALUES (1,1,4,12590.00,12590.00),(2,1,7,32403.50,0.00),(3,2,7,32403.50,32403.50),(4,3,2,40000.00,40000.00),(5,3,5,405.00,405.00),(6,4,18,52.50,52.50),(7,5,22,1165.00,1165.00);
/*!40000 ALTER TABLE `payable_payments_list` ENABLE KEYS */;
UNLOCK TABLES;

--
-- Table structure for table `payment_methods`
--

DROP TABLE IF EXISTS `payment_methods`;
/*!40101 SET @saved_cs_client     = @@character_set_client */;
/*!40101 SET character_set_client = utf8 */;
CREATE TABLE `payment_methods` (
  `payment_method_id` int(11) NOT NULL AUTO_INCREMENT,
  `payment_method` varchar(100) DEFAULT '',
  `is_active` bit(1) DEFAULT b'1',
  `is_deleted` bit(1) DEFAULT b'0',
  PRIMARY KEY (`payment_method_id`) USING BTREE
) ENGINE=InnoDB AUTO_INCREMENT=4 DEFAULT CHARSET=latin1;
/*!40101 SET character_set_client = @saved_cs_client */;

--
-- Dumping data for table `payment_methods`
--

LOCK TABLES `payment_methods` WRITE;
/*!40000 ALTER TABLE `payment_methods` DISABLE KEYS */;
INSERT INTO `payment_methods` VALUES (1,'Cash','','\0'),(2,'Check','','\0'),(3,'Card','','\0');
/*!40000 ALTER TABLE `payment_methods` ENABLE KEYS */;
UNLOCK TABLES;

--
-- Table structure for table `po_attachments`
--

DROP TABLE IF EXISTS `po_attachments`;
/*!40101 SET @saved_cs_client     = @@character_set_client */;
/*!40101 SET character_set_client = utf8 */;
CREATE TABLE `po_attachments` (
  `po_attachment_id` bigint(20) NOT NULL AUTO_INCREMENT,
  `purchase_order_id` bigint(20) DEFAULT '0',
  `orig_file_name` varchar(255) DEFAULT '',
  `server_file_directory` varchar(800) DEFAULT '',
  `date_added` timestamp NULL DEFAULT CURRENT_TIMESTAMP,
  `added_by_user` int(11) DEFAULT '0',
  `is_deleted` bit(1) DEFAULT b'0',
  PRIMARY KEY (`po_attachment_id`) USING BTREE
) ENGINE=InnoDB DEFAULT CHARSET=latin1;
/*!40101 SET character_set_client = @saved_cs_client */;

--
-- Dumping data for table `po_attachments`
--

LOCK TABLES `po_attachments` WRITE;
/*!40000 ALTER TABLE `po_attachments` DISABLE KEYS */;
/*!40000 ALTER TABLE `po_attachments` ENABLE KEYS */;
UNLOCK TABLES;

--
-- Table structure for table `po_messages`
--

DROP TABLE IF EXISTS `po_messages`;
/*!40101 SET @saved_cs_client     = @@character_set_client */;
/*!40101 SET character_set_client = utf8 */;
CREATE TABLE `po_messages` (
  `po_message_id` bigint(20) NOT NULL AUTO_INCREMENT,
  `purchase_order_id` bigint(20) DEFAULT '0',
  `user_id` int(11) DEFAULT '0',
  `message` text,
  `date_posted` datetime DEFAULT '0000-00-00 00:00:00',
  `date_deleted` datetime DEFAULT '0000-00-00 00:00:00',
  `is_deleted` bit(1) DEFAULT b'0',
  PRIMARY KEY (`po_message_id`) USING BTREE
) ENGINE=InnoDB DEFAULT CHARSET=latin1;
/*!40101 SET character_set_client = @saved_cs_client */;

--
-- Dumping data for table `po_messages`
--

LOCK TABLES `po_messages` WRITE;
/*!40000 ALTER TABLE `po_messages` DISABLE KEYS */;
/*!40000 ALTER TABLE `po_messages` ENABLE KEYS */;
UNLOCK TABLES;

--
-- Table structure for table `pos_integration`
--

DROP TABLE IF EXISTS `pos_integration`;
/*!40101 SET @saved_cs_client     = @@character_set_client */;
/*!40101 SET character_set_client = utf8 */;
CREATE TABLE `pos_integration` (
  `pos_integration_id` bigint(20) NOT NULL AUTO_INCREMENT,
  `asset_cash` bigint(20) DEFAULT '0',
  `asset_card` bigint(20) DEFAULT '0',
  `asset_check` bigint(20) DEFAULT '0',
  `asset_gc` bigint(20) DEFAULT '0',
  `income_sales` bigint(20) DEFAULT '0',
  `department_id` bigint(20) DEFAULT '0',
  `customer_id` bigint(20) DEFAULT '0',
  `tax` bigint(20) DEFAULT '0',
  PRIMARY KEY (`pos_integration_id`)
) ENGINE=InnoDB AUTO_INCREMENT=2 DEFAULT CHARSET=latin1;
/*!40101 SET character_set_client = @saved_cs_client */;

--
-- Dumping data for table `pos_integration`
--

LOCK TABLES `pos_integration` WRITE;
/*!40000 ALTER TABLE `pos_integration` DISABLE KEYS */;
INSERT INTO `pos_integration` VALUES (1,3,6,1,1,111,1,1,94);
/*!40000 ALTER TABLE `pos_integration` ENABLE KEYS */;
UNLOCK TABLES;

--
-- Table structure for table `pos_integration_items`
--

DROP TABLE IF EXISTS `pos_integration_items`;
/*!40101 SET @saved_cs_client     = @@character_set_client */;
/*!40101 SET character_set_client = utf8 */;
CREATE TABLE `pos_integration_items` (
  `pos_integration_items_id` bigint(20) NOT NULL AUTO_INCREMENT,
  `sales_date` datetime DEFAULT NULL,
  `cashier` varchar(255) DEFAULT NULL,
  `cash_amount` decimal(20,5) DEFAULT '0.00000',
  `card_amount` decimal(20,5) DEFAULT '0.00000',
  `check_amount` decimal(20,5) DEFAULT '0.00000',
  `gc_amount` decimal(20,5) DEFAULT '0.00000',
  `tax_amount` decimal(20,5) DEFAULT '0.00000',
  `total` decimal(20,5) DEFAULT '0.00000',
  `ref_no` varchar(255) DEFAULT NULL,
  `is_posted` bit(1) DEFAULT b'0',
  `posted_by` bit(1) DEFAULT b'0',
  `posted_date` datetime DEFAULT NULL,
  `journal_id` bigint(20) DEFAULT '0',
  PRIMARY KEY (`pos_integration_items_id`)
) ENGINE=InnoDB AUTO_INCREMENT=101 DEFAULT CHARSET=latin1;
/*!40101 SET character_set_client = @saved_cs_client */;

--
-- Dumping data for table `pos_integration_items`
--

LOCK TABLES `pos_integration_items` WRITE;
/*!40000 ALTER TABLE `pos_integration_items` DISABLE KEYS */;
INSERT INTO `pos_integration_items` VALUES (1,'2018-01-18 05:55:03','Admin',18453.50000,0.00000,0.00000,0.00000,1977.16072,18453.50000,'2','\0','\0',NULL,0),(2,'2018-01-22 10:34:50','Admin',1819.00000,0.00000,0.00000,0.00000,194.89287,1819.00000,'5','\0','\0',NULL,0),(3,'2018-01-23 03:28:37','Admin',508.00000,0.00000,0.00000,0.00000,54.42857,508.00000,'7','\0','\0',NULL,0),(4,'2018-01-23 03:34:42','Admin',127.00000,0.00000,0.00000,0.00000,13.60714,127.00000,'8','\0','\0',NULL,0),(5,'2018-01-23 03:41:14','Admin',127.00000,0.00000,0.00000,0.00000,13.60714,127.00000,'9','\0','\0',NULL,0),(6,'2018-01-23 03:44:19','Admin',860.00000,0.00000,0.00000,0.00000,92.14286,860.00000,'10','\0','\0',NULL,0),(7,'2018-01-23 04:35:06','Admin',254.00000,0.00000,0.00000,0.00000,27.21429,254.00000,'2','\0','\0',NULL,0),(8,'2018-01-23 04:36:22','Achielle Anne',123.50000,0.00000,0.00000,0.00000,13.23214,123.50000,'3','\0','\0',NULL,0),(9,'2018-01-23 05:28:05','Jessica',35294.50005,0.00000,0.00000,0.00000,3781.55359,35294.50005,'2','\0','\0',NULL,0),(10,'2018-01-25 05:31:41','JDEV',2786.00000,0.00000,0.00000,0.00000,289.92857,2786.00000,'1','\0','\0',NULL,0),(11,'2018-01-26 06:29:43','Jessica',97630.50000,0.00000,0.00000,0.00000,10381.76772,97630.50000,'3','\0','\0',NULL,0),(12,'2018-01-28 07:00:34','Jessica',25803.00000,0.00000,0.00000,0.00000,2747.46428,25803.00000,'16','\0','\0',NULL,0),(13,'2018-01-28 07:20:59','Jessica',35008.42857,0.00000,0.00000,0.00000,3712.17851,35008.42857,'15','\0','\0',NULL,0),(14,'2018-01-25 06:40:03','Myla Naguit',55001.00000,0.00000,0.00000,0.00000,5856.53567,55001.00000,'2','\0','\0',NULL,0),(15,'2018-01-27 06:36:33','Ronald Ryan',16022.00000,0.00000,0.00000,0.00000,1716.64285,16022.00000,'12','\0','\0',NULL,0),(16,'2018-01-29 06:55:27','Marysol',31694.00000,0.00000,0.00000,0.00000,3352.92854,31694.00000,'19','\0','\0',NULL,0),(17,'2018-01-28 09:44:01','Myla Naguit',73678.00000,0.00000,0.00000,0.00000,7829.78572,73678.00000,'18','\0','\0',NULL,0),(18,'2018-01-29 07:12:18','Maricel',42607.00000,0.00000,0.00000,0.00000,4487.89283,42607.00000,'22','\0','\0',NULL,0),(19,'2018-01-30 07:10:00','Marysol',23301.00000,0.00000,0.00000,0.00000,2475.10712,23301.00000,'21','\0','\0',NULL,0),(20,'2018-01-30 07:09:40','Maricel',55634.00000,0.00000,0.00000,0.00000,5909.35717,55634.00000,'24','\0','\0',NULL,0),(21,'2018-01-31 08:52:30','Jessica',37917.00000,0.00000,0.00000,0.00000,4056.10713,37917.00000,'25','\0','\0',NULL,0),(22,'2018-01-31 07:01:32','Maricel',39312.00000,0.00000,0.00000,0.00000,4141.28570,39312.00000,'26','\0','\0',NULL,0),(23,'2018-02-01 06:55:09','Jessica',16986.00000,0.00000,0.00000,0.00000,1817.78567,16986.00000,'28','\0','\0',NULL,0),(24,'2018-02-01 01:21:43','Jessica',23820.28571,0.00000,0.00000,0.00000,2487.42857,23820.28571,'29','\0','\0',NULL,0),(25,'2018-02-01 06:33:50','Maricel',53671.00000,0.00000,0.00000,0.00000,5690.46431,53671.00000,'27','\0','\0',NULL,0),(26,'2018-02-02 07:12:49','Jessica',57153.76429,0.00000,0.00000,0.00000,6091.71964,57153.76429,'31','\0','\0',NULL,0),(27,'2018-02-02 01:07:50','Cris Michael',1551.00000,0.00000,0.00000,0.00000,159.74999,1551.00000,'30','\0','\0',NULL,0),(28,'2018-02-03 06:32:20','Cris Michael',603.00000,0.00000,0.00000,0.00000,64.60714,603.00000,'34','\0','\0',NULL,0),(29,'2018-02-03 07:30:29','Jessica',43897.50000,0.00000,0.00000,0.00000,4675.44639,43897.50000,'35','\0','\0',NULL,0),(30,'2018-02-02 07:20:14','Myla',63013.20000,0.00000,0.00000,0.00000,6686.48572,63013.20000,'33','\0','\0',NULL,0),(31,'2018-02-03 07:04:12','Myla',61054.05000,0.00000,0.00000,0.00000,6481.50533,61054.05000,'36','\0','\0',NULL,0),(32,'2018-02-04 07:29:27','Ariel',47626.60000,0.00000,0.00000,0.00000,5055.70710,47626.60000,'37','\0','\0',NULL,0),(33,'2018-02-04 07:00:15','Myla',36353.00000,0.00000,0.00000,0.00000,3843.53571,36353.00000,'38','\0','\0',NULL,0),(34,'2018-02-05 06:57:23','Maricel',62047.60000,0.00000,0.00000,0.00000,6616.24287,62047.60000,'39','\0','\0',NULL,0),(35,'2018-02-05 12:37:34','Maricel',23170.00000,0.00000,0.00000,0.00000,2448.21427,23170.00000,'40','\0','\0',NULL,0),(36,'2018-02-05 07:01:10','Myla',34194.00000,0.00000,0.00000,0.00000,3603.64286,34194.00000,'41','\0','\0',NULL,0),(37,'2018-02-06 07:02:57','Maricel',17132.00000,0.00000,0.00000,0.00000,1831.28569,17132.00000,'42','\0','\0',NULL,0),(38,'2018-01-30 06:41:50','Marysol',15445.00000,0.00000,0.00000,2000.00000,2143.60717,17445.00000,'23','\0','\0',NULL,0),(39,'2018-02-06 07:05:56','Julius',57292.00000,0.00000,0.00000,0.00000,6050.57142,57292.00000,'43','\0','\0',NULL,0),(40,'2018-02-07 07:04:06','Jessica',49146.00000,0.00000,0.00000,0.00000,5250.64280,49146.00000,'44','\0','\0',NULL,0),(41,'2018-02-07 07:07:15','Maricel',50529.00000,0.00000,0.00000,0.00000,5313.10710,50529.00000,'46','\0','\0',NULL,0),(42,'2018-02-08 07:05:46','Jessica',44209.00000,0.00000,0.00000,0.00000,4708.82131,44209.00000,'47','\0','\0',NULL,0),(43,'2018-02-08 07:04:14','Maricel',54221.00000,0.00000,0.00000,0.00000,5691.53568,54221.00000,'48','\0','\0',NULL,0),(44,'2018-02-09 07:09:34','Jessica',32892.00000,0.00000,0.00000,0.00000,3491.99992,32892.00000,'49','\0','\0',NULL,0),(45,'2018-02-09 04:22:39','Ariel',17523.00000,0.00000,0.00000,0.00000,1871.03571,17523.00000,'50','\0','\0',NULL,0),(46,'2018-02-09 07:06:22','Myla',51976.85714,0.00000,0.00000,0.00000,5452.39286,51976.85714,'51','\0','\0',NULL,0),(47,'2018-02-10 07:10:15','Jessica',53376.00000,0.00000,0.00000,0.00000,5705.99997,53376.00000,'52','\0','\0',NULL,0),(48,'2018-02-10 07:01:57','Myla',93873.00000,0.00000,0.00000,0.00000,9965.67856,93873.00000,'53','\0','\0',NULL,0),(49,'2018-02-11 07:02:42','Ariel',66501.00000,0.00000,0.00000,2000.00000,7539.85709,68501.00000,'54','\0','\0',NULL,0),(50,'2018-02-11 06:59:21','Myla',70517.00000,0.00000,0.00000,0.00000,7433.57143,70517.00000,'55','\0','\0',NULL,0),(51,'2018-02-12 06:42:05','Maricel',5689.00000,0.00000,0.00000,0.00000,609.53570,5689.00000,'56','\0','\0',NULL,0),(52,'2018-02-12 08:54:12','Maricel',32855.57143,0.00000,0.00000,0.00000,3431.46426,32855.57143,'57','\0','\0',NULL,0),(53,'2018-02-12 06:48:00','Alvin',65319.00000,0.00000,0.00000,0.00000,6929.89286,65319.00000,'58','\0','\0',NULL,0),(54,'2018-02-13 07:02:12','Maricel',32986.00000,0.00000,0.00000,0.00000,3521.35711,32986.00000,'59','\0','\0',NULL,0),(55,'2018-02-13 06:59:21','Ariel',46374.00000,0.00000,0.00000,0.00000,4906.49998,46374.00000,'61','\0','\0',NULL,0),(56,'2018-02-13 06:57:30','Maricel',12618.00000,0.00000,0.00000,0.00000,1345.49999,12618.00000,'60','\0','\0',NULL,0),(57,'2018-02-14 11:59:27','Maricel',26566.00000,0.00000,0.00000,0.00000,2835.64283,26566.00000,'62','\0','\0',NULL,0),(58,'2018-02-14 07:07:29','Jessica',174234.00000,0.00000,0.00000,0.00000,18607.92860,174234.00000,'63','\0','\0',NULL,0),(59,'2018-02-15 06:56:57','Maricel',35168.57143,0.00000,0.00000,0.00000,3718.92851,35168.57143,'64','\0','\0',NULL,0),(60,'2018-02-15 07:04:39','Jessica',59595.00000,0.00000,0.00000,0.00000,6333.74995,59595.00000,'65','\0','\0',NULL,0),(61,'2018-02-16 06:59:22','Myla',48264.00000,0.00000,0.00000,0.00000,5094.80350,48264.00000,'66','\0','\0',NULL,0),(62,'2018-02-16 07:02:52','Jessica',100603.00000,0.00000,0.00000,0.00000,10678.17860,100603.00000,'67','\0','\0',NULL,0),(63,'2018-02-17 10:02:27','Myla',71544.00000,0.00000,0.00000,0.00000,7641.85712,71544.00000,'69','\0','\0',NULL,0),(64,'2018-02-17 07:07:51','Jessica',89039.00000,0.00000,0.00000,1000.00000,9817.71423,90039.00000,'70','\0','\0',NULL,0),(65,'2018-02-18 12:05:04','Ariel',332.00000,0.00000,0.00000,0.00000,35.57143,332.00000,'71','\0','\0',NULL,0),(66,'2018-02-18 07:09:55','Myla',57502.00000,0.00000,0.00000,0.00000,6137.35711,57502.00000,'73','\0','\0',NULL,0),(67,'2018-02-18 07:01:26','Ariel',59045.00000,0.00000,0.00000,0.00000,6272.67852,59045.00000,'74','\0','\0',NULL,0),(68,'2018-02-19 07:03:12','Maricel',43203.00000,0.00000,0.00000,0.00000,4592.46424,43203.00000,'75','\0','\0',NULL,0),(69,'2018-02-19 07:06:59','Ariel',63633.00000,0.00000,0.00000,0.00000,6785.67853,63633.00000,'76','\0','\0',NULL,0),(70,'2018-02-20 06:53:02','Maricel',32275.00000,0.00000,0.00000,0.00000,3447.32137,32275.00000,'77','\0','\0',NULL,0),(71,'2018-02-20 06:58:30','Ariel',54956.00000,0.00000,0.00000,0.00000,5765.99995,54956.00000,'78','\0','\0',NULL,0),(72,'2018-02-21 07:00:27','Maricel',6018.00000,0.00000,0.00000,0.00000,644.78570,6018.00000,'79','\0','\0',NULL,0),(73,'2018-02-21 11:13:38','Maricel',26434.00000,0.00000,0.00000,0.00000,2793.96425,26434.00000,'80','\0','\0',NULL,0),(74,'2018-02-21 07:00:43','Jessica',61992.00000,0.00000,0.00000,0.00000,6564.85713,61992.00000,'81','\0','\0',NULL,0),(75,'2018-02-22 07:06:28','Myla',33677.00000,0.00000,0.00000,0.00000,3561.10706,33677.00000,'82','\0','\0',NULL,0),(76,'2018-02-22 07:03:23','Jessica',82524.00000,0.00000,0.00000,0.00000,8749.71429,82524.00000,'83','\0','\0',NULL,0),(77,'2018-02-23 04:27:12','Ronald Omar',1100.00000,0.00000,0.00000,0.00000,117.85714,1100.00000,'85','\0','\0',NULL,0),(78,'2018-02-23 07:00:37','Myla',41949.00000,0.00000,0.00000,0.00000,4441.28567,41949.00000,'84','\0','\0',NULL,0),(79,'2018-02-23 06:58:48','Jessica',75554.00000,0.00000,0.00000,0.00000,7979.35712,75554.00000,'86','\0','\0',NULL,0),(80,'2018-02-24 07:03:10','Myla',57266.00000,0.00000,0.00000,0.00000,6082.07140,57266.00000,'87','\0','\0',NULL,0),(81,'2018-02-24 07:04:05','Ariel',80711.00000,0.00000,0.00000,0.00000,8553.32140,80711.00000,'88','\0','\0',NULL,0),(82,'2018-02-25 07:00:46','Myla',55829.00000,0.00000,0.00000,0.00000,5928.10714,55829.00000,'89','\0','\0',NULL,0),(83,'2018-02-25 07:00:17','Ariel',73800.00000,0.00000,0.00000,0.00000,7834.28574,73800.00000,'90','\0','\0',NULL,0),(84,'2018-02-26 06:56:36','Maricel',42715.00000,0.00000,0.00000,0.00000,4534.07143,42715.00000,'91','\0','\0',NULL,0),(85,'2018-02-26 06:59:14','Ariel',50371.00000,0.00000,0.00000,0.00000,5351.89284,50371.00000,'92','\0','\0',NULL,0),(86,'2018-02-27 07:01:28','Maricel',39306.00000,0.00000,0.00000,0.00000,4113.74995,39306.00000,'93','\0','\0',NULL,0),(87,'2018-02-27 06:53:14','Ariel',66826.00000,0.00000,0.00000,0.00000,6983.46421,66826.00000,'94','\0','\0',NULL,0),(88,'2018-02-28 07:00:53','Maricel',34748.57143,0.00000,0.00000,0.00000,3681.69637,34748.57143,'95','\0','\0',NULL,0),(89,'2018-02-28 06:58:31','Aristotle',54869.00000,0.00000,0.00000,0.00000,5810.57140,54869.00000,'96','\0','\0',NULL,0),(90,'2018-03-01 06:59:34','Myla',40525.00000,0.00000,0.00000,1693.00000,4497.64278,42218.00000,'97','\0','\0',NULL,0),(91,'2018-03-01 06:50:45','Maricel',71608.00000,0.00000,0.00000,0.00000,7524.42857,71608.00000,'98','\0','\0',NULL,0),(92,'2018-03-02 06:48:29','Ronald Omar',198.00000,0.00000,0.00000,0.00000,21.21429,198.00000,'99','\0','\0',NULL,0),(93,'2018-03-02 07:48:57','Myla',38678.00000,1037.00000,0.00000,0.00000,4240.17855,39715.00000,'100','\0','\0',NULL,0),(94,'2018-03-03 03:57:44','Manager Keith',921.00000,0.00000,0.00000,0.00000,98.67857,921.00000,'105','\0','\0',NULL,0),(95,'2018-03-02 06:56:57','Maricel',76530.00000,5496.00000,0.00000,0.00000,8709.53569,82026.00000,'101','\0','\0',NULL,0),(96,'2018-03-03 06:58:04','Ariel',70152.00000,6902.00000,0.00000,0.00000,8211.10711,77054.00000,'106','\0','\0',NULL,0),(97,'2018-03-03 06:59:46','Myla',70513.00000,12669.00000,0.00000,0.00000,8805.85711,83182.00000,'107','\0','\0',NULL,0),(98,'2018-03-04 07:07:31','Ariel',45283.42857,0.00000,0.00000,0.00000,4799.67856,45283.42857,'108','\0','\0',NULL,0),(99,'2018-03-04 07:03:32','Myla',59148.00000,9232.00000,0.00000,0.00000,7238.57140,68380.00000,'109','\0','\0',NULL,0),(100,'2018-02-07 10:03:39','Accounting',621.00000,0.00000,0.00000,0.00000,66.53571,621.00000,'34','\0','\0',NULL,0);
/*!40000 ALTER TABLE `pos_integration_items` ENABLE KEYS */;
UNLOCK TABLES;

--
-- Table structure for table `print_layout`
--

DROP TABLE IF EXISTS `print_layout`;
/*!40101 SET @saved_cs_client     = @@character_set_client */;
/*!40101 SET character_set_client = utf8 */;
CREATE TABLE `print_layout` (
  `layout_id` int(11) NOT NULL AUTO_INCREMENT,
  `layout_name` varchar(755) NOT NULL,
  `layout_description` varchar(1000) DEFAULT NULL,
  `is_portrait` bit(1) NOT NULL DEFAULT b'1',
  `is_active` bit(1) DEFAULT b'1',
  `is_deleted` bit(1) DEFAULT b'0',
  PRIMARY KEY (`layout_id`)
) ENGINE=InnoDB DEFAULT CHARSET=latin1;
/*!40101 SET character_set_client = @saved_cs_client */;

--
-- Dumping data for table `print_layout`
--

LOCK TABLES `print_layout` WRITE;
/*!40000 ALTER TABLE `print_layout` DISABLE KEYS */;
/*!40000 ALTER TABLE `print_layout` ENABLE KEYS */;
UNLOCK TABLES;

--
-- Table structure for table `product_batch_inventory`
--

DROP TABLE IF EXISTS `product_batch_inventory`;
/*!40101 SET @saved_cs_client     = @@character_set_client */;
/*!40101 SET character_set_client = utf8 */;
CREATE TABLE `product_batch_inventory` (
  `product_key` varchar(100) NOT NULL,
  `product_id` bigint(20) DEFAULT '0',
  `batch_no` varchar(55) DEFAULT '',
  `exp_date` date DEFAULT '0000-00-00',
  `batch_exp_on_hand` decimal(20,2) DEFAULT '0.00',
  PRIMARY KEY (`product_key`) USING BTREE,
  UNIQUE KEY `product_key` (`product_key`) USING BTREE
) ENGINE=InnoDB DEFAULT CHARSET=latin1;
/*!40101 SET character_set_client = @saved_cs_client */;

--
-- Dumping data for table `product_batch_inventory`
--

LOCK TABLES `product_batch_inventory` WRITE;
/*!40000 ALTER TABLE `product_batch_inventory` DISABLE KEYS */;
/*!40000 ALTER TABLE `product_batch_inventory` ENABLE KEYS */;
UNLOCK TABLES;

--
-- Table structure for table `products`
--

DROP TABLE IF EXISTS `products`;
/*!40101 SET @saved_cs_client     = @@character_set_client */;
/*!40101 SET character_set_client = utf8 */;
CREATE TABLE `products` (
  `product_id` bigint(20) NOT NULL AUTO_INCREMENT,
  `product_code` varchar(255) DEFAULT '',
  `product_desc` varchar(255) DEFAULT '',
  `product_desc1` varchar(255) DEFAULT '',
  `unit` varchar(255) DEFAULT '',
  `size` varchar(255) DEFAULT '',
  `supplier_id` bigint(20) DEFAULT '0',
  `tax_type_id` bigint(20) DEFAULT '0',
  `refproduct_id` int(10) DEFAULT '0',
  `category_id` int(11) DEFAULT '0',
  `department_id` int(11) DEFAULT '2' COMMENT '1 - Hotel , 2 -  POS',
  `is_bulk` tinyint(1) DEFAULT '0',
  `parent_unit_id` bigint(20) DEFAULT '0',
  `child_unit_desc` varchar(175) DEFAULT '0',
  `child_unit_id` bigint(20) DEFAULT '0',
  `equivalent_points` decimal(20,2) DEFAULT '0.00',
  `product_warn` decimal(16,2) DEFAULT '0.00',
  `product_ideal` decimal(16,2) DEFAULT '0.00',
  `purchase_cost` decimal(20,2) DEFAULT '0.00',
  `purchase_cost_2` decimal(20,2) DEFAULT '0.00',
  `markup_percent` decimal(20,2) DEFAULT '0.00',
  `sale_price` decimal(20,2) DEFAULT '0.00',
  `whole_sale` decimal(20,2) DEFAULT '0.00',
  `retailer_price` decimal(20,2) DEFAULT '0.00',
  `special_disc` decimal(20,2) DEFAULT '0.00',
  `discounted_price` decimal(20,2) DEFAULT '0.00',
  `dealer_price` decimal(20,2) DEFAULT '0.00',
  `distributor_price` decimal(20,2) DEFAULT '0.00',
  `public_price` decimal(20,2) DEFAULT '0.00',
  `valued_customer` decimal(20,2) DEFAULT '0.00',
  `income_account_id` bigint(20) DEFAULT '0',
  `expense_account_id` bigint(20) DEFAULT '0',
  `on_hand` decimal(20,2) DEFAULT '0.00',
  `item_type_id` int(11) DEFAULT '0',
  `date_created` datetime DEFAULT '0000-00-00 00:00:00',
  `date_modified` datetime DEFAULT '0000-00-00 00:00:00',
  `date_deleted` datetime DEFAULT '0000-00-00 00:00:00',
  `created_by_user` int(11) DEFAULT '0',
  `modified_by_user` int(11) DEFAULT '0',
  `deleted_by_user` int(11) DEFAULT '0',
  `is_inventory` bit(1) DEFAULT b'1',
  `is_tax_exempt` bit(1) DEFAULT b'0',
  `is_deleted` bit(1) DEFAULT b'0',
  `is_active` bit(1) DEFAULT b'1',
  `pos_item_cost` decimal(20,2) DEFAULT '0.00',
  `pos_item_rate` decimal(20,2) DEFAULT '0.00',
  `section_id` int(11) NOT NULL,
  `menu_id` int(11) NOT NULL,
  `item_backcolor` varchar(100) DEFAULT '-1',
  `item_forecolor` varchar(100) DEFAULT '-16777216',
  `pos_is_manual_pricing` bit(1) DEFAULT b'0',
  `pos_is_salable` bit(1) DEFAULT b'0',
  `pos_is_vatable` bit(1) DEFAULT b'0',
  PRIMARY KEY (`product_id`) USING BTREE
) ENGINE=InnoDB AUTO_INCREMENT=515 DEFAULT CHARSET=latin1;
/*!40101 SET character_set_client = @saved_cs_client */;

--
-- Dumping data for table `products`
--

LOCK TABLES `products` WRITE;
/*!40000 ALTER TABLE `products` DISABLE KEYS */;
INSERT INTO `products` VALUES (1,'Knorr Beef Broth','1.5kg','Knorr Beef Broth','',NULL,8,2,NULL,2,2,0,6,'0',0,0.00,30.00,60.00,517.00,0.00,0.00,0.00,0.00,0.00,0.00,0.00,0.00,0.00,0.00,0.00,114,24,12.33,1,'2018-01-11 16:00:26','2018-02-26 16:34:11','0000-00-00 00:00:00',2,6,0,'','\0','\0','',550.10,550.10,0,2,'-1','-16777216','\0','\0','\0'),(2,'Pepperoni','Pepperoni','Pepperoni','',NULL,2,2,NULL,1,2,0,9,'0',0,0.00,30.00,60.00,335.00,0.00,0.00,0.00,0.00,0.00,0.00,0.00,0.00,0.00,0.00,0.00,114,24,25.00,1,'2018-01-11 16:00:28','0000-00-00 00:00:00','0000-00-00 00:00:00',1,0,0,'','\0','\0','',335.00,335.00,0,1,'-1','-16777216','\0','\0','\0'),(3,' Shrimp Frozen ',' Shrimp Frozen ',' Shrimp Frozen ','',NULL,3,1,NULL,1,2,0,9,'0',0,0.00,5.00,15.00,480.00,0.00,0.00,0.00,0.00,0.00,0.00,0.00,0.00,0.00,0.00,0.00,63,24,0.00,1,'2018-01-11 16:01:24','2018-03-06 11:48:34','0000-00-00 00:00:00',1,6,0,'','\0','\0','',460.00,460.00,0,0,'-1','-16777216','\0','\0','\0'),(4,'Sprite Btl','Sprite Btl','Sprite Btl','',NULL,12,2,NULL,2,2,0,3,'0',0,0.00,30.00,60.00,7.00,0.00,0.00,0.00,0.00,0.00,0.00,0.00,0.00,0.00,0.00,0.00,114,24,0.00,1,'2018-01-11 16:02:56','0000-00-00 00:00:00','0000-00-00 00:00:00',2,0,0,'','\0','\0','',7.00,7.00,0,2,'-1','-16777216','\0','\0','\0'),(5,'Top Round','Top Round','','',NULL,3,1,NULL,1,2,1,9,'1000',10,0.00,10.00,30.00,340.00,0.00,0.00,0.00,0.00,0.00,0.00,0.00,0.00,0.00,0.00,0.00,63,24,150.00,1,'2018-01-11 16:06:56','2018-03-06 11:48:04','0000-00-00 00:00:00',1,6,0,'','\0','\0','',340.00,340.00,0,0,'-1','-16777216','\0','\0','\0'),(6,' New Zealand Mussels ',' New Zealand Mussels \r\n',' New Zealand Mussels \r\n','',NULL,3,2,NULL,1,2,1,12,'20',1,0.00,5.00,15.00,440.00,0.00,0.00,0.00,0.00,0.00,0.00,0.00,0.00,0.00,0.00,0.00,63,24,0.00,1,'2018-01-11 16:08:17','2018-06-25 14:58:39','0000-00-00 00:00:00',1,1,0,'','\0','\0','',455.00,455.00,0,1,'-1','-16777216','\0','\0','\0'),(7,' Salmon Fillet ',' Salmon Fillet \r\n',' Salmon Fillet \r\n','',NULL,38,1,NULL,1,2,0,9,'0',0,0.00,3.00,6.00,710.00,0.00,0.00,0.00,0.00,0.00,0.00,0.00,0.00,0.00,0.00,0.00,63,24,2.00,1,'2018-01-11 16:08:53','2018-02-28 10:26:58','0000-00-00 00:00:00',1,6,0,'','\0','\0','',800.00,800.00,0,0,'-1','-16777216','\0','\0','\0'),(8,'Baby Back Ribs',' Baby Back Ribs','Baby Back Ribs','',NULL,3,1,NULL,1,2,0,12,'0',0,0.00,10.00,30.00,340.00,0.00,0.00,0.00,0.00,0.00,0.00,0.00,0.00,0.00,0.00,0.00,63,24,0.00,1,'2018-01-11 16:10:18','2018-02-28 09:18:16','0000-00-00 00:00:00',1,6,0,'','\0','\0','',340.00,340.00,0,1,'-1','-16777216','\0','\0','\0'),(9,'Beer','Beer','Beer','',NULL,12,2,NULL,2,2,0,1,'0',0,0.00,30.00,60.00,21.00,0.00,0.00,0.00,0.00,0.00,0.00,0.00,0.00,0.00,0.00,0.00,114,24,0.00,1,'2018-01-11 16:10:25','2018-01-11 16:24:29','0000-00-00 00:00:00',2,2,0,'','\0','\0','',21.00,21.00,0,2,'-1','-16777216','\0','\0','\0'),(10,'Steak cut Fries ','Steak Fries \r\n','Steak Fries','',NULL,3,2,NULL,1,2,0,1,'0',0,0.00,5.00,15.00,105.00,0.00,0.00,0.00,0.00,0.00,0.00,0.00,0.00,0.00,0.00,0.00,63,24,0.00,1,'2018-01-11 16:10:54','2018-02-28 09:14:09','0000-00-00 00:00:00',1,6,0,'','\0','\0','',120.00,120.00,0,1,'-1','-16777216','\0','\0','\0'),(11,' Scallop Meat ',' Scallop Meat \r\n',' Scallop Meat \r\n','',NULL,3,2,NULL,1,2,0,9,'0',0,0.00,30.00,60.00,400.00,0.00,0.00,0.00,0.00,0.00,0.00,0.00,0.00,0.00,0.00,0.00,114,24,101.00,1,'2018-01-11 16:11:33','0000-00-00 00:00:00','0000-00-00 00:00:00',1,0,0,'','\0','\0','',400.00,400.00,0,1,'-1','-16777216','\0','\0','\0'),(12,'cab rib eye steak 8oz',' Beef Rib Eye Lip On, Prime-Cr \r\n',' Beef Rib Eye Lip On, Prime-Cr \r\n','',NULL,10,2,NULL,1,2,0,2,'0',0,0.00,5.00,20.00,580.00,0.00,0.00,0.00,0.00,0.00,0.00,0.00,0.00,0.00,0.00,0.00,63,24,3.00,1,'2018-01-11 16:12:11','2018-02-28 09:54:24','0000-00-00 00:00:00',1,6,0,'','\0','\0','',1650.00,1650.00,0,1,'-1','-16777216','\0','\0','\0'),(13,'Garlic Bread','Garlic Bread\r\n','Garlic Bread\r\n','',NULL,16,2,NULL,2,2,0,2,'0',0,0.00,30.00,60.00,12.50,0.00,0.00,0.00,0.00,0.00,0.00,0.00,0.00,0.00,0.00,0.00,114,24,0.00,1,'2018-01-11 16:12:26','0000-00-00 00:00:00','0000-00-00 00:00:00',2,0,0,'','\0','\0','',12.50,12.50,0,2,'-1','-16777216','\0','\0','\0'),(14,' Shrimp Tail On ',' Shrimp Tail On \r\n',' Shrimp Tail On \r\n','',NULL,4,2,NULL,1,2,0,9,'0',0,0.00,30.00,60.00,600.00,0.00,0.00,0.00,0.00,0.00,0.00,0.00,0.00,0.00,0.00,0.00,114,24,0.00,1,'2018-01-11 16:12:45','0000-00-00 00:00:00','2018-02-27 15:58:14',1,0,6,'','\0','','',600.00,600.00,0,1,'-1','-16777216','\0','\0','\0'),(15,'Tuna loin Fillet ','Tuna Fillet ','Tuna Fillet ','',NULL,38,1,NULL,1,2,0,9,'0',0,0.00,3.00,6.00,520.00,0.00,0.00,0.00,0.00,0.00,0.00,0.00,0.00,0.00,0.00,0.00,63,24,0.00,1,'2018-01-11 16:13:21','2018-02-28 10:28:03','0000-00-00 00:00:00',1,6,0,'','\0','\0','',530.00,530.00,0,1,'-1','-16777216','\0','\0','\0'),(16,'White Bread','White Bread\r\n','White Bread\r\n','',NULL,16,2,NULL,2,2,0,1,'0',0,0.00,30.00,60.00,60.00,0.00,0.00,0.00,0.00,0.00,0.00,0.00,0.00,0.00,0.00,0.00,114,24,3.00,1,'2018-01-11 16:13:31','0000-00-00 00:00:00','0000-00-00 00:00:00',2,0,0,'','\0','\0','',60.00,60.00,0,2,'-1','-16777216','\0','\0','\0'),(17,' Pusit Lumot ',' Pusit Lumot \r\n',' Pusit Lumot \r\n','',NULL,7,1,NULL,1,2,0,1,'0',0,0.00,2.00,5.00,490.00,0.00,0.00,0.00,0.00,0.00,0.00,0.00,0.00,0.00,0.00,0.00,63,24,0.00,1,'2018-01-11 16:13:43','2018-08-22 09:05:19','0000-00-00 00:00:00',1,1,0,'','\0','\0','',300.00,300.00,0,1,'-1','-16777216','\0','\0','\0'),(18,' Lobster Tail ',' Lobster Tail \r\n',' Lobster Tail \r\n','',NULL,4,2,NULL,1,2,0,9,'0',0,0.00,30.00,60.00,2311.11,0.00,0.00,0.00,0.00,0.00,0.00,0.00,0.00,0.00,0.00,0.00,114,24,0.00,1,'2018-01-11 16:14:11','0000-00-00 00:00:00','2018-02-27 16:39:42',1,0,6,'','\0','','',2311.11,2311.11,0,1,'-1','-16777216','\0','\0','\0'),(19,'Burger Buns','Burger Buns\r\n','Burger Buns\r\n','',NULL,16,2,NULL,2,2,0,2,'0',0,0.00,30.00,60.00,11.00,0.00,0.00,0.00,0.00,0.00,0.00,0.00,0.00,0.00,0.00,0.00,114,24,0.00,1,'2018-01-11 16:14:21','0000-00-00 00:00:00','0000-00-00 00:00:00',2,0,0,'','\0','\0','',11.00,11.00,0,2,'-1','-16777216','\0','\0','\0'),(20,'Hoagie Roll','Hoagie Roll\r\n','Hoagie Roll\r\n','',NULL,16,2,NULL,2,2,0,2,'0',0,0.00,30.00,60.00,7.00,0.00,0.00,0.00,0.00,0.00,0.00,0.00,0.00,0.00,0.00,0.00,114,24,0.00,1,'2018-01-11 16:14:51','0000-00-00 00:00:00','0000-00-00 00:00:00',2,0,0,'','\0','\0','',7.00,7.00,0,2,'-1','-16777216','\0','\0','\0'),(21,'English Muffin','English Muffin\r\n','English Muffin\r\n','',NULL,16,2,NULL,2,2,0,2,'0',0,0.00,30.00,60.00,11.00,0.00,0.00,0.00,0.00,0.00,0.00,0.00,0.00,0.00,0.00,0.00,114,24,0.00,1,'2018-01-11 16:16:41','0000-00-00 00:00:00','0000-00-00 00:00:00',2,0,0,'','\0','\0','',11.00,11.00,0,2,'-1','-16777216','\0','\0','\0'),(22,'Milk Magic','Milk Magic\r\n','Milk Magic\r\n','',NULL,6,2,NULL,2,2,0,12,'0',0,0.00,5.00,10.00,660.00,0.00,0.00,0.00,0.00,0.00,0.00,0.00,0.00,0.00,0.00,0.00,64,23,0.00,1,'2018-01-11 16:17:11','2018-02-28 10:42:51','0000-00-00 00:00:00',2,6,0,'','\0','\0','',66.00,66.00,0,2,'-1','-16777216','\0','\0','\0'),(23,'Tom Yum Paste','Tom Yum Paste\r\n','Tom Yum Paste\r\n','',NULL,8,2,NULL,2,2,0,3,'0',0,0.00,30.00,60.00,23.75,0.00,0.00,0.00,0.00,0.00,0.00,0.00,0.00,0.00,0.00,0.00,114,24,45.00,1,'2018-01-11 16:17:39','0000-00-00 00:00:00','0000-00-00 00:00:00',2,0,0,'','\0','\0','',23.75,23.75,0,2,'-1','-16777216','\0','\0','\0'),(24,'Fiesta Coconut Milk Powder','500g\r\n','Coconut Milk\r\n','',NULL,8,2,NULL,2,2,0,1,'0',0,0.00,3.00,6.00,253.00,0.00,0.00,0.00,0.00,0.00,0.00,0.00,0.00,0.00,0.00,0.00,114,24,1.00,1,'2018-01-11 16:18:00','2018-04-09 16:58:16','0000-00-00 00:00:00',2,6,0,'','\0','\0','',253.00,253.00,0,2,'-1','-16777216','\0','\0','\0'),(25,'Fish Sauce','Fish Sauce\r\n','Fish Sauce\r\n','',NULL,8,2,NULL,2,2,0,4,'0',0,0.00,30.00,60.00,159.50,0.00,0.00,0.00,0.00,0.00,0.00,0.00,0.00,0.00,0.00,0.00,114,24,0.00,1,'2018-01-11 16:18:57','0000-00-00 00:00:00','0000-00-00 00:00:00',2,0,0,'','\0','\0','',159.50,159.50,0,2,'-1','-16777216','\0','\0','\0'),(26,'Mushroom Can','Mushroom Can\r\n','Mushroom Can\r\n','',NULL,8,2,NULL,2,2,0,5,'0',0,0.00,30.00,60.00,373.00,0.00,0.00,0.00,0.00,0.00,0.00,0.00,0.00,0.00,0.00,0.00,114,24,0.00,1,'2018-01-11 16:19:24','0000-00-00 00:00:00','0000-00-00 00:00:00',2,0,0,'','\0','\0','',373.00,373.00,0,2,'-1','-16777216','\0','\0','\0'),(27,'Knorr Chicken Broth','1.5kg','Chicken Broth\r\n','',NULL,8,2,NULL,2,2,0,6,'0',0,0.00,30.00,60.00,517.00,0.00,0.00,0.00,0.00,0.00,0.00,0.00,0.00,0.00,0.00,0.00,114,24,0.00,1,'2018-01-11 16:19:50','2018-02-26 16:33:07','0000-00-00 00:00:00',2,6,0,'','\0','\0','',517.00,517.00,0,2,'-1','-16777216','\0','\0','\0'),(28,'Smoked Paprika','Smoked Paprika\r\n','Smoked Paprika\r\n','',NULL,8,2,NULL,2,2,0,1,'0',0,0.00,30.00,60.00,1035.00,0.00,0.00,0.00,0.00,0.00,0.00,0.00,0.00,0.00,0.00,0.00,114,24,0.00,1,'2018-01-11 16:20:12','0000-00-00 00:00:00','0000-00-00 00:00:00',2,0,0,'','\0','\0','',1035.00,1035.00,0,2,'-1','-16777216','\0','\0','\0'),(29,'Corn Flour','Corn Flour','Corn Flour','',NULL,8,2,NULL,2,2,0,1,'0',0,0.00,30.00,60.00,53.00,0.00,0.00,0.00,0.00,0.00,0.00,0.00,0.00,0.00,0.00,0.00,114,24,0.00,1,'2018-01-11 16:20:38','0000-00-00 00:00:00','0000-00-00 00:00:00',2,0,0,'','\0','\0','',53.00,53.00,0,2,'-1','-16777216','\0','\0','\0'),(30,'Rice Flour','Rice Flour\r\n','Rice Flour\r\n','',NULL,8,2,NULL,2,2,0,1,'0',0,0.00,30.00,60.00,55.00,0.00,0.00,0.00,0.00,0.00,0.00,0.00,0.00,0.00,0.00,0.00,114,24,0.00,1,'2018-01-11 16:20:59','0000-00-00 00:00:00','0000-00-00 00:00:00',2,0,0,'','\0','\0','',55.00,55.00,0,2,'-1','-16777216','\0','\0','\0'),(31,'Squid Tube ','Squid Tube \r\n','Squid Tube ','',NULL,4,2,NULL,1,2,0,1,'0',0,0.00,5.00,15.00,235.00,0.00,0.00,0.00,0.00,0.00,0.00,0.00,0.00,0.00,0.00,0.00,63,24,0.00,1,'2018-01-11 16:22:06','2018-02-27 16:41:08','0000-00-00 00:00:00',1,6,0,'','\0','\0','',210.00,210.00,0,1,'-1','-16777216','\0','\0','\0'),(32,'Parrot Fish','Parrot Fish','Parrot Fish','',NULL,4,2,NULL,1,2,0,1,'0',0,0.00,30.00,60.00,410.00,0.00,0.00,0.00,0.00,0.00,0.00,0.00,0.00,0.00,0.00,0.00,114,24,0.00,1,'2018-01-11 16:24:15','0000-00-00 00:00:00','0000-00-00 00:00:00',1,0,0,'','\0','\0','',410.00,410.00,0,1,'-1','-16777216','\0','\0','\0'),(33,'English Sausage','English Sausage','English Sausage','',NULL,37,1,NULL,1,2,0,1,'0',0,0.00,5.00,10.00,320.00,0.00,0.00,0.00,0.00,0.00,0.00,0.00,0.00,0.00,0.00,0.00,63,24,0.00,1,'2018-01-11 16:24:46','2018-02-28 10:22:53','0000-00-00 00:00:00',1,6,0,'','\0','\0','',340.00,340.00,0,1,'-1','-16777216','\0','\0','\0'),(34,'Mozarella','Mozarella','Mozarella','',NULL,6,2,NULL,1,2,0,11,'0',0,0.00,1.00,4.00,2000.00,0.00,0.00,0.00,0.00,0.00,0.00,0.00,0.00,0.00,0.00,0.00,63,24,0.00,1,'2018-01-11 16:25:23','2018-02-28 11:08:54','0000-00-00 00:00:00',1,6,0,'','\0','\0','',1975.00,1975.00,0,1,'-1','-16777216','\0','\0','\0'),(35,'Salted Butter','Salted Butter','Salted Butter','',NULL,6,2,NULL,1,2,0,9,'0',0,0.00,30.00,60.00,1765.00,0.00,0.00,0.00,0.00,0.00,0.00,0.00,0.00,0.00,0.00,0.00,114,24,0.00,1,'2018-01-11 16:26:14','0000-00-00 00:00:00','0000-00-00 00:00:00',1,0,0,'','\0','\0','',1765.00,1765.00,0,1,'-1','-16777216','\0','\0','\0'),(36,'French Fries','2kilo/pack','French Fries','',NULL,6,2,NULL,1,2,0,1,'0',0,0.00,5.00,24.00,190.00,0.00,0.00,0.00,0.00,0.00,0.00,0.00,0.00,0.00,0.00,0.00,63,24,0.00,1,'2018-01-11 16:26:33','2018-02-28 11:20:33','0000-00-00 00:00:00',1,6,0,'','\0','\0','',190.00,190.00,0,1,'-1','-16777216','\0','\0','\0'),(37,'Lamb Burger','Lamb Burger','Lamb Burger','',NULL,7,1,NULL,1,2,0,1,'0',0,0.00,2.00,5.00,520.00,0.00,0.00,0.00,0.00,0.00,0.00,0.00,0.00,0.00,0.00,0.00,63,24,0.00,1,'2018-01-11 16:27:05','2018-02-28 09:25:32','0000-00-00 00:00:00',1,6,0,'','\0','\0','',520.00,520.00,0,1,'-1','-16777216','\0','\0','\0'),(38,'Chicken Breast','Chicken Breast','Chicken Breast','',NULL,7,1,NULL,1,2,0,1,'0',0,0.00,10.00,30.00,180.00,0.00,0.00,0.00,0.00,0.00,0.00,0.00,0.00,0.00,0.00,0.00,63,24,0.00,1,'2018-01-11 16:27:47','2018-02-28 09:20:45','0000-00-00 00:00:00',1,6,0,'','\0','\0','',140.00,140.00,0,1,'-1','-16777216','\0','\0','\0'),(39,'Chicken Wings','Chicken Wings','Chicken Wings','',NULL,7,1,NULL,1,2,0,1,'0',0,0.00,10.00,30.00,165.00,0.00,0.00,0.00,0.00,0.00,0.00,0.00,0.00,0.00,0.00,0.00,63,24,0.00,1,'2018-01-11 16:28:07','2018-02-28 09:21:57','0000-00-00 00:00:00',1,6,0,'','\0','\0','',155.00,155.00,0,1,'-1','-16777216','\0','\0','\0'),(40,'Angus Burger','burger patties','Angus','',NULL,7,1,NULL,1,2,0,1,'0',0,0.00,3.00,10.00,470.00,0.00,0.00,0.00,0.00,0.00,0.00,0.00,0.00,0.00,0.00,0.00,63,24,0.00,1,'2018-01-11 16:28:28','2018-02-28 09:23:30','0000-00-00 00:00:00',1,6,0,'','\0','\0','',480.00,480.00,0,1,'-1','-16777216','\0','\0','\0'),(41,'Chicken Whole','Chicken Whole','Chicken Whole','',NULL,7,1,NULL,1,2,0,2,'0',0,0.00,10.00,20.00,165.00,0.00,0.00,0.00,0.00,0.00,0.00,0.00,0.00,0.00,0.00,0.00,63,24,0.00,1,'2018-01-11 16:28:48','2018-02-28 09:26:44','0000-00-00 00:00:00',1,6,0,'','\0','\0','',145.00,145.00,0,1,'-1','-16777216','\0','\0','\0'),(42,'Tiger Prawns','Tiger Prawns','Tiger Prawns','',NULL,7,1,NULL,1,2,0,1,'0',0,0.00,5.00,10.00,850.00,0.00,0.00,0.00,0.00,0.00,0.00,0.00,0.00,0.00,0.00,0.00,63,24,0.00,1,'2018-01-11 16:29:18','2018-02-28 09:32:23','0000-00-00 00:00:00',1,6,0,'','\0','\0','',750.00,750.00,0,1,'-1','-16777216','\0','\0','\0'),(43,'Pork Belly','Pork Belly','Pork Belly','',NULL,7,1,NULL,1,2,0,9,'0',0,0.00,10.00,20.00,240.00,0.00,0.00,0.00,0.00,0.00,0.00,0.00,0.00,0.00,0.00,0.00,63,24,0.00,1,'2018-01-11 16:30:12','2018-04-09 17:08:04','0000-00-00 00:00:00',1,6,0,'','\0','\0','',260.00,260.00,0,1,'-1','-16777216','\0','\0','\0'),(44,'Beef Shrank Bulalo','Beef Shrank Bulalo','Beef Shrank Bulalo','',NULL,7,1,NULL,1,2,0,1,'0',0,0.00,5.00,10.00,280.00,0.00,0.00,0.00,0.00,0.00,0.00,0.00,0.00,0.00,0.00,0.00,63,24,0.00,1,'2018-01-11 16:30:40','2018-02-28 09:33:25','0000-00-00 00:00:00',1,6,0,'','\0','\0','',170.00,170.00,0,1,'-1','-16777216','\0','\0','\0'),(45,'Pork Mask & Ear','Pork Mask & Ear','Pork Mask & Ear','',NULL,7,1,NULL,1,2,0,1,'0',0,0.00,10.00,20.00,195.00,0.00,0.00,0.00,0.00,0.00,0.00,0.00,0.00,0.00,0.00,0.00,63,24,0.00,1,'2018-01-11 16:30:59','2018-02-28 09:30:09','0000-00-00 00:00:00',1,6,0,'','\0','\0','',185.00,185.00,0,1,'-1','-16777216','\0','\0','\0'),(46,'Chicken Liver','Chicken Liver','Chicken Liver','',NULL,7,1,NULL,1,2,0,1,'0',0,0.00,5.00,10.00,210.00,0.00,0.00,0.00,0.00,0.00,0.00,0.00,0.00,0.00,0.00,0.00,63,24,0.00,1,'2018-01-11 16:31:18','2018-02-28 09:34:25','0000-00-00 00:00:00',1,6,0,'','\0','\0','',150.00,150.00,0,1,'-1','-16777216','\0','\0','\0'),(47,'Pork Chop','Pork Chop','Pork Chop','',NULL,7,1,NULL,1,2,0,9,'0',0,0.00,5.00,10.00,230.00,0.00,0.00,0.00,0.00,0.00,0.00,0.00,0.00,0.00,0.00,0.00,63,24,0.00,1,'2018-01-11 16:31:47','2018-02-28 09:36:10','0000-00-00 00:00:00',1,6,0,'','\0','\0','',235.00,235.00,0,1,'-1','-16777216','\0','\0','\0'),(48,'Pork Kasim','Pork Kasim','Pork Kasim','',NULL,7,1,NULL,1,2,0,1,'0',0,0.00,10.00,20.00,205.00,0.00,0.00,0.00,0.00,0.00,0.00,0.00,0.00,0.00,0.00,0.00,63,24,0.00,1,'2018-01-11 16:32:08','2018-02-28 09:28:49','0000-00-00 00:00:00',1,6,0,'','\0','\0','',215.00,215.00,0,1,'-1','-16777216','\0','\0','\0'),(49,'Whole Kernel Corn','Whole Kernel Corn','Whole Kernel Corn','',NULL,8,2,NULL,2,2,0,5,'0',0,0.00,30.00,60.00,29.28,0.00,0.00,0.00,0.00,0.00,0.00,0.00,0.00,0.00,0.00,0.00,114,24,0.00,1,'2018-01-11 16:32:36','2018-02-28 15:06:23','0000-00-00 00:00:00',2,6,0,'','\0','\0','',29.28,29.28,0,2,'-1','-16777216','\0','\0','\0'),(50,'Bacon','Bacon','Bacon','',NULL,37,1,NULL,1,2,0,1,'0',0,0.00,5.00,20.00,395.00,0.00,0.00,0.00,0.00,0.00,0.00,0.00,0.00,0.00,0.00,0.00,63,24,1.00,1,'2018-01-11 16:32:58','2018-02-28 10:21:44','0000-00-00 00:00:00',1,6,0,'','\0','\0','',390.00,390.00,0,1,'-1','-16777216','\0','\0','\0'),(51,'Mccormick Iodize Salt','Iodize Salt','Iodize Salt','',NULL,8,2,NULL,2,2,0,1,'0',0,0.00,30.00,60.00,39.75,0.00,0.00,0.00,0.00,0.00,0.00,0.00,0.00,0.00,0.00,0.00,114,24,12.00,1,'2018-01-11 16:33:05','2018-02-24 13:56:18','0000-00-00 00:00:00',2,5,0,'','\0','\0','',39.75,39.75,0,2,'-1','-16777216','\0','\0','\0'),(52,'Nestle Yogurt Plain','Nestle Yogurt Plain','Nestle Yogurt Plain','',NULL,8,2,NULL,1,2,0,3,'0',0,0.00,30.00,60.00,90.00,0.00,0.00,0.00,0.00,0.00,0.00,0.00,0.00,0.00,0.00,0.00,114,24,0.00,1,'2018-01-11 16:33:49','0000-00-00 00:00:00','0000-00-00 00:00:00',1,0,0,'','\0','\0','',90.00,90.00,0,1,'-1','-16777216','\0','\0','\0'),(53,'Mccormick Red Pepper Crushed','500g','Pepper Crushed','',NULL,8,2,NULL,2,2,0,1,'0',0,0.00,30.00,60.00,1051.00,0.00,0.00,0.00,0.00,0.00,0.00,0.00,0.00,0.00,0.00,0.00,114,24,1.00,1,'2018-01-11 16:33:59','2018-02-26 17:03:25','0000-00-00 00:00:00',2,6,0,'','\0','\0','',1051.00,1051.00,0,2,'-1','-16777216','\0','\0','\0'),(54,'Dorry Fish','Dorry Fish','Dorry Fish','',NULL,8,2,NULL,1,2,0,9,'0',0,0.00,30.00,60.00,140.00,0.00,0.00,0.00,0.00,0.00,0.00,0.00,0.00,0.00,0.00,0.00,114,24,0.00,1,'2018-01-11 16:34:16','0000-00-00 00:00:00','0000-00-00 00:00:00',1,0,0,'','\0','\0','',140.00,140.00,0,1,'-1','-16777216','\0','\0','\0'),(55,'Lady\'s Choice Mayonnaise','5.5L','Mayonnaise','',NULL,8,2,NULL,2,2,0,4,'0',0,0.00,30.00,60.00,1077.00,0.00,0.00,0.00,0.00,0.00,0.00,0.00,0.00,0.00,0.00,0.00,114,24,1.00,1,'2018-01-11 16:34:37','2018-02-26 15:57:02','0000-00-00 00:00:00',2,6,0,'','\0','\0','',1077.00,1077.00,0,2,'-1','-16777216','\0','\0','\0'),(56,'Atlantic Cod Fillet','Atlantic Cod Fillet','Atlantic Cod Fillet','',NULL,9,2,NULL,1,2,0,9,'0',0,0.00,30.00,60.00,369.00,0.00,0.00,0.00,0.00,0.00,0.00,0.00,0.00,0.00,0.00,0.00,114,24,0.00,1,'2018-01-11 16:34:39','2018-01-11 16:35:01','0000-00-00 00:00:00',1,1,0,'','\0','\0','',369.00,369.00,0,1,'-1','-16777216','\0','\0','\0'),(57,'Cumin Powder','Cumin Powder','Cumin Powder','',NULL,8,2,NULL,2,2,0,1,'0',0,0.00,30.00,60.00,645.00,0.00,0.00,0.00,0.00,0.00,0.00,0.00,0.00,0.00,0.00,0.00,114,24,0.00,1,'2018-01-11 16:34:57','0000-00-00 00:00:00','0000-00-00 00:00:00',2,0,0,'','\0','\0','',645.00,645.00,0,2,'-1','-16777216','\0','\0','\0'),(58,'Wonton  Wrapper','Wonton  Wrapper','Wonton  Wrapper','',NULL,8,2,NULL,2,2,0,1,'0',0,0.00,30.00,60.00,31.25,0.00,0.00,0.00,0.00,0.00,0.00,0.00,0.00,0.00,0.00,0.00,114,24,0.00,1,'2018-01-11 16:35:15','0000-00-00 00:00:00','0000-00-00 00:00:00',2,0,0,'','\0','\0','',31.25,31.25,0,2,'-1','-16777216','\0','\0','\0'),(59,'Rice Vinegar','Rice Vinegar','Rice Vinegar','',NULL,8,2,NULL,2,2,0,3,'0',0,0.00,30.00,60.00,127.00,0.00,0.00,0.00,0.00,0.00,0.00,0.00,0.00,0.00,0.00,0.00,114,24,0.00,1,'2018-01-11 16:35:34','0000-00-00 00:00:00','0000-00-00 00:00:00',2,0,0,'','\0','\0','',127.00,127.00,0,2,'-1','-16777216','\0','\0','\0'),(60,'Turkey Ham','Turkey Ham','Turkey Ham','',NULL,10,2,NULL,1,2,0,2,'0',0,0.00,2.00,5.00,640.00,0.00,0.00,0.00,0.00,0.00,0.00,0.00,0.00,0.00,0.00,0.00,63,24,0.00,1,'2018-01-11 16:35:36','2018-02-28 09:46:10','0000-00-00 00:00:00',1,6,0,'','\0','\0','',640.00,640.00,0,1,'-1','-16777216','\0','\0','\0'),(61,'Sesami Oil','Sesami Oil','Sesami Oil','',NULL,8,2,NULL,2,2,0,3,'0',0,0.00,30.00,60.00,815.00,0.00,0.00,0.00,0.00,0.00,0.00,0.00,0.00,0.00,0.00,0.00,114,24,0.00,1,'2018-01-11 16:35:53','0000-00-00 00:00:00','0000-00-00 00:00:00',2,0,0,'','\0','\0','',815.00,815.00,0,2,'-1','-16777216','\0','\0','\0'),(62,'Frozen Lamb Shanks','Frozen Lamb Shanks','Frozen Lamb Shanks','',NULL,10,2,NULL,1,2,0,1,'0',0,0.00,5.00,10.00,490.00,0.00,0.00,0.00,0.00,0.00,0.00,0.00,0.00,0.00,0.00,0.00,63,24,0.00,1,'2018-01-11 16:36:04','2018-02-28 09:58:30','0000-00-00 00:00:00',1,6,0,'','\0','\0','',490.00,490.00,0,1,'-1','-16777216','\0','\0','\0'),(63,'Del Monte Tomato Ketchup','3kg','Tomato Ketchup','',NULL,8,2,NULL,2,2,0,1,'0',0,0.00,30.00,60.00,196.25,0.00,0.00,0.00,0.00,0.00,0.00,0.00,0.00,0.00,0.00,0.00,114,24,0.00,1,'2018-01-11 16:36:14','2018-02-26 16:30:24','0000-00-00 00:00:00',2,6,0,'','\0','\0','',196.25,196.25,0,2,'-1','-16777216','\0','\0','\0'),(64,'Tumeric Powder','Tumeric Powder','Tumeric Powder','',NULL,8,2,NULL,2,2,0,1,'0',0,0.00,30.00,60.00,490.00,0.00,0.00,0.00,0.00,0.00,0.00,0.00,0.00,0.00,0.00,0.00,114,24,0.00,1,'2018-01-11 16:36:33','0000-00-00 00:00:00','0000-00-00 00:00:00',2,0,0,'','\0','\0','',490.00,490.00,0,2,'-1','-16777216','\0','\0','\0'),(65,'Lamb Liver','Lamb Liver','Lamb Liver','',NULL,10,2,NULL,1,2,0,1,'0',0,0.00,5.00,10.00,170.00,0.00,0.00,0.00,0.00,0.00,0.00,0.00,0.00,0.00,0.00,0.00,63,24,0.00,1,'2018-01-11 16:36:33','2018-02-28 09:50:02','0000-00-00 00:00:00',1,6,0,'','\0','\0','',170.00,170.00,0,1,'-1','-16777216','\0','\0','\0'),(66,'Imported Oyster','Imported Oyster','Imported Oyster','',NULL,10,2,NULL,1,2,0,9,'0',0,0.00,30.00,60.00,3528.00,0.00,0.00,0.00,0.00,0.00,0.00,0.00,0.00,0.00,0.00,0.00,114,24,0.00,1,'2018-01-11 16:36:50','0000-00-00 00:00:00','0000-00-00 00:00:00',1,0,0,'','\0','\0','',3528.00,3528.00,0,1,'-1','-16777216','\0','\0','\0'),(67,'Marca Pinya Soy Sauce','1/2 gal','Marca Pinya Soy Sauce','',NULL,8,2,NULL,2,2,0,4,'0',0,0.00,30.00,60.00,77.00,0.00,0.00,0.00,0.00,0.00,0.00,0.00,0.00,0.00,0.00,0.00,114,24,0.00,1,'2018-01-11 16:36:54','2018-04-18 09:58:03','0000-00-00 00:00:00',2,6,0,'','\0','\0','',114.50,114.50,0,2,'-1','-16777216','\0','\0','\0'),(68,'Chili Powder','Chili Powder','Chili Powder','',NULL,8,2,NULL,2,2,0,1,'0',0,0.00,30.00,60.00,868.00,0.00,0.00,0.00,0.00,0.00,0.00,0.00,0.00,0.00,0.00,0.00,114,24,0.00,1,'2018-01-11 16:37:12','0000-00-00 00:00:00','0000-00-00 00:00:00',2,0,0,'','\0','\0','',868.00,868.00,0,2,'-1','-16777216','\0','\0','\0'),(69,'angus Tenderloin','Tenderloin','Tenderloin','',NULL,10,2,NULL,1,2,0,9,'0',0,0.00,1.00,3.00,2150.00,0.00,0.00,0.00,0.00,0.00,0.00,0.00,0.00,0.00,0.00,0.00,63,24,1.00,1,'2018-01-11 16:37:16','2018-02-28 09:51:35','0000-00-00 00:00:00',1,6,0,'','\0','\0','',2150.00,2150.00,0,1,'-1','-16777216','\0','\0','\0'),(70,'Siratcha Panthai','Siratcha Panthai','Siratcha Panthai','',NULL,8,2,NULL,2,2,0,3,'0',0,0.00,30.00,60.00,168.50,0.00,0.00,0.00,0.00,0.00,0.00,0.00,0.00,0.00,0.00,0.00,114,24,0.00,1,'2018-01-11 16:37:31','0000-00-00 00:00:00','0000-00-00 00:00:00',2,0,0,'','\0','\0','',168.50,168.50,0,2,'-1','-16777216','\0','\0','\0'),(71,'Duck Whole','Duck Whole','Duck Whole','',NULL,3,1,NULL,1,2,0,2,'0',0,0.00,2.00,6.00,340.00,0.00,0.00,0.00,0.00,0.00,0.00,0.00,0.00,0.00,0.00,0.00,63,24,0.00,1,'2018-01-11 16:37:35','2018-02-28 09:17:19','0000-00-00 00:00:00',1,6,0,'','\0','\0','',340.00,340.00,0,1,'-1','-16777216','\0','\0','\0'),(72,'Ilocus Honey','1 liter','Ilocus Honey','',NULL,8,2,NULL,2,2,0,3,'0',0,0.00,30.00,60.00,165.00,0.00,0.00,0.00,0.00,0.00,0.00,0.00,0.00,0.00,0.00,0.00,114,24,-17468.40,1,'2018-01-11 16:37:53','2018-02-24 13:19:20','0000-00-00 00:00:00',2,5,0,'','\0','\0','',165.00,165.00,0,2,'-1','-16777216','\0','\0','\0'),(73,'Striploin','Striploin','Striploin','',NULL,10,2,NULL,1,2,0,9,'0',0,0.00,30.00,60.00,1490.00,0.00,0.00,0.00,0.00,0.00,0.00,0.00,0.00,0.00,0.00,0.00,114,24,0.00,1,'2018-01-11 16:37:58','0000-00-00 00:00:00','0000-00-00 00:00:00',1,0,0,'','\0','\0','',1490.00,1490.00,0,1,'-1','-16777216','\0','\0','\0'),(74,'Frozen Lamb Rack Frenched','Frozen Lamb Rack Frenched','Frozen Lamb Rack Frenched','',NULL,10,2,NULL,1,2,0,1,'0',0,0.00,5.00,10.00,1350.00,0.00,0.00,0.00,0.00,0.00,0.00,0.00,0.00,0.00,0.00,0.00,63,24,0.00,1,'2018-01-11 16:38:27','2018-02-28 09:57:18','0000-00-00 00:00:00',1,6,0,'','\0','\0','',1350.00,1350.00,0,1,'-1','-16777216','\0','\0','\0'),(75,'Chili Flakes Kirkland','Chili Flakes Kirkland','Chili Flakes Kirkland','',NULL,8,2,NULL,2,2,0,1,'0',0,0.00,30.00,60.00,485.00,0.00,0.00,0.00,0.00,0.00,0.00,0.00,0.00,0.00,0.00,0.00,114,24,0.00,1,'2018-01-11 16:38:43','0000-00-00 00:00:00','0000-00-00 00:00:00',2,0,0,'','\0','\0','',485.00,485.00,0,2,'-1','-16777216','\0','\0','\0'),(76,'Provolone cheese','Provolone','Provolone','',NULL,10,2,NULL,1,2,0,2,'0',0,0.00,2.00,5.00,780.00,0.00,0.00,0.00,0.00,0.00,0.00,0.00,0.00,0.00,0.00,0.00,63,24,0.00,1,'2018-01-11 16:38:47','2018-03-05 09:55:53','0000-00-00 00:00:00',1,6,0,'','\0','\0','',780.00,780.00,0,1,'-1','-16777216','\0','\0','\0'),(77,'Oyster Sauce Mamasita','Oyster Sauce Mamasita','Oyster Sauce Mamasita','',NULL,8,2,NULL,2,2,0,4,'0',0,0.00,30.00,60.00,525.25,0.00,0.00,0.00,0.00,0.00,0.00,0.00,0.00,0.00,0.00,0.00,114,24,0.00,1,'2018-01-11 16:39:00','2018-04-18 09:52:13','0000-00-00 00:00:00',2,6,0,'','\0','\0','',525.25,525.25,0,2,'-1','-16777216','\0','\0','\0'),(78,'Mozarella Bufala 125G','Mozarella Bufala 125G','Mozarella Bufala 125G','',NULL,10,2,NULL,1,2,0,2,'0',0,0.00,5.00,15.00,260.00,0.00,0.00,0.00,0.00,0.00,0.00,0.00,0.00,0.00,0.00,0.00,63,24,1.00,1,'2018-01-11 16:39:07','2018-02-28 10:11:33','0000-00-00 00:00:00',1,6,0,'','\0','\0','',30.00,30.00,0,1,'-1','-16777216','\0','\0','\0'),(79,'Sweet Chili Sauce Pantai','Sweet Chili Sauce Pantai','Sweet Chili Sauce Pantai','',NULL,8,2,NULL,2,2,0,3,'0',0,0.00,30.00,60.00,184.25,0.00,0.00,0.00,0.00,0.00,0.00,0.00,0.00,0.00,0.00,0.00,114,24,0.00,1,'2018-01-11 16:39:24','0000-00-00 00:00:00','0000-00-00 00:00:00',2,0,0,'','\0','\0','',184.25,184.25,0,2,'-1','-16777216','\0','\0','\0'),(80,'Cheddar orange barre','Cheddar Cheese','Cheddar Cheese','',NULL,10,2,NULL,1,2,0,9,'0',0,0.00,1.00,4.00,1270.00,0.00,0.00,0.00,0.00,0.00,0.00,0.00,0.00,0.00,0.00,0.00,63,24,0.00,1,'2018-01-11 16:39:25','2018-02-28 09:41:45','0000-00-00 00:00:00',1,6,0,'','\0','\0','',620.00,620.00,0,1,'-1','-16777216','\0','\0','\0'),(81,'Corn Tortillia','Corn Tortillia','Corn Tortillia','',NULL,10,2,NULL,1,2,0,1,'0',0,0.00,2.00,8.00,290.00,0.00,0.00,0.00,0.00,0.00,0.00,0.00,0.00,0.00,0.00,0.00,63,24,0.00,1,'2018-01-11 16:39:44','2018-02-28 09:43:42','0000-00-00 00:00:00',1,6,0,'','\0','\0','',290.00,290.00,0,1,'-1','-16777216','\0','\0','\0'),(82,'Hoisen Sauce','Hoisen Sauce','Hoisen Sauce','',NULL,8,2,NULL,2,2,0,3,'0',0,0.00,30.00,60.00,125.75,0.00,0.00,0.00,0.00,0.00,0.00,0.00,0.00,0.00,0.00,0.00,114,24,0.00,1,'2018-01-11 16:39:46','0000-00-00 00:00:00','0000-00-00 00:00:00',2,0,0,'','\0','\0','',125.75,125.75,0,2,'-1','-16777216','\0','\0','\0'),(83,'Sesami Seed','Sesami Seed','Sesami Seed','',NULL,8,2,NULL,2,2,0,1,'0',0,0.00,30.00,60.00,233.00,0.00,0.00,0.00,0.00,0.00,0.00,0.00,0.00,0.00,0.00,0.00,114,24,0.00,1,'2018-01-11 16:41:29','0000-00-00 00:00:00','0000-00-00 00:00:00',2,0,0,'','\0','\0','',233.00,233.00,0,2,'-1','-16777216','\0','\0','\0'),(84,'Mccormick Garlic Powder','1kg','Garlic Powder','',NULL,8,2,NULL,2,2,0,1,'0',0,0.00,3.00,6.00,840.00,0.00,0.00,0.00,0.00,0.00,0.00,0.00,0.00,0.00,0.00,0.00,114,24,0.00,1,'2018-01-11 16:42:19','2018-02-26 17:06:00','0000-00-00 00:00:00',2,6,0,'','\0','\0','',555.00,555.00,0,2,'-1','-16777216','\0','\0','\0'),(85,'Green Peas Frozen','1kg','Green Peas Frozen','',NULL,8,2,NULL,2,2,0,1,'0',0,0.00,30.00,60.00,95.00,0.00,0.00,0.00,0.00,0.00,0.00,0.00,0.00,0.00,0.00,0.00,114,24,0.00,1,'2018-01-11 16:42:40','2018-02-24 13:23:21','0000-00-00 00:00:00',2,5,0,'','\0','\0','',95.00,95.00,0,2,'-1','-16777216','\0','\0','\0'),(86,'Mccormick Ginger Ground','1kg','Ginger Ground','',NULL,8,2,NULL,2,2,0,1,'0',0,0.00,30.00,60.00,1320.00,0.00,0.00,0.00,0.00,0.00,0.00,0.00,0.00,0.00,0.00,0.00,114,24,0.00,1,'2018-01-11 16:42:57','2018-02-26 17:02:27','0000-00-00 00:00:00',2,6,0,'','\0','\0','',1320.00,1320.00,0,2,'-1','-16777216','\0','\0','\0'),(87,'Mccormick Coriander Seed','1kg','Coriander Seed','',NULL,8,2,NULL,2,2,0,1,'0',0,0.00,30.00,60.00,405.00,0.00,0.00,0.00,0.00,0.00,0.00,0.00,0.00,0.00,0.00,0.00,114,24,0.00,1,'2018-01-11 16:43:18','2018-02-26 17:01:41','0000-00-00 00:00:00',2,6,0,'','\0','\0','',405.00,405.00,0,2,'-1','-16777216','\0','\0','\0'),(88,'Campbells Cream of Mushroom','284ml','284ml','',NULL,8,2,NULL,2,2,0,5,'0',0,0.00,30.00,60.00,39.00,0.00,0.00,0.00,0.00,0.00,0.00,0.00,0.00,0.00,0.00,0.00,114,24,0.00,1,'2018-01-11 16:43:34','2018-08-30 11:00:36','0000-00-00 00:00:00',2,1,0,'','\0','\0','',39.00,39.00,0,2,'-1','-16777216','\0','\0','\0'),(89,'Wasabi Powder','350g','Wasabi Powder','',NULL,8,2,NULL,2,2,0,1,'0',0,0.00,30.00,60.00,543.00,0.00,0.00,0.00,0.00,0.00,0.00,0.00,0.00,0.00,0.00,0.00,114,24,0.00,1,'2018-01-11 16:43:48','2018-02-26 16:42:09','0000-00-00 00:00:00',2,6,0,'','\0','\0','',543.00,543.00,0,2,'-1','-16777216','\0','\0','\0'),(90,'Tai Hing Bamboo Shoots','552g','Bamboo Shoots','',NULL,8,2,NULL,2,2,0,5,'0',0,0.00,30.00,60.00,45.50,0.00,0.00,0.00,0.00,0.00,0.00,0.00,0.00,0.00,0.00,0.00,114,24,0.00,1,'2018-01-11 16:45:33','2018-02-24 13:21:50','0000-00-00 00:00:00',2,5,0,'','\0','\0','',45.50,45.50,0,2,'-1','-16777216','\0','\0','\0'),(91,'Heinz Malt Vinegar','Heinz Malt Vinegar','Heinz Malt Vinegar','',NULL,8,2,NULL,2,2,0,3,'0',0,0.00,30.00,60.00,127.00,0.00,0.00,0.00,0.00,0.00,0.00,0.00,0.00,0.00,0.00,0.00,114,24,0.00,1,'2018-01-11 16:45:52','0000-00-00 00:00:00','0000-00-00 00:00:00',2,0,0,'','\0','\0','',127.00,127.00,0,2,'-1','-16777216','\0','\0','\0'),(92,'Vlasic Kosher Dill Baby Whole','Vlasic Kosher Dill Baby Whole','Vlasic Kosher Dill Baby Whole','',NULL,8,2,NULL,2,2,0,3,'0',0,0.00,30.00,60.00,290.00,0.00,0.00,0.00,0.00,0.00,0.00,0.00,0.00,0.00,0.00,0.00,114,24,0.00,1,'2018-01-11 16:46:11','0000-00-00 00:00:00','0000-00-00 00:00:00',2,0,0,'','\0','\0','',290.00,290.00,0,2,'-1','-16777216','\0','\0','\0'),(93,'Kikoman Soy Sauce','1L','Kikoman Soy Sauce','',NULL,8,2,NULL,2,2,0,3,'0',0,0.00,30.00,60.00,252.00,0.00,0.00,0.00,0.00,0.00,0.00,0.00,0.00,0.00,0.00,0.00,114,24,0.00,1,'2018-01-11 16:46:30','2018-02-26 15:58:00','0000-00-00 00:00:00',2,6,0,'','\0','\0','',252.00,252.00,0,2,'-1','-16777216','\0','\0','\0'),(94,'Mccormick Thyme Leaves Whole','400g','Thyme Leaves Whole','',NULL,8,2,NULL,2,2,0,3,'0',0,0.00,3.00,6.00,315.00,0.00,0.00,0.00,0.00,0.00,0.00,0.00,0.00,0.00,0.00,0.00,114,24,1.00,1,'2018-01-11 16:46:47','2018-02-26 16:59:15','0000-00-00 00:00:00',2,6,0,'','\0','\0','',319.00,319.00,0,2,'-1','-16777216','\0','\0','\0'),(95,'Cinamon Ground','Cinamon Ground','Cinamon Ground','',NULL,8,2,NULL,2,2,0,3,'0',0,0.00,30.00,60.00,402.00,0.00,0.00,0.00,0.00,0.00,0.00,0.00,0.00,0.00,0.00,0.00,114,24,0.00,1,'2018-01-11 16:47:04','0000-00-00 00:00:00','0000-00-00 00:00:00',2,0,0,'','\0','\0','',402.00,402.00,0,2,'-1','-16777216','\0','\0','\0'),(96,'Mccormick Nutmeg Ground','505g','Nutmeg Ground','',NULL,8,2,NULL,2,2,0,3,'0',0,0.00,30.00,60.00,1965.00,0.00,0.00,0.00,0.00,0.00,0.00,0.00,0.00,0.00,0.00,0.00,114,24,0.00,1,'2018-01-11 16:47:22','2018-02-26 16:44:55','0000-00-00 00:00:00',2,6,0,'','\0','\0','',1965.00,1965.00,0,2,'-1','-16777216','\0','\0','\0'),(97,'Mushroom Dry','Mushroom Dry','Mushroom Dry','',NULL,8,2,NULL,2,2,0,1,'0',0,0.00,30.00,60.00,285.00,0.00,0.00,0.00,0.00,0.00,0.00,0.00,0.00,0.00,0.00,0.00,114,24,0.00,1,'2018-01-11 16:47:38','0000-00-00 00:00:00','0000-00-00 00:00:00',2,0,0,'','\0','\0','',285.00,285.00,0,2,'-1','-16777216','\0','\0','\0'),(98,'Siracha','Siracha','Siracha','',NULL,8,2,NULL,2,2,0,3,'0',0,0.00,30.00,60.00,101.00,0.00,0.00,0.00,0.00,0.00,0.00,0.00,0.00,0.00,0.00,0.00,114,24,0.00,1,'2018-01-11 16:47:56','0000-00-00 00:00:00','0000-00-00 00:00:00',2,0,0,'','\0','\0','',101.00,101.00,0,2,'-1','-16777216','\0','\0','\0'),(99,'Hunts Bbq Sauce','Hunts Bbq Sauce','Hunts Bbq Sauce','',NULL,8,2,NULL,2,2,0,3,'0',0,0.00,30.00,60.00,99.80,0.00,0.00,0.00,0.00,0.00,0.00,0.00,0.00,0.00,0.00,0.00,114,24,0.00,1,'2018-01-11 16:48:24','0000-00-00 00:00:00','0000-00-00 00:00:00',2,0,0,'','\0','\0','',99.80,99.80,0,2,'-1','-16777216','\0','\0','\0'),(100,'Calumet Baking Powder','Calumet Baking Powder','Calumet Baking Powder','',NULL,8,2,NULL,2,2,0,1,'0',0,0.00,30.00,60.00,121.00,0.00,0.00,0.00,0.00,0.00,0.00,0.00,0.00,0.00,0.00,0.00,114,24,0.00,1,'2018-01-11 16:48:47','0000-00-00 00:00:00','0000-00-00 00:00:00',2,0,0,'','\0','\0','',121.00,121.00,0,2,'-1','-16777216','\0','\0','\0'),(101,'Arm Hammer Baking Soda','Baking Soda','Baking Soda','',NULL,8,2,NULL,2,2,0,1,'0',0,0.00,30.00,60.00,86.50,0.00,0.00,0.00,0.00,0.00,0.00,0.00,0.00,0.00,0.00,0.00,114,24,0.00,1,'2018-01-11 16:49:10','2018-02-26 16:28:30','0000-00-00 00:00:00',2,6,0,'','\0','\0','',86.50,86.50,0,2,'-1','-16777216','\0','\0','\0'),(102,'Molinera Red Kidney Beans','Red Kidney Beans','Red Kidney Beans','',NULL,8,2,NULL,2,2,0,5,'0',0,0.00,30.00,60.00,48.00,0.00,0.00,0.00,0.00,0.00,0.00,0.00,0.00,0.00,0.00,0.00,114,24,0.00,1,'2018-01-11 16:49:33','2018-02-26 16:22:52','0000-00-00 00:00:00',2,6,0,'','\0','\0','',48.00,48.00,0,2,'-1','-16777216','\0','\0','\0'),(103,'Molinera Baked Beans In Tomato Sauce','400g','Baked Beans In Tomato Sauce','',NULL,8,2,NULL,2,2,0,5,'0',0,0.00,30.00,60.00,51.75,0.00,0.00,0.00,0.00,0.00,0.00,0.00,0.00,0.00,0.00,0.00,114,24,11.00,1,'2018-01-11 16:49:50','2018-02-24 13:20:47','0000-00-00 00:00:00',2,5,0,'','\0','\0','',51.75,51.75,0,2,'-1','-16777216','\0','\0','\0'),(104,'Green Curry Paste','Green Curry Paste','Green Curry Paste','',NULL,8,2,NULL,2,2,0,1,'0',0,0.00,30.00,60.00,46.50,0.00,0.00,0.00,0.00,0.00,0.00,0.00,0.00,0.00,0.00,0.00,114,24,0.00,1,'2018-01-11 16:50:54','0000-00-00 00:00:00','0000-00-00 00:00:00',2,0,0,'','\0','\0','',46.50,46.50,0,2,'-1','-16777216','\0','\0','\0'),(105,'Red Curry Paste','Red Curry Paste','Red Curry Paste','',NULL,8,2,NULL,2,2,0,1,'0',0,0.00,30.00,60.00,46.50,0.00,0.00,0.00,0.00,0.00,0.00,0.00,0.00,0.00,0.00,0.00,114,24,0.00,1,'2018-01-11 16:51:18','0000-00-00 00:00:00','0000-00-00 00:00:00',2,0,0,'','\0','\0','',46.50,46.50,0,2,'-1','-16777216','\0','\0','\0'),(106,'Kraft Parmesan Cheese','Parmesan Cheese','Parmesan Cheese','',NULL,8,2,NULL,2,2,0,3,'0',0,0.00,30.00,60.00,371.00,0.00,0.00,0.00,0.00,0.00,0.00,0.00,0.00,0.00,0.00,0.00,114,24,0.00,1,'2018-01-11 16:51:38','2018-02-26 16:55:23','0000-00-00 00:00:00',2,6,0,'','\0','\0','',371.00,371.00,0,2,'-1','-16777216','\0','\0','\0'),(107,'Coconut Milk','Coconut Milk','Coconut Milk','',NULL,8,2,NULL,2,2,0,1,'0',0,0.00,30.00,60.00,35.00,0.00,0.00,0.00,0.00,0.00,0.00,0.00,0.00,0.00,0.00,0.00,114,24,0.00,1,'2018-01-11 16:52:50','2018-04-09 16:54:22','0000-00-00 00:00:00',2,6,0,'','\0','\0','',35.00,35.00,0,2,'-1','-16777216','\0','\0','\0'),(108,'Bread Crumbs','Bread Crumbs','Bread Crumbs','',NULL,8,2,NULL,2,2,0,1,'0',0,0.00,30.00,60.00,128.58,0.00,0.00,0.00,0.00,0.00,0.00,0.00,0.00,0.00,0.00,0.00,114,24,0.00,1,'2018-01-11 16:53:37','0000-00-00 00:00:00','2018-01-31 10:37:29',2,0,5,'','\0','','',128.58,128.58,0,2,'-1','-16777216','\0','\0','\0'),(109,'Cashew Nuts','Cashew Nuts','Cashew Nuts','',NULL,8,2,NULL,2,2,0,1,'0',0,0.00,30.00,60.00,825.00,0.00,0.00,0.00,0.00,0.00,0.00,0.00,0.00,0.00,0.00,0.00,114,24,0.00,1,'2018-01-11 16:54:13','0000-00-00 00:00:00','0000-00-00 00:00:00',2,0,0,'','\0','\0','',825.00,825.00,0,2,'-1','-16777216','\0','\0','\0'),(110,'Black Olives Capri','Black Olives Capri','Black Olives Capri','',NULL,8,2,NULL,2,2,0,5,'0',0,0.00,30.00,60.00,472.00,0.00,0.00,0.00,0.00,0.00,0.00,0.00,0.00,0.00,0.00,0.00,114,24,0.00,1,'2018-01-11 16:54:33','0000-00-00 00:00:00','0000-00-00 00:00:00',2,0,0,'','\0','\0','',472.00,472.00,0,2,'-1','-16777216','\0','\0','\0'),(111,'La Costena Jalapeno Slice','La Costena Jalapeno Slice','La Costena Jalapeno Slice','',NULL,8,2,NULL,2,2,0,5,'0',0,0.00,30.00,60.00,415.50,0.00,0.00,0.00,0.00,0.00,0.00,0.00,0.00,0.00,0.00,0.00,114,24,0.00,1,'2018-01-11 16:54:53','0000-00-00 00:00:00','0000-00-00 00:00:00',2,0,0,'','\0','\0','',415.50,415.50,0,2,'-1','-16777216','\0','\0','\0'),(112,'Strawberry Jam','Strawberry Jam','Strawberry Jam','',NULL,8,2,NULL,2,2,0,3,'0',0,0.00,30.00,60.00,97.00,0.00,0.00,0.00,0.00,0.00,0.00,0.00,0.00,0.00,0.00,0.00,114,24,0.00,1,'2018-01-11 16:55:20','0000-00-00 00:00:00','0000-00-00 00:00:00',2,0,0,'','\0','\0','',97.00,97.00,0,2,'-1','-16777216','\0','\0','\0'),(113,'Figaro Capers','Figaro Capers','Figaro Capers','',NULL,8,2,NULL,2,2,0,3,'0',0,0.00,30.00,60.00,160.50,0.00,0.00,0.00,0.00,0.00,0.00,0.00,0.00,0.00,0.00,0.00,114,24,0.00,1,'2018-01-11 16:55:50','0000-00-00 00:00:00','0000-00-00 00:00:00',2,0,0,'','\0','\0','',160.50,160.50,0,2,'-1','-16777216','\0','\0','\0'),(114,'Del Monte Tomato Paste','1kg','Tomato Paste','',NULL,8,2,NULL,2,2,0,1,'0',0,0.00,30.00,60.00,131.50,0.00,0.00,0.00,0.00,0.00,0.00,0.00,0.00,0.00,0.00,0.00,114,24,1.00,1,'2018-01-11 16:56:17','2018-02-26 16:32:05','0000-00-00 00:00:00',2,6,0,'','\0','\0','',131.50,131.50,0,2,'-1','-16777216','\0','\0','\0'),(115,'Knorr Sinigang Mix','Sinagang Mix','Sinagang Mix','',NULL,8,2,NULL,2,2,0,1,'0',0,0.00,30.00,60.00,245.00,0.00,0.00,0.00,0.00,0.00,0.00,0.00,0.00,0.00,0.00,0.00,114,24,0.00,1,'2018-01-11 16:56:35','2018-02-26 16:34:43','0000-00-00 00:00:00',2,6,0,'','\0','\0','',245.00,245.00,0,2,'-1','-16777216','\0','\0','\0'),(116,'Molinera Whole Peeled Tomato','Whole Peeled Tomato','Whole Peeled Tomato','',NULL,8,2,NULL,2,2,0,5,'0',0,0.00,30.00,60.00,225.75,0.00,0.00,0.00,0.00,0.00,0.00,0.00,0.00,0.00,0.00,0.00,114,24,0.00,1,'2018-01-11 16:56:54','2018-02-28 11:05:09','0000-00-00 00:00:00',2,6,0,'','\0','\0','',225.75,225.75,0,2,'-1','-16777216','\0','\0','\0'),(117,'knorr Demi Glace','Demi Glace','Demi Glace','',NULL,8,2,NULL,2,2,0,1,'0',0,0.00,30.00,60.00,470.00,0.00,0.00,0.00,0.00,0.00,0.00,0.00,0.00,0.00,0.00,0.00,114,24,0.00,1,'2018-01-11 16:57:30','2018-02-26 16:36:01','0000-00-00 00:00:00',2,6,0,'','\0','\0','',470.00,470.00,0,2,'-1','-16777216','\0','\0','\0'),(118,'Knorr Kare Kare Mix','5x160g','Kare Kare Knor Mix','',NULL,8,2,NULL,2,2,0,1,'0',0,0.00,30.00,60.00,26.00,0.00,0.00,0.00,0.00,0.00,0.00,0.00,0.00,0.00,0.00,0.00,114,24,0.00,1,'2018-01-11 16:57:47','2018-02-26 16:35:22','0000-00-00 00:00:00',2,6,0,'','\0','\0','',26.00,26.00,0,2,'-1','-16777216','\0','\0','\0'),(119,'Capri Balsamic Vinegar','Capri Balsamic Vinegar','Capri Balsamic Vinegar','',NULL,8,2,NULL,2,2,0,4,'0',0,0.00,30.00,60.00,1055.00,0.00,0.00,0.00,0.00,0.00,0.00,0.00,0.00,0.00,0.00,0.00,114,24,0.00,1,'2018-01-11 16:58:07','0000-00-00 00:00:00','0000-00-00 00:00:00',2,0,0,'','\0','\0','',1055.00,1055.00,0,2,'-1','-16777216','\0','\0','\0'),(120,'Nestle Sour Cream Dip','240g','Sour Cream','',NULL,8,2,NULL,2,2,0,3,'0',0,0.00,30.00,60.00,90.00,0.00,0.00,0.00,0.00,0.00,0.00,0.00,0.00,0.00,0.00,0.00,114,24,0.00,1,'2018-01-11 16:58:31','2018-02-26 15:40:24','0000-00-00 00:00:00',2,6,0,'','\0','\0','',90.00,90.00,0,2,'-1','-16777216','\0','\0','\0'),(121,'Del Monte Tomato Sauce','3kg','Tomato Sauce','',NULL,8,2,NULL,2,2,0,1,'0',0,0.00,30.00,60.00,191.25,0.00,0.00,0.00,0.00,0.00,0.00,0.00,0.00,0.00,0.00,0.00,114,24,0.00,1,'2018-01-11 16:58:54','2018-02-26 16:31:39','0000-00-00 00:00:00',2,6,0,'','\0','\0','',176.60,176.60,0,2,'-1','-16777216','\0','\0','\0'),(122,'Wantoon Wrapper','Wantoon Wrapper','Wantoon Wrapper','',NULL,8,2,NULL,2,2,0,1,'0',0,0.00,30.00,60.00,31.25,0.00,0.00,0.00,0.00,0.00,0.00,0.00,0.00,0.00,0.00,0.00,114,24,0.00,1,'2018-01-11 16:59:10','0000-00-00 00:00:00','0000-00-00 00:00:00',2,0,0,'','\0','\0','',31.25,31.25,0,2,'-1','-16777216','\0','\0','\0'),(123,'Ginger Powder','Ginger Powder','Ginger Powder','',NULL,8,2,NULL,2,2,0,1,'0',0,0.00,30.00,60.00,560.00,0.00,0.00,0.00,0.00,0.00,0.00,0.00,0.00,0.00,0.00,0.00,114,24,0.00,1,'2018-01-11 16:59:27','0000-00-00 00:00:00','0000-00-00 00:00:00',2,0,0,'','\0','\0','',560.00,560.00,0,2,'-1','-16777216','\0','\0','\0'),(124,'Mothers Best Hot Sauce','4L','Mother Hot Sauce','',NULL,8,2,NULL,2,2,0,4,'0',0,0.00,30.00,60.00,302.50,0.00,0.00,0.00,0.00,0.00,0.00,0.00,0.00,0.00,0.00,0.00,114,24,0.00,1,'2018-01-11 16:59:45','2018-02-26 15:55:15','0000-00-00 00:00:00',2,6,0,'','\0','\0','',302.50,302.50,0,2,'-1','-16777216','\0','\0','\0'),(125,'Bay Leaves','Bay Leaves','Bay Leaves','',NULL,8,2,NULL,2,2,0,1,'0',0,0.00,30.00,60.00,340.00,0.00,0.00,0.00,0.00,0.00,0.00,0.00,0.00,0.00,0.00,0.00,114,24,0.00,1,'2018-01-11 17:00:09','0000-00-00 00:00:00','0000-00-00 00:00:00',2,0,0,'','\0','\0','',340.00,340.00,0,2,'-1','-16777216','\0','\0','\0'),(126,'Brown Sugar','Brown Sugar','1kg','',NULL,8,2,NULL,2,2,0,1,'0',0,0.00,30.00,60.00,41.00,0.00,0.00,0.00,0.00,0.00,0.00,0.00,0.00,0.00,0.00,0.00,114,24,0.00,1,'2018-01-11 17:00:50','2018-02-24 13:09:38','0000-00-00 00:00:00',2,5,0,'','\0','\0','',45.00,45.00,0,2,'-1','-16777216','\0','\0','\0'),(127,'Worcestershire Sauce','Worcestershire Sauce','Worcestershire Sauce','',NULL,8,2,NULL,2,2,0,4,'0',0,0.00,30.00,60.00,370.00,0.00,0.00,0.00,0.00,0.00,0.00,0.00,0.00,0.00,0.00,0.00,114,24,0.00,1,'2018-01-11 17:01:12','0000-00-00 00:00:00','0000-00-00 00:00:00',2,0,0,'','\0','\0','',370.00,370.00,0,2,'-1','-16777216','\0','\0','\0'),(128,'Mccormick Taco Seasoning','1kg','Taco Seasoning','',NULL,8,2,NULL,2,2,0,3,'0',0,0.00,30.00,60.00,455.00,0.00,0.00,0.00,0.00,0.00,0.00,0.00,0.00,0.00,0.00,0.00,114,24,0.00,1,'2018-01-11 17:01:32','2018-02-26 16:58:50','0000-00-00 00:00:00',2,6,0,'','\0','\0','',415.00,415.00,0,2,'-1','-16777216','\0','\0','\0'),(129,'Mccormick Onion Powder','1kg','Onion Powder','',NULL,8,2,NULL,2,2,0,1,'0',0,0.00,30.00,60.00,560.00,0.00,0.00,0.00,0.00,0.00,0.00,0.00,0.00,0.00,0.00,0.00,114,24,0.00,1,'2018-01-11 17:01:51','2018-02-26 17:03:52','0000-00-00 00:00:00',2,6,0,'','\0','\0','',560.00,560.00,0,2,'-1','-16777216','\0','\0','\0'),(130,'Mccormick Oregano Leaves','250g','Dried Oregano','',NULL,8,2,NULL,2,2,0,1,'0',0,0.00,3.00,6.00,330.00,0.00,0.00,0.00,0.00,0.00,0.00,0.00,0.00,0.00,0.00,0.00,114,24,0.00,1,'2018-01-11 17:02:07','2018-02-26 16:57:51','0000-00-00 00:00:00',2,6,0,'','\0','\0','',420.00,420.00,0,2,'-1','-16777216','\0','\0','\0'),(131,'Australian Creame Cheese','Australian Creame Cheese','Australian Creame Cheese','',NULL,8,2,NULL,2,2,0,1,'0',0,0.00,30.00,60.00,142.00,0.00,0.00,0.00,0.00,0.00,0.00,0.00,0.00,0.00,0.00,0.00,114,24,10.00,1,'2018-01-11 17:02:26','0000-00-00 00:00:00','0000-00-00 00:00:00',2,0,0,'','\0','\0','',142.00,142.00,0,2,'-1','-16777216','\0','\0','\0'),(132,'San remo Penne Pasta','500g','Penne Pasta','',NULL,8,2,NULL,2,2,0,1,'0',0,0.00,30.00,60.00,69.00,0.00,0.00,0.00,0.00,0.00,0.00,0.00,0.00,0.00,0.00,0.00,114,24,0.00,1,'2018-01-11 17:02:46','2018-02-26 17:07:12','0000-00-00 00:00:00',2,6,0,'','\0','\0','',69.00,69.00,0,2,'-1','-16777216','\0','\0','\0'),(133,'San Remo Spaghetti Pasta','500g','Spagheti Pasta','',NULL,8,2,NULL,2,2,0,1,'0',0,0.00,30.00,60.00,69.00,0.00,0.00,0.00,0.00,0.00,0.00,0.00,0.00,0.00,0.00,0.00,114,24,0.00,1,'2018-01-11 17:03:07','2018-02-24 13:21:21','0000-00-00 00:00:00',2,5,0,'','\0','\0','',69.00,69.00,0,2,'-1','-16777216','\0','\0','\0'),(134,'Mccormick Curry Powder','1kg','Curry Powder','',NULL,8,2,NULL,2,2,0,1,'0',0,0.00,3.00,6.00,685.00,0.00,0.00,0.00,0.00,0.00,0.00,0.00,0.00,0.00,0.00,0.00,114,24,0.00,1,'2018-01-11 17:03:31','2018-02-26 17:00:23','0000-00-00 00:00:00',2,6,0,'','\0','\0','',645.00,645.00,0,2,'-1','-16777216','\0','\0','\0'),(135,'Coriander Powder','Coriander Powder','Coriander Powder','',NULL,8,2,NULL,2,2,0,1,'0',0,0.00,30.00,60.00,405.00,0.00,0.00,0.00,0.00,0.00,0.00,0.00,0.00,0.00,0.00,0.00,114,24,0.00,1,'2018-01-11 17:03:52','0000-00-00 00:00:00','0000-00-00 00:00:00',2,0,0,'','\0','\0','',405.00,405.00,0,2,'-1','-16777216','\0','\0','\0'),(136,'Mccormick Rosemary leaves','500g','Rosemarry','',NULL,8,2,NULL,2,2,0,3,'0',0,0.00,3.00,6.00,420.00,0.00,0.00,0.00,0.00,0.00,0.00,0.00,0.00,0.00,0.00,0.00,114,24,0.00,1,'2018-01-11 17:04:14','2018-02-26 17:01:07','0000-00-00 00:00:00',2,6,0,'','\0','\0','',645.00,645.00,0,2,'-1','-16777216','\0','\0','\0'),(137,'Hash Brown','Hash Brown','Hash Brown','',NULL,8,2,NULL,2,2,0,2,'0',0,0.00,30.00,60.00,100.00,0.00,0.00,0.00,0.00,0.00,0.00,0.00,0.00,0.00,0.00,0.00,114,24,0.00,1,'2018-01-11 17:04:29','0000-00-00 00:00:00','0000-00-00 00:00:00',2,0,0,'','\0','\0','',100.00,100.00,0,2,'-1','-16777216','\0','\0','\0'),(138,'Vanila Extract','Vanila Extract','Vanila Extract','',NULL,8,2,NULL,2,2,0,2,'0',0,0.00,30.00,60.00,14.00,0.00,0.00,0.00,0.00,0.00,0.00,0.00,0.00,0.00,0.00,0.00,114,24,0.00,1,'2018-01-11 17:04:48','0000-00-00 00:00:00','0000-00-00 00:00:00',2,0,0,'','\0','\0','',14.00,14.00,0,2,'-1','-16777216','\0','\0','\0'),(139,'San Remo Elbow Pasta (macaroni)','500g','Macaroni','',NULL,8,2,NULL,2,2,0,1,'0',0,0.00,30.00,60.00,69.00,0.00,0.00,0.00,0.00,0.00,0.00,0.00,0.00,0.00,0.00,0.00,114,24,0.00,1,'2018-01-11 17:05:03','2018-02-26 17:08:10','0000-00-00 00:00:00',2,6,0,'','\0','\0','',61.00,61.00,0,2,'-1','-16777216','\0','\0','\0'),(140,'Knorr Chicken Powder','1kg','Chicken Powder','',NULL,8,2,NULL,2,2,0,1,'0',0,0.00,30.00,60.00,324.15,0.00,0.00,0.00,0.00,0.00,0.00,0.00,0.00,0.00,0.00,0.00,114,24,0.00,1,'2018-01-11 17:05:23','2018-02-26 16:32:40','0000-00-00 00:00:00',2,6,0,'','\0','\0','',324.15,324.15,0,2,'-1','-16777216','\0','\0','\0'),(141,'Peanut Butter','Peanut Butter','Peanut Butter','',NULL,8,2,NULL,2,2,0,1,'0',0,0.00,30.00,60.00,101.00,0.00,0.00,0.00,0.00,0.00,0.00,0.00,0.00,0.00,0.00,0.00,114,24,0.00,1,'2018-01-11 17:05:43','0000-00-00 00:00:00','0000-00-00 00:00:00',2,0,0,'','\0','\0','',101.00,101.00,0,2,'-1','-16777216','\0','\0','\0'),(142,'Egg Noodles','Egg Noodles','Egg Noodles','',NULL,8,2,NULL,2,2,0,1,'0',0,0.00,30.00,60.00,47.50,0.00,0.00,0.00,0.00,0.00,0.00,0.00,0.00,0.00,0.00,0.00,114,24,0.00,1,'2018-01-11 17:06:00','2018-02-24 13:59:11','0000-00-00 00:00:00',2,5,0,'','\0','\0','',61.00,61.00,0,2,'-1','-16777216','\0','\0','\0'),(143,'Mccormick Cumin Seed','1kg','Cumin Seed','',NULL,8,2,NULL,2,2,0,3,'0',0,0.00,30.00,60.00,645.00,0.00,0.00,0.00,0.00,0.00,0.00,0.00,0.00,0.00,0.00,0.00,114,24,0.00,1,'2018-01-11 17:06:28','2018-02-26 17:04:14','0000-00-00 00:00:00',2,6,0,'','\0','\0','',645.00,645.00,0,2,'-1','-16777216','\0','\0','\0'),(144,'Jolly Mushroom Whole','2840g','Jolly Mushroom Whole','',NULL,8,2,NULL,2,2,0,5,'0',0,0.00,30.00,60.00,382.50,0.00,0.00,0.00,0.00,0.00,0.00,0.00,0.00,0.00,0.00,0.00,114,24,0.00,1,'2018-01-11 17:06:43','2018-04-09 17:29:38','0000-00-00 00:00:00',2,6,0,'','\0','\0','',373.00,373.00,0,2,'-1','-16777216','\0','\0','\0'),(145,'Mc Prepared Mustard','3.4kg','Mc Mustard','',NULL,8,2,NULL,2,2,0,3,'0',0,0.00,30.00,60.00,350.00,0.00,0.00,0.00,0.00,0.00,0.00,0.00,0.00,0.00,0.00,0.00,114,24,11.00,1,'2018-01-11 17:06:59','2018-02-26 15:56:25','0000-00-00 00:00:00',2,6,0,'','\0','\0','',350.00,350.00,0,2,'-1','-16777216','\0','\0','\0'),(146,'Anchovies','56g','Anchovies','',NULL,8,2,NULL,2,2,0,1,'0',0,0.00,3.00,6.00,111.00,0.00,0.00,0.00,0.00,0.00,0.00,0.00,0.00,0.00,0.00,0.00,114,24,0.00,1,'2018-01-11 17:07:20','2018-02-26 16:41:37','0000-00-00 00:00:00',2,6,0,'','\0','\0','',93.50,93.50,0,2,'-1','-16777216','\0','\0','\0'),(147,'Datu Puti Vinegar','4L','Datu Puti Vinegar','',NULL,8,2,NULL,2,2,0,4,'0',0,0.00,30.00,60.00,106.00,0.00,0.00,0.00,0.00,0.00,0.00,0.00,0.00,0.00,0.00,0.00,114,24,0.00,1,'2018-01-11 17:07:56','2018-04-18 09:34:42','0000-00-00 00:00:00',2,6,0,'','\0','\0','',415.00,415.00,0,2,'-1','-16777216','\0','\0','\0'),(148,'Honey Syrup','Honey Syrup','Honey Syrup','',NULL,8,2,NULL,2,2,0,3,'0',0,0.00,30.00,60.00,165.00,0.00,0.00,0.00,0.00,0.00,0.00,0.00,0.00,0.00,0.00,0.00,114,24,0.00,1,'2018-01-11 17:08:14','0000-00-00 00:00:00','0000-00-00 00:00:00',2,0,0,'','\0','\0','',165.00,165.00,0,2,'-1','-16777216','\0','\0','\0'),(149,'Datu Puti Soysauce','Datu Puti Soysauce','Datu Puti Soysauce','',NULL,8,2,NULL,2,2,0,4,'0',0,0.00,30.00,60.00,446.00,0.00,0.00,0.00,0.00,0.00,0.00,0.00,0.00,0.00,0.00,0.00,114,24,0.00,1,'2018-01-11 17:08:30','0000-00-00 00:00:00','0000-00-00 00:00:00',2,0,0,'','\0','\0','',446.00,446.00,0,2,'-1','-16777216','\0','\0','\0'),(150,'Milk Powder Birch Tree','Milk Powder Birch Tree','Milk Powder Birch Tree','',NULL,8,2,NULL,2,2,0,1,'0',0,0.00,30.00,60.00,204.50,0.00,0.00,0.00,0.00,0.00,0.00,0.00,0.00,0.00,0.00,0.00,114,24,0.00,1,'2018-01-11 17:08:48','2018-02-24 13:15:55','0000-00-00 00:00:00',2,5,0,'','\0','\0','',140.00,140.00,0,2,'-1','-16777216','\0','\0','\0'),(151,'Don Garcia White Wine','1L','Don Garcia White Wine','',NULL,8,2,NULL,2,2,0,3,'0',0,0.00,30.00,60.00,171.00,0.00,0.00,0.00,0.00,0.00,0.00,0.00,0.00,0.00,0.00,0.00,114,24,1.00,1,'2018-01-11 17:09:12','2018-02-24 13:41:40','0000-00-00 00:00:00',2,5,0,'','\0','\0','',171.00,171.00,0,2,'-1','-16777216','\0','\0','\0'),(152,'San Remo Fettuccini Pasta','500g','Fettucini Pasta','',NULL,8,2,NULL,2,2,0,1,'0',0,0.00,30.00,60.00,69.00,0.00,0.00,0.00,0.00,0.00,0.00,0.00,0.00,0.00,0.00,0.00,114,24,0.00,1,'2018-01-11 17:09:28','2018-02-26 17:07:33','0000-00-00 00:00:00',2,6,0,'','\0','\0','',69.00,69.00,0,2,'-1','-16777216','\0','\0','\0'),(153,'Lasagna Catelli Plane','500g','Lasagna Catelli Plane','',NULL,8,2,NULL,2,2,0,1,'0',0,0.00,30.00,60.00,120.00,0.00,0.00,0.00,0.00,0.00,0.00,0.00,0.00,0.00,0.00,0.00,114,24,0.00,1,'2018-01-11 17:09:44','2018-02-26 17:06:27','0000-00-00 00:00:00',2,6,0,'','\0','\0','',120.00,120.00,0,2,'-1','-16777216','\0','\0','\0'),(154,'Don Garcia Red Wine','1L','Don Garcia Red Wine','',NULL,8,2,NULL,2,2,0,3,'0',0,0.00,30.00,60.00,171.00,0.00,0.00,0.00,0.00,0.00,0.00,0.00,0.00,0.00,0.00,0.00,114,24,1.00,1,'2018-01-11 17:10:04','2018-02-24 13:41:31','0000-00-00 00:00:00',2,5,0,'','\0','\0','',171.00,171.00,0,2,'-1','-16777216','\0','\0','\0'),(155,'Active Dry Yeast','800g','Active Dry Yeast','',NULL,8,2,NULL,2,2,0,1,'0',0,0.00,3.00,6.00,270.00,0.00,0.00,0.00,0.00,0.00,0.00,0.00,0.00,0.00,0.00,0.00,114,24,0.00,1,'2018-01-11 17:10:23','2018-02-28 14:47:18','0000-00-00 00:00:00',2,6,0,'','\0','\0','',270.00,270.00,0,2,'-1','-16777216','\0','\0','\0'),(156,'Basil Leaves ','Basil Leaves','Basil Leaves','',NULL,8,2,NULL,2,2,0,1,'0',0,0.00,30.00,60.00,560.00,0.00,0.00,0.00,0.00,0.00,0.00,0.00,0.00,0.00,0.00,0.00,63,24,0.00,1,'2018-01-11 17:10:38','2018-02-28 14:41:47','0000-00-00 00:00:00',2,6,0,'','\0','\0','',560.00,560.00,0,2,'-1','-16777216','\0','\0','\0'),(157,'Pineapple Slice','Pineapple Slice','Pineapple Slice','',NULL,8,2,NULL,2,2,0,5,'0',0,0.00,30.00,60.00,78.50,0.00,0.00,0.00,0.00,0.00,0.00,0.00,0.00,0.00,0.00,0.00,114,24,0.00,1,'2018-01-11 17:10:58','2018-04-09 17:38:39','0000-00-00 00:00:00',2,6,0,'','\0','\0','',78.50,78.50,0,2,'-1','-16777216','\0','\0','\0'),(158,'Egg','Egg','Egg','',NULL,13,2,NULL,2,2,0,2,'0',0,0.00,30.00,60.00,150.00,0.00,0.00,0.00,0.00,0.00,0.00,0.00,0.00,0.00,0.00,0.00,114,24,0.00,1,'2018-01-11 17:11:50','2018-01-11 17:16:50','0000-00-00 00:00:00',2,2,0,'','\0','\0','',150.00,150.00,0,2,'-1','-16777216','\0','\0','\0'),(159,'White Sugar','White Sugar','White Sugar','',NULL,13,2,NULL,2,2,0,1,'0',0,0.00,30.00,60.00,46.00,0.00,0.00,0.00,0.00,0.00,0.00,0.00,0.00,0.00,0.00,0.00,114,24,0.00,1,'2018-01-11 17:17:10','0000-00-00 00:00:00','0000-00-00 00:00:00',2,0,0,'','\0','\0','',46.00,46.00,0,2,'-1','-16777216','\0','\0','\0'),(160,'All Purpose Flour','All Purpose Flour','All Purpose Flour','',NULL,13,2,NULL,2,2,0,8,'0',0,0.00,30.00,60.00,1180.00,0.00,0.00,0.00,0.00,0.00,0.00,0.00,0.00,0.00,0.00,0.00,114,24,1.00,1,'2018-01-11 17:17:34','0000-00-00 00:00:00','0000-00-00 00:00:00',2,0,0,'','\0','\0','',1180.00,1180.00,0,2,'-1','-16777216','\0','\0','\0'),(161,'Sinandomeng Rice Blueberry Rice','Sinandomeng Rice Blueberry Rice','Sinandomeng Rice Blueberry Rice','',NULL,13,2,NULL,2,2,0,8,'0',0,0.00,30.00,60.00,52.00,0.00,0.00,0.00,0.00,0.00,0.00,0.00,0.00,0.00,0.00,0.00,114,24,0.00,1,'2018-01-11 17:18:01','2018-03-01 13:49:18','0000-00-00 00:00:00',2,6,0,'','\0','\0','',52.00,52.00,0,2,'-1','-16777216','\0','\0','\0'),(162,'Puro Paml Oil','Puro Paml Oil','Puro Paml Oil','',NULL,13,2,NULL,2,2,0,6,'0',0,0.00,30.00,60.00,980.00,0.00,0.00,0.00,0.00,0.00,0.00,0.00,0.00,0.00,0.00,0.00,114,24,0.00,1,'2018-01-11 17:18:24','0000-00-00 00:00:00','0000-00-00 00:00:00',2,0,0,'','\0','\0','',980.00,980.00,0,2,'-1','-16777216','\0','\0','\0'),(163,'Quail Egg','Quail Egg','Quail Egg','',NULL,14,2,NULL,2,2,0,1,'0',0,0.00,30.00,60.00,60.00,0.00,0.00,0.00,0.00,0.00,0.00,0.00,0.00,0.00,0.00,0.00,114,24,10.00,1,'2018-01-11 17:18:47','2018-01-11 17:19:45','0000-00-00 00:00:00',2,2,0,'','\0','\0','',60.00,60.00,0,2,'-1','-16777216','\0','\0','\0'),(164,'Anchor Culinary Cream','Anchor Culinary Cream','Anchor Culinary Cream','',NULL,15,2,NULL,2,2,0,1,'0',0,0.00,30.00,60.00,253.50,0.00,0.00,0.00,0.00,0.00,0.00,0.00,0.00,0.00,0.00,0.00,114,24,0.00,1,'2018-01-11 17:19:03','2018-01-11 17:19:55','0000-00-00 00:00:00',2,2,0,'','\0','\0','',253.50,253.50,0,2,'-1','-16777216','\0','\0','\0'),(165,'Whole Pickled','Whole Pickled','Whole Pickled','',NULL,9,2,NULL,2,2,0,7,'0',0,0.00,30.00,60.00,299.95,0.00,0.00,0.00,0.00,0.00,0.00,0.00,0.00,0.00,0.00,0.00,114,24,0.00,1,'2018-01-11 17:19:25','2018-01-11 17:20:16','0000-00-00 00:00:00',2,2,0,'','\0','\0','',299.95,299.95,0,2,'-1','-16777216','\0','\0','\0'),(166,'Pancake Syrup','Pancake Syrup','Pancake Syrup','',NULL,9,2,NULL,2,2,0,3,'0',0,0.00,30.00,60.00,231.34,0.00,0.00,0.00,0.00,0.00,0.00,0.00,0.00,0.00,0.00,0.00,114,24,0.00,1,'2018-01-11 17:20:43','0000-00-00 00:00:00','0000-00-00 00:00:00',2,0,0,'','\0','\0','',231.34,231.34,0,2,'-1','-16777216','\0','\0','\0'),(167,'Molinera olive oil','5litre/galon','Olive Oil','',NULL,6,2,NULL,2,2,0,4,'0',0,0.00,1.00,4.00,1350.00,0.00,0.00,0.00,0.00,0.00,0.00,0.00,0.00,0.00,0.00,0.00,63,24,0.00,1,'2018-01-11 17:21:04','2018-02-28 11:04:34','0000-00-00 00:00:00',2,6,0,'','\0','\0','',1950.00,1950.00,0,2,'-1','-16777216','\0','\0','\0'),(168,'Saffron Threads','Saffron Threads','Saffron Threads','',NULL,10,2,NULL,2,2,0,1,'0',0,0.00,30.00,60.00,330.00,0.00,0.00,0.00,0.00,0.00,0.00,0.00,0.00,0.00,0.00,0.00,114,24,0.00,1,'2018-01-11 17:21:21','0000-00-00 00:00:00','0000-00-00 00:00:00',2,0,0,'','\0','\0','',330.00,330.00,0,2,'-1','-16777216','\0','\0','\0'),(169,'Cajun Seasoning','Cajun Seasoning','Cajun Seasoning','',NULL,10,2,NULL,2,2,0,1,'0',0,0.00,30.00,60.00,930.00,0.00,0.00,0.00,0.00,0.00,0.00,0.00,0.00,0.00,0.00,0.00,114,24,0.00,1,'2018-01-11 17:21:38','0000-00-00 00:00:00','0000-00-00 00:00:00',2,0,0,'','\0','\0','',930.00,930.00,0,2,'-1','-16777216','\0','\0','\0'),(170,'Rissoto Rice','Rissoto Rice','Rissoto Rice','',NULL,10,2,NULL,2,2,0,1,'0',0,0.00,30.00,60.00,210.00,0.00,0.00,0.00,0.00,0.00,0.00,0.00,0.00,0.00,0.00,0.00,114,24,0.00,1,'2018-01-11 17:22:06','0000-00-00 00:00:00','0000-00-00 00:00:00',2,0,0,'','\0','\0','',210.00,210.00,0,2,'-1','-16777216','\0','\0','\0'),(171,'Beans Lentils Green (Dupuy)','Beans Lentils Green (Dupuy)','Beans Lentils Green (Dupuy)','',NULL,10,2,NULL,2,2,0,1,'0',0,0.00,30.00,60.00,392.86,0.00,0.00,0.00,0.00,0.00,0.00,0.00,0.00,0.00,0.00,0.00,114,24,0.00,1,'2018-01-11 17:22:33','0000-00-00 00:00:00','0000-00-00 00:00:00',2,0,0,'','\0','\0','',392.86,392.86,0,2,'-1','-16777216','\0','\0','\0'),(172,'cabbage vegtable','Repolyo','Repolyo','',NULL,39,1,NULL,3,2,0,9,'0',0,0.00,2.00,5.00,40.00,0.00,0.00,0.00,0.00,0.00,0.00,0.00,0.00,0.00,0.00,0.00,63,24,0.00,1,'2018-01-12 10:15:54','2018-02-28 15:11:35','0000-00-00 00:00:00',1,6,0,'','\0','\0','',60.00,60.00,0,3,'-1','-16777216','\0','\0','\0'),(173,'Sayote','Sayote','Sayote','',NULL,14,1,NULL,3,2,0,9,'0',0,0.00,1.00,5.00,25.00,0.00,0.00,0.00,0.00,0.00,0.00,0.00,0.00,0.00,0.00,0.00,63,24,0.00,1,'2018-01-12 10:16:48','2018-02-28 12:39:51','0000-00-00 00:00:00',1,6,0,'','\0','\0','',40.00,40.00,0,3,'-1','-16777216','\0','\0','\0'),(174,'Baguio Beans vegestable','Baguio Beans','Baguio Beans','',NULL,14,1,NULL,3,2,0,9,'0',0,0.00,2.00,5.00,65.00,0.00,0.00,0.00,0.00,0.00,0.00,0.00,0.00,0.00,0.00,0.00,63,24,0.00,1,'2018-01-12 10:17:03','2018-02-28 12:40:47','0000-00-00 00:00:00',1,6,0,'','\0','\0','',70.00,70.00,0,3,'-1','-16777216','\0','\0','\0'),(175,'Onion Leeks','Onion Leeks','Onion Leeks','',NULL,39,1,NULL,3,2,0,9,'0',0,0.00,2.00,4.00,80.00,0.00,0.00,0.00,0.00,0.00,0.00,0.00,0.00,0.00,0.00,0.00,63,24,0.00,1,'2018-01-12 10:17:17','2018-02-28 16:49:19','0000-00-00 00:00:00',1,6,0,'','\0','\0','',90.00,90.00,0,3,'-1','-16777216','\0','\0','\0'),(176,'Celery vegetable','Celery','Celery','',NULL,14,1,NULL,3,2,0,9,'0',0,0.00,2.00,5.00,60.00,0.00,0.00,0.00,0.00,0.00,0.00,0.00,0.00,0.00,0.00,0.00,63,24,0.00,1,'2018-01-12 10:17:30','2018-02-28 12:43:06','0000-00-00 00:00:00',1,6,0,'','\0','\0','',80.00,80.00,0,3,'-1','-16777216','\0','\0','\0'),(177,'Labanos','Labanos','Labanos','',NULL,14,2,NULL,3,2,0,9,'0',0,0.00,30.00,60.00,70.00,0.00,0.00,0.00,0.00,0.00,0.00,0.00,0.00,0.00,0.00,0.00,114,24,0.00,1,'2018-01-12 10:17:43','0000-00-00 00:00:00','0000-00-00 00:00:00',1,0,0,'','\0','\0','',70.00,70.00,0,3,'-1','-16777216','\0','\0','\0'),(178,'Ginger vegetable','Luya','Luya','',NULL,14,1,NULL,3,2,0,9,'0',0,0.00,1.00,3.00,70.00,0.00,0.00,0.00,0.00,0.00,0.00,0.00,0.00,0.00,0.00,0.00,63,24,0.00,1,'2018-01-12 10:18:00','2018-02-28 12:45:08','0000-00-00 00:00:00',1,6,0,'','\0','\0','',80.00,80.00,0,3,'-1','-16777216','\0','\0','\0'),(179,'Carrots Vegetable','Carrots','Carrots','',NULL,14,1,NULL,3,2,0,9,'0',0,0.00,3.00,8.00,50.00,0.00,0.00,0.00,0.00,0.00,0.00,0.00,0.00,0.00,0.00,0.00,63,24,0.00,1,'2018-01-12 10:18:17','2018-02-28 12:46:00','0000-00-00 00:00:00',1,6,0,'','\0','\0','',90.00,90.00,0,3,'-1','-16777216','\0','\0','\0'),(180,'Potato vegetable','Potato','Potato','',NULL,14,1,NULL,3,2,0,9,'0',0,0.00,5.00,20.00,60.00,0.00,0.00,0.00,0.00,0.00,0.00,0.00,0.00,0.00,0.00,0.00,63,24,0.00,1,'2018-01-12 10:18:30','2018-02-28 12:47:13','0000-00-00 00:00:00',1,6,0,'','\0','\0','',90.00,90.00,0,3,'-1','-16777216','\0','\0','\0'),(181,'Red Bell Pepper vegestable','Red Bell Pepper','Red Bell Pepper','',NULL,14,1,NULL,3,2,0,9,'0',0,0.00,2.00,6.00,120.00,0.00,0.00,0.00,0.00,0.00,0.00,0.00,0.00,0.00,0.00,0.00,63,24,0.00,1,'2018-01-12 10:18:44','2018-02-28 12:48:23','0000-00-00 00:00:00',1,6,0,'','\0','\0','',170.00,170.00,0,3,'-1','-16777216','\0','\0','\0'),(182,'Green Bell Pepper vegestable','Green Bell Pepper','Green Bell Pepper','',NULL,14,1,NULL,3,2,0,9,'0',0,0.00,2.00,6.00,110.00,0.00,0.00,0.00,0.00,0.00,0.00,0.00,0.00,0.00,0.00,0.00,63,24,0.00,1,'2018-01-12 10:19:01','2018-02-28 12:49:50','0000-00-00 00:00:00',1,6,0,'','\0','\0','',170.00,170.00,0,3,'-1','-16777216','\0','\0','\0'),(183,'Petchay Baguio Vegestable','Petchay Baguio','Petchay Baguio','',NULL,14,1,NULL,3,2,0,9,'0',0,0.00,1.00,5.00,35.00,0.00,0.00,0.00,0.00,0.00,0.00,0.00,0.00,0.00,0.00,0.00,63,24,0.00,1,'2018-01-12 10:19:18','2018-02-28 12:50:37','0000-00-00 00:00:00',1,6,0,'','\0','\0','',50.00,50.00,0,3,'-1','-16777216','\0','\0','\0'),(184,'Brocolli vegestable','Brocolli','Brocolli','',NULL,14,1,NULL,3,2,0,9,'0',0,0.00,2.00,7.00,55.00,0.00,0.00,0.00,0.00,0.00,0.00,0.00,0.00,0.00,0.00,0.00,63,24,0.00,1,'2018-01-12 10:19:53','2018-02-28 12:51:18','0000-00-00 00:00:00',1,6,0,'','\0','\0','',150.00,150.00,0,3,'-1','-16777216','\0','\0','\0'),(185,'Cauliflower','Cauliflower','Cauliflower','',NULL,14,2,NULL,3,2,0,9,'0',0,0.00,30.00,60.00,150.00,0.00,0.00,0.00,0.00,0.00,0.00,0.00,0.00,0.00,0.00,0.00,114,24,0.00,1,'2018-01-12 10:20:25','0000-00-00 00:00:00','0000-00-00 00:00:00',1,0,0,'','\0','\0','',150.00,150.00,0,3,'-1','-16777216','\0','\0','\0'),(186,'Chicharo vegetable','Chicharo','Chicharo','',NULL,39,1,NULL,3,2,0,9,'0',0,0.00,1.00,3.00,150.00,0.00,0.00,0.00,0.00,0.00,0.00,0.00,0.00,0.00,0.00,0.00,63,24,0.00,1,'2018-01-12 10:20:45','2018-02-28 14:25:34','0000-00-00 00:00:00',1,6,0,'','\0','\0','',280.00,280.00,0,3,'-1','-16777216','\0','\0','\0'),(187,'Young Corn','Young Corn','Young Corn','',NULL,39,1,NULL,3,2,0,9,'0',0,0.00,1.00,3.00,160.00,0.00,0.00,0.00,0.00,0.00,0.00,0.00,0.00,0.00,0.00,0.00,63,24,0.00,1,'2018-01-12 10:21:03','2018-02-28 14:26:50','0000-00-00 00:00:00',1,6,0,'','\0','\0','',60.00,60.00,0,3,'-1','-16777216','\0','\0','\0'),(188,'Ice Berg Lettuce','Ice Berg Lettuce','Ice Berg Lettuce','',NULL,39,1,NULL,3,2,0,9,'0',0,0.00,2.00,5.00,120.00,0.00,0.00,0.00,0.00,0.00,0.00,0.00,0.00,0.00,0.00,0.00,63,24,0.00,1,'2018-01-12 10:21:17','2018-02-28 14:28:35','0000-00-00 00:00:00',1,6,0,'','\0','\0','',150.00,150.00,0,3,'-1','-16777216','\0','\0','\0'),(189,'Romaine lettuce','Romaine','Romaine','',NULL,39,1,NULL,3,2,0,9,'0',0,0.00,2.00,5.00,80.00,0.00,0.00,0.00,0.00,0.00,0.00,0.00,0.00,0.00,0.00,0.00,63,24,0.00,1,'2018-01-12 10:21:35','2018-02-28 14:29:32','0000-00-00 00:00:00',1,6,0,'','\0','\0','',200.00,200.00,0,3,'-1','-16777216','\0','\0','\0'),(190,'Green Ice Lettuce','Green Ice Lettuce','Green Ice Lettuce','',NULL,39,1,NULL,3,2,0,9,'0',0,0.00,2.00,5.00,80.00,0.00,0.00,0.00,0.00,0.00,0.00,0.00,0.00,0.00,0.00,0.00,63,24,0.00,1,'2018-01-12 10:21:55','2018-02-28 14:30:19','0000-00-00 00:00:00',1,6,0,'','\0','\0','',150.00,150.00,0,3,'-1','-16777216','\0','\0','\0'),(191,'cucumber vegetable','Pipino','Pipino','',NULL,39,1,NULL,3,2,0,9,'0',0,0.00,2.00,5.00,55.00,0.00,0.00,0.00,0.00,0.00,0.00,0.00,0.00,0.00,0.00,0.00,63,24,0.00,1,'2018-01-12 10:22:12','2018-02-28 14:32:57','0000-00-00 00:00:00',1,6,0,'','\0','\0','',60.00,60.00,0,3,'-1','-16777216','\0','\0','\0'),(192,'Tomato Baguio Vegetable','Tomato Baguio','Tomato Baguio','',NULL,39,1,NULL,3,2,0,9,'0',0,0.00,4.00,10.00,90.00,0.00,0.00,0.00,0.00,0.00,0.00,0.00,0.00,0.00,0.00,0.00,63,24,0.00,1,'2018-01-12 10:22:26','2018-02-28 14:33:59','0000-00-00 00:00:00',1,6,0,'','\0','\0','',160.00,160.00,0,3,'-1','-16777216','\0','\0','\0'),(193,'Tomato Native Vegetable','Tomato Native','Tomato Native','',NULL,39,1,NULL,3,2,0,9,'0',0,0.00,2.00,10.00,25.00,0.00,0.00,0.00,0.00,0.00,0.00,0.00,0.00,0.00,0.00,0.00,63,24,0.00,1,'2018-01-12 10:22:47','2018-02-28 14:34:54','0000-00-00 00:00:00',1,6,0,'','\0','\0','',80.00,80.00,0,3,'-1','-16777216','\0','\0','\0'),(194,'Onion Big vegetable','Onion Big','Onion Big','',NULL,39,1,NULL,3,2,0,9,'0',0,0.00,3.00,10.00,45.00,0.00,0.00,0.00,0.00,0.00,0.00,0.00,0.00,0.00,0.00,0.00,63,24,0.00,1,'2018-01-12 10:23:34','2018-02-28 14:35:49','0000-00-00 00:00:00',1,6,0,'','\0','\0','',60.00,60.00,0,3,'-1','-16777216','\0','\0','\0'),(195,'Onion Small','Onion Small','Onion Small','',NULL,14,2,NULL,3,2,0,9,'0',0,0.00,30.00,60.00,60.00,0.00,0.00,0.00,0.00,0.00,0.00,0.00,0.00,0.00,0.00,0.00,114,24,0.00,1,'2018-01-12 10:24:30','0000-00-00 00:00:00','0000-00-00 00:00:00',1,0,0,'','\0','\0','',60.00,60.00,0,3,'-1','-16777216','\0','\0','\0'),(196,'Onion Red Vegetable','Onion Red','Onion Red','',NULL,39,1,NULL,3,2,0,9,'0',0,0.00,2.00,5.00,60.00,0.00,0.00,0.00,0.00,0.00,0.00,0.00,0.00,0.00,0.00,0.00,63,24,0.00,1,'2018-01-12 10:24:48','2018-02-28 14:36:56','0000-00-00 00:00:00',1,6,0,'','\0','\0','',70.00,70.00,0,3,'-1','-16777216','\0','\0','\0'),(197,'Garlic Vegetable','Garlic','Garlic','',NULL,39,1,NULL,3,2,0,9,'0',0,0.00,2.00,5.00,85.00,0.00,0.00,0.00,0.00,0.00,0.00,0.00,0.00,0.00,0.00,0.00,63,24,0.00,1,'2018-01-12 10:25:04','2018-02-28 14:37:57','0000-00-00 00:00:00',1,6,0,'','\0','\0','',150.00,150.00,0,3,'-1','-16777216','\0','\0','\0'),(198,'Kalamansi','Kalamansi','Kalamansi','',NULL,14,2,NULL,3,2,0,9,'0',0,0.00,30.00,60.00,50.00,0.00,0.00,0.00,0.00,0.00,0.00,0.00,0.00,0.00,0.00,0.00,114,24,0.00,1,'2018-01-12 10:25:40','0000-00-00 00:00:00','0000-00-00 00:00:00',1,0,0,'','\0','\0','',50.00,50.00,0,3,'-1','-16777216','\0','\0','\0'),(199,'red chili vegestable','Labuyo','Labuyo','',NULL,39,1,NULL,3,2,0,9,'0',0,0.00,1.00,2.00,120.00,0.00,0.00,0.00,0.00,0.00,0.00,0.00,0.00,0.00,0.00,0.00,63,24,0.00,1,'2018-01-12 10:26:00','2018-02-28 14:39:12','0000-00-00 00:00:00',1,6,0,'','\0','\0','',200.00,200.00,0,3,'-1','-16777216','\0','\0','\0'),(200,'Green chili Vegetable','Sili Sigang','Sili Sigang','',NULL,39,1,NULL,3,2,0,9,'0',0,0.00,1.00,2.00,60.00,0.00,0.00,0.00,0.00,0.00,0.00,0.00,0.00,0.00,0.00,0.00,63,24,0.00,1,'2018-01-12 10:26:13','2018-02-28 14:40:16','0000-00-00 00:00:00',1,6,0,'','\0','\0','',150.00,150.00,0,3,'-1','-16777216','\0','\0','\0'),(201,'Basil leaves vegetable','Basil','Basil','',NULL,39,1,NULL,3,2,0,9,'0',0,0.00,0.25,1.00,250.00,0.00,0.00,0.00,0.00,0.00,0.00,0.00,0.00,0.00,0.00,0.00,63,24,0.00,1,'2018-01-12 10:26:32','2018-02-28 14:42:54','0000-00-00 00:00:00',1,6,0,'','\0','\0','',400.00,400.00,0,3,'-1','-16777216','\0','\0','\0'),(202,'Cilantro vegestable','Cilantro','Cilantro','',NULL,39,1,NULL,3,2,0,9,'0',0,0.00,0.25,1.00,250.00,0.00,0.00,0.00,0.00,0.00,0.00,0.00,0.00,0.00,0.00,0.00,63,24,0.00,1,'2018-01-12 10:26:48','2018-02-28 14:44:08','0000-00-00 00:00:00',1,6,0,'','\0','\0','',500.00,500.00,0,3,'-1','-16777216','\0','\0','\0'),(203,'Parsley vegetable','Parsley','Parsley','',NULL,39,1,NULL,3,2,0,9,'0',0,0.00,0.25,1.00,200.00,0.00,0.00,0.00,0.00,0.00,0.00,0.00,0.00,0.00,0.00,0.00,63,24,0.00,1,'2018-01-12 10:28:20','2018-02-28 14:45:53','0000-00-00 00:00:00',1,6,0,'','\0','\0','',250.00,250.00,0,3,'-1','-16777216','\0','\0','\0'),(204,'Red Cabbage','Red Cabbage','Red Cabbage','',NULL,14,2,NULL,3,2,0,9,'0',0,0.00,2.00,5.00,150.00,0.00,0.00,0.00,0.00,0.00,0.00,0.00,0.00,0.00,0.00,0.00,63,24,0.00,1,'2018-01-12 10:28:37','2018-02-28 15:12:07','0000-00-00 00:00:00',1,6,0,'','\0','\0','',250.00,250.00,0,3,'-1','-16777216','\0','\0','\0'),(205,'Sitaw Vegetable','Sitaw','Sitaw','',NULL,39,1,NULL,3,2,0,1,'0',0,0.00,2.00,5.00,22.00,0.00,0.00,0.00,0.00,0.00,0.00,0.00,0.00,0.00,0.00,0.00,63,24,0.00,1,'2018-01-12 10:28:58','2018-02-28 15:13:21','0000-00-00 00:00:00',1,6,0,'','\0','\0','',60.00,60.00,0,3,'-1','-16777216','\0','\0','\0'),(206,'Asparagus','Asparagus','Asparagus','',NULL,39,1,NULL,3,2,0,1,'0',0,0.00,2.00,5.00,130.00,0.00,0.00,0.00,0.00,0.00,0.00,0.00,0.00,0.00,0.00,0.00,63,24,0.00,1,'2018-01-12 10:29:11','2018-02-28 15:14:16','0000-00-00 00:00:00',1,6,0,'','\0','\0','',180.00,180.00,0,3,'-1','-16777216','\0','\0','\0'),(207,'Apple Red fruits','Apple Red','Apple Red','',NULL,39,1,NULL,3,2,0,2,'0',0,0.00,5.00,10.00,28.00,0.00,0.00,0.00,0.00,0.00,0.00,0.00,0.00,0.00,0.00,0.00,63,24,0.00,1,'2018-01-12 10:29:36','2018-02-28 15:15:25','0000-00-00 00:00:00',1,6,0,'','\0','\0','',25.00,25.00,0,3,'-1','-16777216','\0','\0','\0'),(208,'Apple Green','Apple Green','Apple Green','',NULL,14,2,NULL,3,2,0,2,'0',0,0.00,30.00,60.00,32.00,0.00,0.00,0.00,0.00,0.00,0.00,0.00,0.00,0.00,0.00,0.00,114,24,0.00,1,'2018-01-12 10:29:59','0000-00-00 00:00:00','0000-00-00 00:00:00',1,0,0,'','\0','\0','',32.00,32.00,0,3,'-1','-16777216','\0','\0','\0'),(209,'Watermelon','Watermelon','Watermelon','',NULL,39,1,NULL,3,2,0,9,'0',0,0.00,1.00,3.00,45.00,0.00,0.00,0.00,0.00,0.00,0.00,0.00,0.00,0.00,0.00,0.00,63,24,0.00,1,'2018-01-12 10:30:17','2018-02-28 16:37:34','0000-00-00 00:00:00',1,6,0,'','\0','\0','',40.00,40.00,0,3,'-1','-16777216','\0','\0','\0'),(210,'Sweet Melon','Sweet Melon','Sweet Melon','',NULL,39,1,NULL,3,2,0,9,'0',0,0.00,2.00,4.00,75.00,0.00,0.00,0.00,0.00,0.00,0.00,0.00,0.00,0.00,0.00,0.00,63,24,0.00,1,'2018-01-12 10:30:34','2018-02-28 16:38:23','0000-00-00 00:00:00',1,6,0,'','\0','\0','',60.00,60.00,0,3,'-1','-16777216','\0','\0','\0'),(211,'Grapes','Grapes','Grapes','',NULL,39,1,NULL,3,2,0,9,'0',0,0.00,1.00,2.00,250.00,0.00,0.00,0.00,0.00,0.00,0.00,0.00,0.00,0.00,0.00,0.00,63,24,0.00,1,'2018-01-12 10:30:48','2018-02-28 16:39:14','0000-00-00 00:00:00',1,6,0,'','\0','\0','',240.00,240.00,0,3,'-1','-16777216','\0','\0','\0'),(212,'Banana','Banana','Banana','',NULL,39,1,NULL,3,2,0,9,'0',0,0.00,2.00,6.00,60.00,0.00,0.00,0.00,0.00,0.00,0.00,0.00,0.00,0.00,0.00,0.00,63,24,0.00,1,'2018-01-12 10:31:04','2018-02-28 16:40:10','0000-00-00 00:00:00',1,6,0,'','\0','\0','',45.00,45.00,0,3,'-1','-16777216','\0','\0','\0'),(213,'Petchay Native','Petchay Native','Petchay Native','',NULL,39,1,NULL,3,2,0,9,'0',0,0.00,2.00,5.00,60.00,0.00,0.00,0.00,0.00,0.00,0.00,0.00,0.00,0.00,0.00,0.00,63,24,0.00,1,'2018-01-12 10:31:21','2018-02-28 16:43:04','0000-00-00 00:00:00',1,6,0,'','\0','\0','',30.00,30.00,0,3,'-1','-16777216','\0','\0','\0'),(214,'Orange','Orange','Orange','',NULL,39,1,NULL,3,2,0,2,'0',0,0.00,20.00,60.00,28.00,0.00,0.00,0.00,0.00,0.00,0.00,0.00,0.00,0.00,0.00,0.00,63,23,0.00,1,'2018-01-12 10:31:36','2018-02-28 16:47:56','0000-00-00 00:00:00',1,6,0,'','\0','\0','',30.00,30.00,0,3,'-1','-16777216','\0','\0','\0'),(215,'Dragon Fruit','Dragon Fruit','Dragon Fruit','',NULL,14,2,NULL,3,2,0,9,'0',0,0.00,30.00,60.00,90.00,0.00,0.00,0.00,0.00,0.00,0.00,0.00,0.00,0.00,0.00,0.00,114,24,0.00,1,'2018-01-12 10:31:49','0000-00-00 00:00:00','0000-00-00 00:00:00',1,0,0,'','\0','\0','',90.00,90.00,0,3,'-1','-16777216','\0','\0','\0'),(216,'Kiwi','Kiwi','Kiwi','',NULL,39,1,NULL,3,2,0,2,'0',0,0.00,5.00,10.00,30.00,0.00,0.00,0.00,0.00,0.00,0.00,0.00,0.00,0.00,0.00,0.00,63,24,0.00,1,'2018-01-12 10:32:07','2018-02-28 16:44:41','0000-00-00 00:00:00',1,6,0,'','\0','\0','',25.00,25.00,0,3,'-1','-16777216','\0','\0','\0'),(217,'Lemon','Lemon','Lemon','',NULL,39,1,NULL,3,2,0,9,'0',0,0.00,2.00,7.00,140.00,0.00,0.00,0.00,0.00,0.00,0.00,0.00,0.00,0.00,0.00,0.00,63,24,0.00,1,'2018-01-12 10:32:24','2018-02-28 16:45:42','0000-00-00 00:00:00',1,6,0,'','\0','\0','',160.00,160.00,0,3,'-1','-16777216','\0','\0','\0'),(218,'Lemon Green','Lemon Green','Lemon Green','',NULL,14,2,NULL,3,2,0,9,'0',0,0.00,30.00,60.00,120.00,0.00,0.00,0.00,0.00,0.00,0.00,0.00,0.00,0.00,0.00,0.00,114,24,0.00,1,'2018-01-12 10:32:38','0000-00-00 00:00:00','0000-00-00 00:00:00',1,0,0,'','\0','\0','',120.00,120.00,0,3,'-1','-16777216','\0','\0','\0'),(219,'Onion Leeks vegetable','Onion Leeks','Onion Leeks','',NULL,14,1,NULL,3,2,0,9,'0',0,0.00,2.00,5.00,80.00,0.00,0.00,0.00,0.00,0.00,0.00,0.00,0.00,0.00,0.00,0.00,63,24,0.00,1,'2018-01-12 10:33:05','2018-02-28 12:42:10','0000-00-00 00:00:00',1,6,0,'','\0','\0','',90.00,90.00,0,3,'-1','-16777216','\0','\0','\0'),(220,'Raddish  Vegetable','Raddish','Raddish','',NULL,14,1,NULL,3,2,0,9,'0',0,0.00,2.00,5.00,35.00,0.00,0.00,0.00,0.00,0.00,0.00,0.00,0.00,0.00,0.00,0.00,63,24,0.00,1,'2018-01-12 10:33:44','2018-02-28 12:44:00','0000-00-00 00:00:00',1,6,0,'','\0','\0','',50.00,50.00,0,3,'-1','-16777216','\0','\0','\0'),(221,'Lumpia Wrapper','Lumpia Wrapper','Lumpia Wrapper','',NULL,39,1,NULL,3,2,0,1,'0',0,0.00,2.00,6.00,35.00,0.00,0.00,0.00,0.00,0.00,0.00,0.00,0.00,0.00,0.00,0.00,63,24,0.00,1,'2018-01-12 10:34:03','2018-02-28 16:50:09','0000-00-00 00:00:00',1,6,0,'','\0','\0','',35.00,35.00,0,3,'-1','-16777216','\0','\0','\0'),(222,'Beans Sprout','Beans Sprout','Beans Sprout','',NULL,39,1,NULL,3,2,0,9,'0',0,0.00,1.00,3.00,40.00,0.00,0.00,0.00,0.00,0.00,0.00,0.00,0.00,0.00,0.00,0.00,63,24,0.00,1,'2018-01-12 10:34:15','2018-02-28 16:51:20','0000-00-00 00:00:00',1,6,0,'','\0','\0','',50.00,50.00,0,3,'-1','-16777216','\0','\0','\0'),(223,'Mint Leaves','Mint Leaves','Mint Leaves','',NULL,39,1,NULL,3,2,0,9,'0',0,0.00,1.00,2.00,350.00,0.00,0.00,0.00,0.00,0.00,0.00,0.00,0.00,0.00,0.00,0.00,63,24,0.00,1,'2018-01-12 10:34:28','2018-02-28 16:52:02','0000-00-00 00:00:00',1,6,0,'','\0','\0','',450.00,450.00,0,3,'-1','-16777216','\0','\0','\0'),(224,'Spinach','Spinach','Spinach','',NULL,39,1,NULL,3,2,0,13,'0',0,0.00,2.00,4.00,100.00,0.00,0.00,0.00,0.00,0.00,0.00,0.00,0.00,0.00,0.00,0.00,63,24,0.00,1,'2018-01-12 10:34:42','2018-02-28 16:53:45','0000-00-00 00:00:00',1,6,0,'','\0','\0','',10.00,10.00,0,3,'-1','-16777216','\0','\0','\0'),(225,'Eggplant','Eggplant','Eggplant','',NULL,39,1,NULL,3,2,0,9,'0',0,0.00,1.00,2.00,50.00,0.00,0.00,0.00,0.00,0.00,0.00,0.00,0.00,0.00,0.00,0.00,63,24,0.00,1,'2018-01-12 10:34:54','2018-02-28 16:54:45','0000-00-00 00:00:00',1,6,0,'','\0','\0','',40.00,40.00,0,3,'-1','-16777216','\0','\0','\0'),(226,'Fresh Corn','Fresh Corn','Fresh Corn','',NULL,14,2,NULL,3,2,0,9,'0',0,0.00,30.00,60.00,60.00,0.00,0.00,0.00,0.00,0.00,0.00,0.00,0.00,0.00,0.00,0.00,114,24,0.00,1,'2018-01-12 10:35:11','0000-00-00 00:00:00','0000-00-00 00:00:00',1,0,0,'','\0','\0','',60.00,60.00,0,3,'-1','-16777216','\0','\0','\0'),(227,'Bok Choy','Bok Choy','Bok Choy','',NULL,14,2,NULL,3,2,0,9,'0',0,0.00,30.00,60.00,70.00,0.00,0.00,0.00,0.00,0.00,0.00,0.00,0.00,0.00,0.00,0.00,114,24,0.00,1,'2018-01-12 10:38:00','0000-00-00 00:00:00','0000-00-00 00:00:00',1,0,0,'','\0','\0','',70.00,70.00,0,3,'-1','-16777216','\0','\0','\0'),(228,'Calamansi','Calamansi','Calamansi','',NULL,39,1,NULL,3,2,0,9,'0',0,0.00,2.00,5.00,70.00,0.00,0.00,0.00,0.00,0.00,0.00,0.00,0.00,0.00,0.00,0.00,63,24,0.00,1,'2018-01-12 10:39:58','2018-02-28 17:11:39','0000-00-00 00:00:00',1,6,0,'','\0','\0','',50.00,50.00,0,3,'-1','-16777216','\0','\0','\0'),(229,'Avocado','Avocado','Avocado','',NULL,14,2,NULL,3,2,0,9,'0',0,0.00,30.00,60.00,120.00,0.00,0.00,0.00,0.00,0.00,0.00,0.00,0.00,0.00,0.00,0.00,114,24,0.00,1,'2018-01-12 10:40:35','0000-00-00 00:00:00','0000-00-00 00:00:00',1,0,0,'','\0','\0','',120.00,120.00,0,3,'-1','-16777216','\0','\0','\0'),(230,'Cherry Tomato','Cherry Tomato','Cherry Tomato','',NULL,36,1,NULL,3,2,0,9,'0',0,0.00,1.00,3.00,160.00,0.00,0.00,0.00,0.00,0.00,0.00,0.00,0.00,0.00,0.00,0.00,63,24,0.00,1,'2018-01-12 10:40:51','2018-08-30 10:04:13','0000-00-00 00:00:00',1,1,0,'','\0','\0','',150.00,150.00,0,3,'-1','-16777216','\0','\0','\0'),(231,'Pineapple','Pineapple','Pineapple','',NULL,39,1,NULL,3,2,0,9,'0',0,0.00,2.00,4.00,85.00,0.00,0.00,0.00,0.00,0.00,0.00,0.00,0.00,0.00,0.00,0.00,63,24,0.00,1,'2018-01-12 10:41:04','2018-02-28 17:59:49','0000-00-00 00:00:00',1,6,0,'','\0','\0','',60.00,60.00,0,3,'-1','-16777216','\0','\0','\0'),(232,'Pumpkin','Pumpkin','Pumpkin','',NULL,14,2,NULL,3,2,0,9,'0',0,0.00,30.00,60.00,50.00,0.00,0.00,0.00,0.00,0.00,0.00,0.00,0.00,0.00,0.00,0.00,114,24,0.00,1,'2018-01-12 10:41:17','0000-00-00 00:00:00','0000-00-00 00:00:00',1,0,0,'','\0','\0','',50.00,50.00,0,3,'-1','-16777216','\0','\0','\0'),(233,'ruler','ruler','measuring equipment','',NULL,17,2,NULL,56,2,0,2,'0',0,0.00,0.00,0.00,0.00,0.00,0.00,0.00,0.00,0.00,0.00,0.00,0.00,0.00,0.00,0.00,0,0,0.00,1,'2018-01-31 10:22:16','0000-00-00 00:00:00','0000-00-00 00:00:00',5,0,0,'','\0','\0','',0.00,0.00,0,0,'-1','-16777216','\0','\0','\0'),(234,'San Miguel Pilsen','San Miguel Pilsen','San Miguel Pilsen','',NULL,18,2,NULL,27,2,1,15,'24',3,0.00,3.00,10.00,582.00,0.00,0.00,0.00,0.00,0.00,0.00,0.00,0.00,0.00,0.00,0.00,64,23,4.00,1,'2018-02-07 14:41:01','2018-03-05 09:27:04','0000-00-00 00:00:00',1,6,0,'','\0','\0','',0.00,0.00,0,0,'-1','-16777216','\0','\0','\0'),(235,'Coke','Coke','Coke','',NULL,2,2,NULL,24,2,1,9,'1000',10,0.00,0.00,0.00,1500.00,0.00,0.00,0.00,0.00,0.00,0.00,0.00,0.00,0.00,0.00,0.00,0,23,1.00,1,'2018-02-07 15:59:32','0000-00-00 00:00:00','2018-02-09 10:35:52',3,0,5,'','\0','','',0.00,0.00,0,0,'-1','-16777216','\0','\0','\0'),(236,'Fundador','Fundador\r\n','1000 ml in bottle','',NULL,20,2,NULL,57,2,0,3,'0',0,0.00,1.00,2.00,498.00,0.00,0.00,0.00,0.00,0.00,0.00,0.00,0.00,0.00,0.00,0.00,64,23,0.00,1,'2018-02-08 08:05:16','2018-02-19 15:50:14','0000-00-00 00:00:00',6,6,0,'','\0','\0','',0.00,0.00,0,0,'-1','-16777216','\0','\0','\0'),(237,'Carlos I','Brandy','','',NULL,20,2,NULL,57,2,0,3,'0',0,0.00,1.00,2.00,900.00,0.00,0.00,0.00,0.00,0.00,0.00,0.00,0.00,0.00,0.00,0.00,64,23,0.00,1,'2018-02-08 08:12:11','2018-02-19 15:50:43','0000-00-00 00:00:00',6,6,0,'','\0','\0','',0.00,0.00,0,0,'-1','-16777216','\0','\0','\0'),(238,'Hennessy  VSOP','Cognac','','',NULL,20,2,NULL,19,2,0,3,'0',0,0.00,1.00,2.00,2350.00,0.00,0.00,0.00,0.00,0.00,0.00,0.00,0.00,0.00,0.00,0.00,64,23,0.00,1,'2018-02-08 08:14:11','2018-02-19 15:51:22','0000-00-00 00:00:00',6,6,0,'','\0','\0','',0.00,0.00,0,0,'-1','-16777216','\0','\0','\0'),(239,'Remy Martin VSOP','Cognac','','',NULL,20,2,NULL,19,2,0,3,'0',0,0.00,1.00,2.00,1950.00,0.00,0.00,0.00,0.00,0.00,0.00,0.00,0.00,0.00,0.00,0.00,64,23,0.00,1,'2018-02-08 08:15:34','2018-02-19 15:51:57','0000-00-00 00:00:00',6,6,0,'','\0','\0','',0.00,0.00,0,0,'-1','-16777216','\0','\0','\0'),(240,'St. Remy','Brandy','','',NULL,20,2,NULL,57,2,0,3,'0',0,0.00,1.00,2.00,480.00,0.00,0.00,0.00,0.00,0.00,0.00,0.00,0.00,0.00,0.00,0.00,64,23,0.00,1,'2018-02-08 08:50:14','2018-02-19 15:52:25','0000-00-00 00:00:00',6,6,0,'','\0','\0','',0.00,0.00,0,0,'-1','-16777216','\0','\0','\0'),(241,'JW RED','Whiskey','1L','',NULL,20,2,NULL,22,2,0,3,'0',0,0.00,1.00,2.00,640.00,0.00,0.00,0.00,0.00,0.00,0.00,0.00,0.00,0.00,0.00,0.00,64,23,0.00,1,'2018-02-08 08:56:52','2018-02-19 15:54:11','0000-00-00 00:00:00',6,6,0,'','\0','\0','',0.00,0.00,0,0,'-1','-16777216','\0','\0','\0'),(242,'JW BLACK','1L','','',NULL,20,2,NULL,22,2,0,3,'0',0,0.00,1.00,2.00,990.00,0.00,0.00,0.00,0.00,0.00,0.00,0.00,0.00,0.00,0.00,0.00,64,23,0.00,1,'2018-02-08 08:58:54','2018-02-19 15:54:28','0000-00-00 00:00:00',6,6,0,'','\0','\0','',0.00,0.00,0,0,'-1','-16777216','\0','\0','\0'),(243,'Jim Beam White','750ml','','',NULL,20,2,NULL,22,2,0,3,'0',0,0.00,1.00,2.00,480.00,0.00,0.00,0.00,0.00,0.00,0.00,0.00,0.00,0.00,0.00,0.00,64,23,0.00,1,'2018-02-08 09:00:33','2018-02-19 15:55:05','0000-00-00 00:00:00',6,6,0,'','\0','\0','',0.00,0.00,0,0,'-1','-16777216','\0','\0','\0'),(244,'Jameson','750ML','','',NULL,20,2,NULL,22,2,0,3,'0',0,0.00,1.00,2.00,900.00,0.00,0.00,0.00,0.00,0.00,0.00,0.00,0.00,0.00,0.00,0.00,64,23,0.00,1,'2018-02-08 09:03:11','2018-02-19 15:55:34','0000-00-00 00:00:00',6,6,0,'','\0','\0','',0.00,0.00,0,0,'-1','-16777216','\0','\0','\0'),(245,'Jack Daniels','700ml','','',NULL,20,2,NULL,22,2,0,3,'0',0,0.00,1.00,2.00,880.00,0.00,0.00,0.00,0.00,0.00,0.00,0.00,0.00,0.00,0.00,0.00,64,23,0.00,1,'2018-02-08 09:08:30','2018-02-19 15:55:54','0000-00-00 00:00:00',6,6,0,'','\0','\0','',0.00,0.00,0,0,'-1','-16777216','\0','\0','\0'),(246,'Chivas Regal 12yrs','750ml','','',NULL,20,2,NULL,22,2,0,3,'0',0,0.00,1.00,2.00,1040.00,0.00,0.00,0.00,0.00,0.00,0.00,0.00,0.00,0.00,0.00,0.00,64,23,1.00,1,'2018-02-08 10:05:52','2018-02-19 15:56:22','0000-00-00 00:00:00',6,6,0,'','\0','\0','',0.00,0.00,0,0,'-1','-16777216','\0','\0','\0'),(247,'Southern Comfort','750ml','','',NULL,20,2,NULL,22,2,0,3,'0',0,0.00,1.00,2.00,450.00,0.00,0.00,0.00,0.00,0.00,0.00,0.00,0.00,0.00,0.00,0.00,64,23,0.00,1,'2018-02-08 10:09:31','2018-02-19 15:56:56','0000-00-00 00:00:00',6,6,0,'','\0','\0','',0.00,0.00,0,0,'-1','-16777216','\0','\0','\0'),(248,'Drambuie','700ml','','',NULL,20,2,NULL,45,2,0,3,'0',0,0.00,1.00,2.00,950.00,0.00,0.00,0.00,0.00,0.00,0.00,0.00,0.00,0.00,0.00,0.00,64,23,0.00,1,'2018-02-08 10:12:28','2018-02-19 15:57:32','0000-00-00 00:00:00',6,6,0,'','\0','\0','',0.00,0.00,0,0,'-1','-16777216','\0','\0','\0'),(249,'J&B','750ml','','',NULL,20,2,NULL,22,2,0,3,'0',0,0.00,1.00,2.00,480.00,0.00,0.00,0.00,0.00,0.00,0.00,0.00,0.00,0.00,0.00,0.00,64,23,0.00,1,'2018-02-08 10:13:48','2018-02-19 15:57:58','0000-00-00 00:00:00',6,6,0,'','\0','\0','',0.00,0.00,0,0,'-1','-16777216','\0','\0','\0'),(250,'Wild Turkey','750ml','','',NULL,20,2,NULL,22,2,0,3,'0',0,0.00,1.00,2.00,1150.00,0.00,0.00,0.00,0.00,0.00,0.00,0.00,0.00,0.00,0.00,0.00,64,23,0.00,1,'2018-02-08 10:15:57','2018-02-19 15:58:18','0000-00-00 00:00:00',6,6,0,'','\0','\0','',0.00,0.00,0,0,'-1','-16777216','\0','\0','\0'),(251,'Makers Mark','750ml','','',NULL,20,2,NULL,22,2,0,3,'0',0,0.00,1.00,2.00,880.00,0.00,0.00,0.00,0.00,0.00,0.00,0.00,0.00,0.00,0.00,0.00,64,23,0.00,1,'2018-02-08 10:17:16','2018-02-19 15:58:41','0000-00-00 00:00:00',6,6,0,'','\0','\0','',0.00,0.00,0,0,'-1','-16777216','\0','\0','\0'),(252,'Benmore Scoth','750ml','','',NULL,20,2,NULL,22,2,0,3,'0',0,0.00,1.00,2.00,380.00,0.00,0.00,0.00,0.00,0.00,0.00,0.00,0.00,0.00,0.00,0.00,64,23,0.00,1,'2018-02-08 10:20:46','2018-02-19 15:59:02','0000-00-00 00:00:00',6,6,0,'','\0','\0','',0.00,0.00,0,0,'-1','-16777216','\0','\0','\0'),(253,'Glentivet 12 yrs','750ml','cash payment upon buying','',NULL,9,2,NULL,22,2,0,3,'0',0,0.00,2.00,1.00,1625.00,0.00,0.00,0.00,0.00,0.00,0.00,0.00,0.00,0.00,0.00,0.00,64,23,0.00,1,'2018-02-08 10:23:10','2018-02-19 16:00:46','0000-00-00 00:00:00',6,6,0,'','\0','\0','',0.00,0.00,0,0,'-1','-16777216','\0','\0','\0'),(254,'Glenmorangie 10 yrs','750 ml','cash upon buying','',NULL,9,2,NULL,22,2,0,3,'0',0,0.00,1.00,2.00,1699.00,0.00,0.00,0.00,0.00,0.00,0.00,0.00,0.00,0.00,0.00,0.00,64,23,0.00,1,'2018-02-08 10:27:54','2018-02-19 16:01:27','0000-00-00 00:00:00',6,6,0,'','\0','\0','',0.00,0.00,0,0,'-1','-16777216','\0','\0','\0'),(255,'Smirnoff Red','750ml','','',NULL,20,2,NULL,23,2,0,3,'0',0,0.00,1.00,2.00,420.00,0.00,0.00,0.00,0.00,0.00,0.00,0.00,0.00,0.00,0.00,0.00,64,23,0.00,1,'2018-02-08 10:30:05','2018-02-19 16:02:20','0000-00-00 00:00:00',6,6,0,'','\0','\0','',0.00,0.00,0,0,'-1','-16777216','\0','\0','\0'),(256,'Stolichnaya Red','750ml','','',NULL,20,2,NULL,23,2,0,3,'0',0,0.00,1.00,2.00,455.00,0.00,0.00,0.00,0.00,0.00,0.00,0.00,0.00,0.00,0.00,0.00,64,23,0.00,1,'2018-02-08 10:31:28','2018-02-19 16:02:46','0000-00-00 00:00:00',6,6,0,'','\0','\0','',0.00,0.00,0,0,'-1','-16777216','\0','\0','\0'),(257,'Grey Goose','750ml','','',NULL,20,2,NULL,23,2,0,3,'0',0,0.00,1.00,2.00,1450.00,0.00,0.00,0.00,0.00,0.00,0.00,0.00,0.00,0.00,0.00,0.00,64,23,0.00,1,'2018-02-08 10:32:49','2018-02-19 16:04:39','0000-00-00 00:00:00',6,6,0,'','\0','\0','',0.00,0.00,0,0,'-1','-16777216','\0','\0','\0'),(258,'Absoulut Blue','750ml','','',NULL,20,2,NULL,23,2,0,3,'0',0,0.00,2.00,1.00,650.00,0.00,0.00,0.00,0.00,0.00,0.00,0.00,0.00,0.00,0.00,0.00,64,23,0.00,1,'2018-02-08 10:35:04','0000-00-00 00:00:00','0000-00-00 00:00:00',6,0,0,'','\0','\0','',0.00,0.00,0,0,'-1','-16777216','\0','\0','\0'),(259,'Absolut Citron','750ml','','',NULL,20,2,NULL,23,2,0,3,'0',0,0.00,1.00,2.00,825.00,0.00,0.00,0.00,0.00,0.00,0.00,0.00,0.00,0.00,0.00,0.00,64,23,0.00,1,'2018-02-08 10:37:42','2018-02-19 16:16:00','0000-00-00 00:00:00',6,6,0,'','\0','\0','',0.00,0.00,0,0,'-1','-16777216','\0','\0','\0'),(260,'Absolut Kurant','750ml','','',NULL,20,2,NULL,23,2,0,3,'0',0,0.00,1.00,2.00,825.00,0.00,0.00,0.00,0.00,0.00,0.00,0.00,0.00,0.00,0.00,0.00,64,23,0.00,1,'2018-02-08 10:40:11','2018-02-19 16:16:57','0000-00-00 00:00:00',6,6,0,'','\0','\0','',0.00,0.00,0,0,'-1','-16777216','\0','\0','\0'),(261,'Belvedere','750ml','','',NULL,20,2,NULL,23,2,0,3,'0',0,0.00,1.00,2.00,1350.00,0.00,0.00,0.00,0.00,0.00,0.00,0.00,0.00,0.00,0.00,0.00,64,23,0.00,1,'2018-02-08 10:43:15','2018-02-19 16:17:54','0000-00-00 00:00:00',6,6,0,'','\0','\0','',0.00,0.00,0,0,'-1','-16777216','\0','\0','\0'),(262,'Ciroc ','750ml','','',NULL,9,2,NULL,23,2,0,3,'0',0,0.00,1.00,2.00,1969.00,0.00,0.00,0.00,0.00,0.00,0.00,0.00,0.00,0.00,0.00,0.00,64,23,0.00,1,'2018-02-08 10:44:36','2018-02-19 16:36:30','0000-00-00 00:00:00',6,6,0,'','\0','\0','',0.00,0.00,0,0,'-1','-16777216','\0','\0','\0'),(263,'42 Below','750ml','','',NULL,20,2,NULL,23,2,0,3,'0',0,0.00,1.00,2.00,600.00,0.00,0.00,0.00,0.00,0.00,0.00,0.00,0.00,0.00,0.00,0.00,64,23,0.00,1,'2018-02-08 10:45:53','2018-02-19 16:05:04','0000-00-00 00:00:00',6,6,0,'','\0','\0','',0.00,0.00,0,0,'-1','-16777216','\0','\0','\0'),(264,'Red Square Vodka','700ml','','',NULL,21,2,NULL,23,2,0,3,'0',0,0.00,2.00,1.00,235.00,0.00,0.00,0.00,0.00,0.00,0.00,0.00,0.00,0.00,0.00,0.00,64,23,0.00,1,'2018-02-08 10:47:56','0000-00-00 00:00:00','2018-02-08 14:07:57',6,0,6,'','\0','','',0.00,0.00,0,0,'-1','-16777216','\0','\0','\0'),(265,'White Castle','750ml','','',NULL,20,2,NULL,22,2,0,3,'0',0,0.00,2.00,1.00,185.00,0.00,0.00,0.00,0.00,0.00,0.00,0.00,0.00,0.00,0.00,0.00,64,23,0.00,1,'2018-02-08 10:49:29','0000-00-00 00:00:00','2018-02-19 15:53:21',6,0,6,'','\0','','',0.00,0.00,0,0,'-1','-16777216','\0','\0','\0'),(266,'Jose Cuervo Gold','700ml','','',NULL,20,2,NULL,24,2,0,3,'0',0,0.00,1.00,2.00,550.00,0.00,0.00,0.00,0.00,0.00,0.00,0.00,0.00,0.00,0.00,0.00,64,23,0.00,1,'2018-02-08 10:51:47','2018-02-19 17:32:06','0000-00-00 00:00:00',6,6,0,'','\0','\0','',0.00,0.00,0,0,'-1','-16777216','\0','\0','\0'),(267,'Patron Reposado','700ml','','',NULL,20,2,NULL,24,2,0,3,'0',0,0.00,1.00,2.00,2245.00,0.00,0.00,0.00,0.00,0.00,0.00,0.00,0.00,0.00,0.00,0.00,64,23,0.00,1,'2018-02-08 10:53:35','2018-02-20 17:31:18','0000-00-00 00:00:00',6,6,0,'','\0','\0','',0.00,0.00,0,0,'-1','-16777216','\0','\0','\0'),(268,'Patron Silver','700ml','','',NULL,20,2,NULL,24,2,0,3,'0',0,0.00,1.00,2.00,1750.00,0.00,0.00,0.00,0.00,0.00,0.00,0.00,0.00,0.00,0.00,0.00,64,23,0.00,1,'2018-02-08 10:55:22','2018-02-20 17:32:09','0000-00-00 00:00:00',6,6,0,'','\0','\0','',0.00,0.00,0,0,'-1','-16777216','\0','\0','\0'),(269,'Patron XO Cafe','\r\n700ml','','',NULL,20,2,NULL,24,2,0,3,'0',0,0.00,1.00,2.00,1000.00,0.00,0.00,0.00,0.00,0.00,0.00,0.00,0.00,0.00,0.00,0.00,64,23,25.00,1,'2018-02-08 11:18:24','2018-02-20 17:32:43','0000-00-00 00:00:00',6,6,0,'','\0','\0','',0.00,0.00,0,0,'-1','-16777216','\0','\0','\0'),(270,'EL Hombre White','750ml','','',NULL,20,2,NULL,24,2,0,3,'0',0,0.00,1.00,2.00,160.00,0.00,0.00,0.00,0.00,0.00,0.00,0.00,0.00,0.00,0.00,0.00,64,23,0.00,1,'2018-02-08 11:19:38','2018-02-20 17:33:20','0000-00-00 00:00:00',6,6,0,'','\0','\0','',0.00,0.00,0,0,'-1','-16777216','\0','\0','\0'),(271,'Captain Morgan','750ml','','',NULL,20,2,NULL,25,2,0,3,'0',0,0.00,1.00,2.00,405.00,0.00,0.00,0.00,0.00,0.00,0.00,0.00,0.00,0.00,0.00,0.00,64,23,0.00,1,'2018-02-08 11:21:29','2018-02-20 17:34:12','0000-00-00 00:00:00',6,6,0,'','\0','\0','',0.00,0.00,0,0,'-1','-16777216','\0','\0','\0'),(272,'Malibu','750ml','','',NULL,20,2,NULL,25,2,0,3,'0',0,0.00,1.00,2.00,580.00,0.00,0.00,0.00,0.00,0.00,0.00,0.00,0.00,0.00,0.00,0.00,64,23,0.00,1,'2018-02-08 11:22:33','2018-02-20 17:34:58','0000-00-00 00:00:00',6,6,0,'','\0','\0','',0.00,0.00,0,0,'-1','-16777216','\0','\0','\0'),(273,'Kahlua','700ml','','',NULL,20,2,NULL,26,2,0,3,'0',0,0.00,2.00,4.00,595.00,0.00,0.00,0.00,0.00,0.00,0.00,0.00,0.00,0.00,0.00,0.00,64,23,0.00,1,'2018-02-08 11:23:49','2018-02-20 17:42:20','0000-00-00 00:00:00',6,6,0,'','\0','\0','',0.00,0.00,0,0,'-1','-16777216','\0','\0','\0'),(274,'Tanduay Dark  5 yrs','750ml','','',NULL,22,2,NULL,25,2,0,3,'0',0,0.00,3.00,12.00,80.25,0.00,0.00,0.00,0.00,0.00,0.00,0.00,0.00,0.00,0.00,0.00,64,23,0.00,1,'2018-02-08 11:27:38','2018-02-20 17:36:42','0000-00-00 00:00:00',6,6,0,'','\0','\0','',0.00,0.00,0,0,'-1','-16777216','\0','\0','\0'),(275,'White Castle ','750ml','','',NULL,20,2,NULL,22,2,0,3,'0',0,0.00,1.00,2.00,185.00,0.00,0.00,0.00,0.00,0.00,0.00,0.00,0.00,0.00,0.00,0.00,64,23,0.00,1,'2018-02-08 11:29:06','2018-02-19 15:52:59','0000-00-00 00:00:00',6,6,0,'','\0','\0','',0.00,0.00,0,0,'-1','-16777216','\0','\0','\0'),(276,'Bacardi 151','750ml','','',NULL,20,2,NULL,38,2,0,3,'0',0,0.00,1.00,2.00,750.00,0.00,0.00,0.00,0.00,0.00,0.00,0.00,0.00,0.00,0.00,0.00,64,23,0.00,1,'2018-02-08 11:31:32','2018-04-30 14:58:52','0000-00-00 00:00:00',6,6,0,'','\0','\0','',0.00,0.00,0,0,'-1','-16777216','\0','\0','\0'),(277,'Bacardi Superior White','750ml','','',NULL,20,2,NULL,25,2,0,3,'0',0,0.00,1.00,2.00,330.00,0.00,0.00,0.00,0.00,0.00,0.00,0.00,0.00,0.00,0.00,0.00,64,23,0.00,1,'2018-02-08 11:32:59','2018-02-20 17:38:24','0000-00-00 00:00:00',6,6,0,'','\0','\0','',0.00,0.00,0,0,'-1','-16777216','\0','\0','\0'),(278,'Bacardi Gold','750ml','','',NULL,20,2,NULL,25,2,0,3,'0',0,0.00,1.00,2.00,330.00,0.00,0.00,0.00,0.00,0.00,0.00,0.00,0.00,0.00,0.00,0.00,64,23,0.00,1,'2018-02-08 11:34:19','2018-02-20 17:39:13','0000-00-00 00:00:00',6,6,0,'','\0','\0','',0.00,0.00,0,0,'-1','-16777216','\0','\0','\0'),(279,'Tanduay White','750ml','','',NULL,20,2,NULL,25,2,0,3,'0',0,0.00,2.00,6.00,76.25,0.00,0.00,0.00,0.00,0.00,0.00,0.00,0.00,0.00,0.00,0.00,64,23,0.00,1,'2018-02-08 11:37:03','2018-02-20 17:39:46','0000-00-00 00:00:00',6,6,0,'','\0','\0','',0.00,0.00,0,0,'-1','-16777216','\0','\0','\0'),(280,'Baileys','750ml','','',NULL,20,2,NULL,26,2,0,3,'0',0,0.00,2.00,4.00,750.00,0.00,0.00,0.00,0.00,0.00,0.00,0.00,0.00,0.00,0.00,0.00,64,23,0.00,1,'2018-02-08 11:42:09','2018-02-20 17:41:35','0000-00-00 00:00:00',6,6,0,'','\0','\0','',0.00,0.00,0,0,'-1','-16777216','\0','\0','\0'),(281,'jagermeister','700ml','','',NULL,20,2,NULL,26,2,0,3,'0',0,0.00,2.00,4.00,485.00,0.00,0.00,0.00,0.00,0.00,0.00,0.00,0.00,0.00,0.00,0.00,64,23,0.00,1,'2018-02-08 11:57:49','2018-02-20 17:42:59','0000-00-00 00:00:00',6,6,0,'','\0','\0','',0.00,0.00,0,0,'-1','-16777216','\0','\0','\0'),(282,'Tequila Rose','750ml','','',NULL,20,2,NULL,26,2,0,3,'0',0,0.00,1.00,2.00,680.00,0.00,0.00,0.00,0.00,0.00,0.00,0.00,0.00,0.00,0.00,0.00,64,23,0.00,1,'2018-02-08 11:59:13','2018-02-20 17:43:43','0000-00-00 00:00:00',6,6,0,'','\0','\0','',0.00,0.00,0,0,'-1','-16777216','\0','\0','\0'),(283,'Luxardo Black Sambucca','750ml','','',NULL,23,2,NULL,26,2,0,3,'0',0,0.00,1.00,2.00,750.00,0.00,0.00,0.00,0.00,0.00,0.00,0.00,0.00,0.00,0.00,0.00,64,23,0.00,1,'2018-02-08 12:01:37','2018-02-20 17:45:54','0000-00-00 00:00:00',6,6,0,'','\0','\0','',0.00,0.00,0,0,'-1','-16777216','\0','\0','\0'),(284,'Crown Royal','750ml','','',NULL,20,2,NULL,22,2,0,3,'0',0,0.00,1.00,2.00,1000.00,0.00,0.00,0.00,0.00,0.00,0.00,0.00,0.00,0.00,0.00,0.00,64,23,0.00,1,'2018-02-08 12:03:42','2018-02-20 17:47:12','0000-00-00 00:00:00',6,6,0,'','\0','\0','',0.00,0.00,0,0,'-1','-16777216','\0','\0','\0'),(285,'WoodFord Reserve','750ml','','',NULL,9,2,NULL,22,2,0,3,'0',0,0.00,1.00,2.00,2799.00,0.00,0.00,0.00,0.00,0.00,0.00,0.00,0.00,0.00,0.00,0.00,64,23,0.00,1,'2018-02-08 12:05:26','2018-02-20 17:47:35','0000-00-00 00:00:00',6,6,0,'','\0','\0','',0.00,0.00,0,0,'-1','-16777216','\0','\0','\0'),(286,'Elijah Craig','750ml','','',NULL,9,2,NULL,26,2,0,3,'0',0,0.00,2.00,1.00,2139.00,0.00,0.00,0.00,0.00,0.00,0.00,0.00,0.00,0.00,0.00,0.00,64,23,0.00,1,'2018-02-08 12:07:37','2018-02-20 17:47:58','0000-00-00 00:00:00',6,6,0,'','\0','\0','',0.00,0.00,0,0,'-1','-16777216','\0','\0','\0'),(287,'Perrier Sparkling Water','700','','',NULL,9,2,NULL,26,2,0,3,'0',0,0.00,4.00,12.00,77.00,0.00,0.00,0.00,0.00,0.00,0.00,0.00,0.00,0.00,0.00,0.00,64,1,0.00,1,'2018-02-08 12:09:22','2018-02-20 17:49:04','0000-00-00 00:00:00',6,6,0,'','\0','\0','',0.00,0.00,0,0,'-1','-16777216','\0','\0','\0'),(288,'Grand Manier','700ml','','',NULL,20,2,NULL,26,2,0,3,'0',0,0.00,1.00,2.00,1040.00,0.00,0.00,0.00,0.00,0.00,0.00,0.00,0.00,0.00,0.00,0.00,64,23,0.00,1,'2018-02-08 12:11:55','2018-02-20 17:49:51','0000-00-00 00:00:00',6,6,0,'','\0','\0','',0.00,0.00,0,0,'-1','-16777216','\0','\0','\0'),(289,'Cointreu','700ml','','',NULL,20,2,NULL,26,2,0,3,'0',0,0.00,1.00,2.00,780.00,0.00,0.00,0.00,0.00,0.00,0.00,0.00,0.00,0.00,0.00,0.00,64,23,0.00,1,'2018-02-08 12:13:56','2018-02-20 17:50:32','0000-00-00 00:00:00',6,6,0,'','\0','\0','',0.00,0.00,0,0,'-1','-16777216','\0','\0','\0'),(290,'Sambucca Vaccarri ','700ml','','',NULL,20,2,NULL,45,2,0,3,'0',0,0.00,1.00,2.00,750.00,0.00,0.00,0.00,0.00,0.00,0.00,0.00,0.00,0.00,0.00,0.00,64,23,0.00,1,'2018-02-08 12:16:03','2018-02-20 17:51:24','0000-00-00 00:00:00',6,6,0,'','\0','\0','',0.00,0.00,0,0,'-1','-16777216','\0','\0','\0'),(291,'FireBall','750ml','','',NULL,20,2,NULL,26,2,0,3,'0',0,0.00,1.00,2.00,750.00,0.00,0.00,0.00,0.00,0.00,0.00,0.00,0.00,0.00,0.00,0.00,64,23,0.00,1,'2018-02-08 12:18:06','2018-02-20 17:52:17','0000-00-00 00:00:00',6,6,0,'','\0','\0','',0.00,0.00,0,0,'-1','-16777216','\0','\0','\0'),(292,'Ricard','700ml','','',NULL,24,2,NULL,26,2,0,3,'0',0,0.00,1.00,2.00,950.00,0.00,0.00,0.00,0.00,0.00,0.00,0.00,0.00,0.00,0.00,0.00,64,23,0.00,1,'2018-02-08 12:20:35','2018-02-20 17:53:25','0000-00-00 00:00:00',6,6,0,'','\0','\0','',0.00,0.00,0,0,'-1','-16777216','\0','\0','\0'),(293,'Peach Schnapps','750ml','','',NULL,20,2,NULL,26,2,0,3,'0',0,0.00,1.00,2.00,350.00,0.00,0.00,0.00,0.00,0.00,0.00,0.00,0.00,0.00,0.00,0.00,64,23,0.00,1,'2018-02-08 12:22:21','2018-02-21 13:01:00','0000-00-00 00:00:00',6,6,0,'','\0','\0','',0.00,0.00,0,0,'-1','-16777216','\0','\0','\0'),(294,'The Botanist','750ml','','',NULL,9,2,NULL,50,2,0,3,'0',0,0.00,1.00,1.00,2699.00,0.00,0.00,0.00,0.00,0.00,0.00,0.00,0.00,0.00,0.00,0.00,64,23,0.00,1,'2018-02-08 12:24:21','2018-02-21 13:03:19','0000-00-00 00:00:00',6,6,0,'','\0','\0','',0.00,0.00,0,0,'-1','-16777216','\0','\0','\0'),(295,'Bombay Sapphire','750ml','','',NULL,20,2,NULL,26,2,0,3,'0',0,0.00,1.00,2.00,650.00,0.00,0.00,0.00,0.00,0.00,0.00,0.00,0.00,0.00,0.00,0.00,64,23,0.00,1,'2018-02-08 12:26:37','2018-02-21 13:04:52','0000-00-00 00:00:00',6,6,0,'','\0','\0','',0.00,0.00,0,0,'-1','-16777216','\0','\0','\0'),(296,'Tanqueray','700ml','','',NULL,20,2,NULL,50,2,0,3,'0',0,0.00,1.00,4.00,950.00,0.00,0.00,0.00,0.00,0.00,0.00,0.00,0.00,0.00,0.00,0.00,64,23,0.00,1,'2018-02-08 12:27:55','2018-02-21 13:06:33','0000-00-00 00:00:00',6,6,0,'','\0','\0','',0.00,0.00,0,0,'-1','-16777216','\0','\0','\0'),(297,'Hendricks','750ml','','',NULL,23,2,NULL,50,2,0,3,'0',0,0.00,1.00,1.00,1950.00,0.00,0.00,0.00,0.00,0.00,0.00,0.00,0.00,0.00,0.00,0.00,64,23,0.00,1,'2018-02-08 12:29:33','2018-02-21 13:08:19','0000-00-00 00:00:00',6,6,0,'','\0','\0','',0.00,0.00,0,0,'-1','-16777216','\0','\0','\0'),(298,'San Miguel Pale Pilsen','Beer','','',NULL,12,2,NULL,27,2,0,15,'0',0,0.00,0.00,0.00,580.00,0.00,0.00,0.00,0.00,0.00,0.00,0.00,0.00,0.00,0.00,0.00,64,23,0.00,1,'2018-02-08 13:01:41','0000-00-00 00:00:00','2018-03-05 09:27:22',6,0,6,'','\0','','',0.00,0.00,0,0,'-1','-16777216','\0','\0','\0'),(299,'san miguel light','san miguel light','','',NULL,18,2,NULL,27,2,0,15,'0',0,0.00,10.00,40.00,655.00,0.00,0.00,0.00,0.00,0.00,0.00,0.00,0.00,0.00,0.00,0.00,63,23,0.00,1,'2018-02-08 13:02:56','2018-03-05 09:38:31','0000-00-00 00:00:00',6,6,0,'','\0','\0','',0.00,0.00,0,0,'-1','-16777216','\0','\0','\0'),(300,'red horse stallion','330ml','','',NULL,12,2,NULL,27,2,0,15,'0',0,0.00,0.00,0.00,600.00,0.00,0.00,0.00,0.00,0.00,0.00,0.00,0.00,0.00,0.00,0.00,64,23,-1.00,1,'2018-02-08 13:04:44','0000-00-00 00:00:00','0000-00-00 00:00:00',6,0,0,'','\0','\0','',0.00,0.00,0,0,'-1','-16777216','\0','\0','\0'),(301,'super dry','330ml','','',NULL,18,2,NULL,27,2,0,15,'0',0,0.00,1.00,2.00,899.00,0.00,0.00,0.00,0.00,0.00,0.00,0.00,0.00,0.00,0.00,0.00,64,23,0.00,1,'2018-02-08 13:05:22','2018-02-21 13:57:33','0000-00-00 00:00:00',6,6,0,'','\0','\0','',0.00,0.00,0,0,'-1','-16777216','\0','\0','\0'),(302,'san miguel apple','330ml','','',NULL,12,2,NULL,27,2,0,15,'0',0,0.00,0.00,0.00,570.00,0.00,0.00,0.00,0.00,0.00,0.00,0.00,0.00,0.00,0.00,0.00,64,23,0.00,1,'2018-02-08 13:07:18','0000-00-00 00:00:00','2018-03-05 09:28:30',6,0,6,'','\0','','',0.00,0.00,0,0,'-1','-16777216','\0','\0','\0'),(303,'san miguel lemon','330ml','','',NULL,12,2,NULL,27,2,0,15,'0',0,0.00,0.00,0.00,570.00,0.00,0.00,0.00,0.00,0.00,0.00,0.00,0.00,0.00,0.00,0.00,64,23,0.00,1,'2018-02-08 13:08:42','2018-03-05 09:28:02','2018-03-05 09:28:22',6,6,6,'','\0','','',0.00,0.00,0,0,'-1','-16777216','\0','\0','\0'),(304,'san miguel zero','330ml','','',NULL,18,2,NULL,27,2,0,15,'0',0,0.00,0.00,0.00,655.00,0.00,0.00,0.00,0.00,0.00,0.00,0.00,0.00,0.00,0.00,0.00,64,23,0.00,1,'2018-02-08 13:10:22','0000-00-00 00:00:00','2018-03-05 09:39:13',6,0,6,'','\0','','',0.00,0.00,0,0,'-1','-16777216','\0','\0','\0'),(305,'san miguel premium malt','san miguel premium malt\r\n\r\n','','',NULL,12,2,NULL,27,2,0,15,'0',0,0.00,1.00,3.00,959.00,0.00,0.00,0.00,0.00,0.00,0.00,0.00,0.00,0.00,0.00,0.00,64,23,0.00,1,'2018-02-08 13:11:23','2018-03-05 09:38:52','0000-00-00 00:00:00',6,6,0,'','\0','\0','',0.00,0.00,0,0,'-1','-16777216','\0','\0','\0'),(306,'cerveza negra','cerveza negra','','',NULL,18,2,NULL,27,2,0,15,'0',0,0.00,1.00,2.00,899.00,0.00,0.00,0.00,0.00,0.00,0.00,0.00,0.00,0.00,0.00,0.00,64,23,0.00,1,'2018-02-08 13:12:35','2018-03-05 09:43:48','0000-00-00 00:00:00',6,6,0,'','\0','\0','',0.00,0.00,0,0,'-1','-16777216','\0','\0','\0'),(307,'coke bottle','Coke btl 237ml','','',NULL,18,2,NULL,63,2,0,15,'0',0,0.00,2.00,5.00,149.00,0.00,0.00,0.00,0.00,0.00,0.00,0.00,0.00,0.00,0.00,0.00,64,23,0.00,1,'2018-02-08 13:15:12','2018-03-05 09:40:22','0000-00-00 00:00:00',6,6,0,'','\0','\0','',0.00,0.00,0,0,'-1','-16777216','\0','\0','\0'),(308,'sprite bottle','237ml','','',NULL,18,2,NULL,63,2,0,15,'0',0,0.00,1.00,3.00,149.00,0.00,0.00,0.00,0.00,0.00,0.00,0.00,0.00,0.00,0.00,0.00,64,23,0.00,1,'2018-02-08 13:16:10','2018-02-22 12:01:46','0000-00-00 00:00:00',6,6,0,'','\0','\0','',0.00,0.00,0,0,'-1','-16777216','\0','\0','\0'),(309,'coke in can','coke red','','',NULL,12,2,NULL,59,2,0,15,'0',0,0.00,5.00,15.00,552.00,0.00,0.00,0.00,0.00,0.00,0.00,0.00,0.00,0.00,0.00,0.00,64,23,0.00,1,'2018-02-08 13:20:28','2018-03-05 09:41:05','0000-00-00 00:00:00',6,6,0,'','\0','\0','',0.00,0.00,0,0,'-1','-16777216','\0','\0','\0'),(310,'Diet/Light Coke','Coke light','','',NULL,12,2,NULL,59,2,0,15,'0',0,0.00,2.00,7.00,586.00,0.00,0.00,0.00,0.00,0.00,0.00,0.00,0.00,0.00,0.00,0.00,64,23,0.00,1,'2018-02-08 13:22:36','2018-03-05 09:40:34','0000-00-00 00:00:00',6,6,0,'','\0','\0','',0.00,0.00,0,0,'-1','-16777216','\0','\0','\0'),(311,'Tonic water can','sweeps tonic water','','',NULL,18,2,NULL,30,2,0,15,'0',0,0.00,2.00,6.00,658.00,0.00,0.00,0.00,0.00,0.00,0.00,0.00,0.00,0.00,0.00,0.00,64,23,0.00,1,'2018-02-08 13:25:07','2018-03-05 09:40:00','0000-00-00 00:00:00',6,6,0,'','\0','\0','',0.00,0.00,0,0,'-1','-16777216','\0','\0','\0'),(312,'gatorade','500ml','','',NULL,18,2,NULL,60,2,0,15,'0',0,0.00,2.00,5.00,842.00,0.00,0.00,0.00,0.00,0.00,0.00,0.00,0.00,0.00,0.00,0.00,64,23,0.00,1,'2018-02-08 13:27:02','2018-02-22 11:34:47','0000-00-00 00:00:00',6,6,0,'','\0','\0','',0.00,0.00,0,0,'-1','-16777216','\0','\0','\0'),(313,'stella artois back up','330ml','','',NULL,23,2,NULL,28,2,0,12,'0',0,0.00,1.00,2.00,1680.00,0.00,0.00,0.00,0.00,0.00,0.00,0.00,0.00,0.00,0.00,0.00,64,23,0.00,1,'2018-02-08 13:31:00','2018-02-21 14:23:29','0000-00-00 00:00:00',6,6,0,'','\0','\0','',0.00,0.00,0,0,'-1','-16777216','\0','\0','\0'),(314,'Heinken Keg','keg','','',NULL,22,2,NULL,61,2,0,14,'0',0,0.00,0.00,0.00,3200.00,0.00,0.00,0.00,0.00,0.00,0.00,0.00,0.00,0.00,0.00,0.00,64,23,0.00,1,'2018-02-08 13:39:42','0000-00-00 00:00:00','0000-00-00 00:00:00',6,0,0,'','\0','\0','',0.00,0.00,0,0,'-1','-16777216','\0','\0','\0'),(315,'Tanduay Ice White','330ml','','',NULL,22,2,NULL,27,2,0,12,'0',0,0.00,1.00,3.00,570.00,0.00,0.00,0.00,0.00,0.00,0.00,0.00,0.00,0.00,0.00,0.00,63,23,0.00,1,'2018-02-08 13:41:32','2018-02-21 13:58:20','0000-00-00 00:00:00',6,6,0,'','\0','\0','',0.00,0.00,0,0,'-1','-16777216','\0','\0','\0'),(316,'Tanduay ICE Vodka rassbery','330ml','','',NULL,22,2,NULL,27,2,0,12,'0',0,0.00,1.00,3.00,650.00,0.00,0.00,0.00,0.00,0.00,0.00,0.00,0.00,0.00,0.00,0.00,64,23,0.00,1,'2018-02-08 13:42:48','2018-02-21 13:59:16','0000-00-00 00:00:00',6,6,0,'','\0','\0','',0.00,0.00,0,0,'-1','-16777216','\0','\0','\0'),(317,'Heineken Beer','330ml','','',NULL,22,2,NULL,28,2,0,12,'0',0,0.00,0.00,0.00,1060.00,0.00,0.00,0.00,0.00,0.00,0.00,0.00,0.00,0.00,0.00,0.00,64,23,0.00,1,'2018-02-08 13:44:28','0000-00-00 00:00:00','0000-00-00 00:00:00',6,0,0,'','\0','\0','',0.00,0.00,0,0,'-1','-16777216','\0','\0','\0'),(318,'Asahi Beer','330ml','','',NULL,22,2,NULL,28,2,0,12,'0',0,0.00,1.00,2.00,1310.00,0.00,0.00,0.00,0.00,0.00,0.00,0.00,0.00,0.00,0.00,0.00,64,23,0.00,1,'2018-02-08 13:46:29','2018-02-21 14:26:01','0000-00-00 00:00:00',6,6,0,'','\0','\0','',0.00,0.00,0,0,'-1','-16777216','\0','\0','\0'),(319,'Tiger Beer','330ml','','',NULL,22,2,NULL,28,2,0,12,'0',0,0.00,1.00,2.00,909.00,0.00,0.00,0.00,0.00,0.00,0.00,0.00,0.00,0.00,0.00,0.00,64,23,0.00,1,'2018-02-08 13:47:59','2018-02-28 09:31:08','0000-00-00 00:00:00',6,6,0,'','\0','\0','',0.00,0.00,0,0,'-1','-16777216','\0','\0','\0'),(320,'ReD Square Vodka','700ml','','',NULL,25,2,NULL,23,2,0,3,'0',0,0.00,4.00,12.00,235.00,0.00,0.00,0.00,0.00,0.00,0.00,0.00,0.00,0.00,0.00,0.00,64,23,0.00,1,'2018-02-08 14:06:40','2018-02-19 16:08:19','0000-00-00 00:00:00',6,6,0,'','\0','\0','',0.00,0.00,0,0,'-1','-16777216','\0','\0','\0'),(321,'Belgravia Gin','700ml','','',NULL,25,2,NULL,50,2,0,3,'0',0,0.00,2.00,6.00,235.00,0.00,0.00,0.00,0.00,0.00,0.00,0.00,0.00,0.00,0.00,0.00,64,23,0.00,1,'2018-02-08 14:07:43','2018-02-21 13:09:13','0000-00-00 00:00:00',6,6,0,'','\0','\0','',0.00,0.00,0,0,'-1','-16777216','\0','\0','\0'),(322,'Corona Beer','335ml','','',NULL,26,2,NULL,28,2,1,12,'10',1,0.00,1.00,4.00,1894.00,0.00,0.00,0.00,0.00,0.00,0.00,0.00,0.00,0.00,0.00,0.00,64,23,0.00,1,'2018-02-08 14:10:50','2018-06-15 15:55:38','0000-00-00 00:00:00',6,1,0,'','\0','\0','',0.00,0.00,0,0,'-1','-16777216','\0','\0','\0'),(323,'Deakin chardonay','House Wine','','',NULL,27,2,NULL,14,2,0,3,'0',0,0.00,3.00,12.00,400.00,0.00,0.00,0.00,0.00,0.00,0.00,0.00,0.00,0.00,0.00,0.00,64,23,0.00,1,'2018-02-08 14:14:38','2018-08-30 10:06:40','0000-00-00 00:00:00',6,1,0,'','\0','\0','',0.00,0.00,0,0,'-1','-16777216','\0','\0','\0'),(324,'Spy Valley Sauvignon Blanc 16','wine','','',NULL,27,2,NULL,29,2,0,12,'0',0,0.00,2.00,6.00,690.00,0.00,0.00,0.00,0.00,0.00,0.00,0.00,0.00,0.00,0.00,0.00,64,23,0.00,1,'2018-02-08 14:19:41','2018-02-21 14:43:20','0000-00-00 00:00:00',6,6,0,'','\0','\0','',0.00,0.00,0,0,'-1','-16777216','\0','\0','\0'),(325,'Greywocke Sauvignon Blanc 15','wine chiller','','',NULL,27,2,NULL,29,2,0,12,'0',0,0.00,2.00,6.00,880.00,0.00,0.00,0.00,0.00,0.00,0.00,0.00,0.00,0.00,0.00,0.00,64,23,0.00,1,'2018-02-08 14:21:04','2018-02-21 14:44:15','0000-00-00 00:00:00',6,6,0,'','\0','\0','',0.00,0.00,0,0,'-1','-16777216','\0','\0','\0'),(326,'Stella Bella Sauvignon blanc 14','wine chiller','','',NULL,27,2,NULL,29,2,0,12,'0',0,0.00,2.00,6.00,750.00,0.00,0.00,0.00,0.00,0.00,0.00,0.00,0.00,0.00,0.00,0.00,64,23,0.00,1,'2018-02-08 14:22:51','2018-02-21 14:45:07','0000-00-00 00:00:00',6,6,0,'','\0','\0','',0.00,0.00,0,0,'-1','-16777216','\0','\0','\0'),(327,'Greywocke Pinot Gris','Wine Chiller','','',NULL,27,2,NULL,29,2,0,3,'0',0,0.00,2.00,6.00,1000.00,0.00,0.00,0.00,0.00,0.00,0.00,0.00,0.00,0.00,0.00,0.00,64,23,0.00,1,'2018-02-08 14:28:31','2018-02-21 14:46:27','0000-00-00 00:00:00',6,6,0,'','\0','\0','',0.00,0.00,0,0,'-1','-16777216','\0','\0','\0'),(328,'The King\'s thorn Pinot Gris 14','wine chiller','','',NULL,27,2,NULL,29,2,0,3,'0',0,0.00,2.00,6.00,730.00,0.00,0.00,0.00,0.00,0.00,0.00,0.00,0.00,0.00,0.00,0.00,64,23,0.00,1,'2018-02-08 14:31:40','2018-02-21 14:47:18','0000-00-00 00:00:00',6,6,0,'','\0','\0','',0.00,0.00,0,0,'-1','-16777216','\0','\0','\0'),(329,'Stella Bella Chardonnay','wine chiller','','',NULL,27,2,NULL,29,2,0,3,'0',0,0.00,2.00,6.00,960.00,0.00,0.00,0.00,0.00,0.00,0.00,0.00,0.00,0.00,0.00,0.00,64,23,0.00,1,'2018-02-08 14:33:34','2018-02-21 14:48:09','0000-00-00 00:00:00',6,6,0,'','\0','\0','',0.00,0.00,0,0,'-1','-16777216','\0','\0','\0'),(330,'Dogpoint Chardonnay','wine chiller','','',NULL,27,2,NULL,29,2,0,3,'0',0,0.00,2.00,6.00,1300.00,0.00,0.00,0.00,0.00,0.00,0.00,0.00,0.00,0.00,0.00,0.00,64,23,0.00,1,'2018-02-08 14:34:37','2018-02-21 14:49:07','0000-00-00 00:00:00',6,6,0,'','\0','\0','',0.00,0.00,0,0,'-1','-16777216','\0','\0','\0'),(331,'Stella Bella Cabernet Sauvignon 11','wine chiller','','',NULL,27,2,NULL,29,2,0,3,'0',0,0.00,2.00,6.00,980.00,0.00,0.00,0.00,0.00,0.00,0.00,0.00,0.00,0.00,0.00,0.00,64,23,0.00,1,'2018-02-08 14:35:47','2018-02-21 14:50:06','0000-00-00 00:00:00',6,6,0,'','\0','\0','',0.00,0.00,0,0,'-1','-16777216','\0','\0','\0'),(332,'Geoff Merrill Reserve Shiraz 09','wine chiller','','',NULL,27,2,NULL,29,2,0,3,'0',0,0.00,2.00,6.00,1550.00,0.00,0.00,0.00,0.00,0.00,0.00,0.00,0.00,0.00,0.00,0.00,64,23,0.00,1,'2018-02-08 14:37:05','2018-02-21 14:51:11','0000-00-00 00:00:00',6,6,0,'','\0','\0','',0.00,0.00,0,0,'-1','-16777216','\0','\0','\0'),(333,'Skuttlebutt Sangiovese Rose 15','wine chiller','','',NULL,27,2,NULL,29,2,0,3,'0',0,0.00,2.00,6.00,580.00,0.00,0.00,0.00,0.00,0.00,0.00,0.00,0.00,0.00,0.00,0.00,64,23,0.00,1,'2018-02-08 14:39:18','2018-02-21 14:52:05','0000-00-00 00:00:00',6,6,0,'','\0','\0','',0.00,0.00,0,0,'-1','-16777216','\0','\0','\0'),(334,'Woodstock Shiraz 13','wine chiller','','',NULL,27,2,NULL,29,2,0,3,'0',0,0.00,2.00,6.00,880.00,0.00,0.00,0.00,0.00,0.00,0.00,0.00,0.00,0.00,0.00,0.00,64,23,0.00,1,'2018-02-08 14:40:46','2018-02-21 14:53:59','0000-00-00 00:00:00',6,6,0,'','\0','\0','',0.00,0.00,0,0,'-1','-16777216','\0','\0','\0'),(335,'Claymore walk on the wild side shiraz','wine chiller','','',NULL,27,2,NULL,29,2,0,3,'0',0,0.00,2.00,6.00,780.00,0.00,0.00,0.00,0.00,0.00,0.00,0.00,0.00,0.00,0.00,0.00,64,23,0.00,1,'2018-02-08 14:42:03','2018-02-21 14:53:02','0000-00-00 00:00:00',6,6,0,'','\0','\0','',0.00,0.00,0,0,'-1','-16777216','\0','\0','\0'),(336,'Deakin Azahara Sparkling','Wine Chiller','','',NULL,27,2,NULL,33,2,0,3,'0',0,0.00,2.00,6.00,810.00,0.00,0.00,0.00,0.00,0.00,0.00,0.00,0.00,0.00,0.00,0.00,64,23,0.00,1,'2018-02-08 14:43:34','2018-08-30 10:06:33','0000-00-00 00:00:00',6,1,0,'','\0','\0','',0.00,0.00,0,0,'-1','-16777216','\0','\0','\0'),(337,'Spy Valley Rose 16','wine chiller','','',NULL,27,2,NULL,29,2,0,3,'0',0,0.00,2.00,6.00,690.00,0.00,0.00,0.00,0.00,0.00,0.00,0.00,0.00,0.00,0.00,0.00,64,23,0.00,1,'2018-02-08 14:44:51','2018-02-21 14:56:15','0000-00-00 00:00:00',6,6,0,'','\0','\0','',0.00,0.00,0,0,'-1','-16777216','\0','\0','\0'),(338,'Spy Valley Pinot noir 14','Wine Chiller','','',NULL,27,2,NULL,29,2,0,3,'0',0,0.00,2.00,6.00,930.00,0.00,0.00,0.00,0.00,0.00,0.00,0.00,0.00,0.00,0.00,0.00,64,23,0.00,1,'2018-02-08 14:46:15','2018-02-21 14:57:09','0000-00-00 00:00:00',6,6,0,'','\0','\0','',0.00,0.00,0,0,'-1','-16777216','\0','\0','\0'),(339,'Astrolobe Pinot Noir 14','wine Chiller','','',NULL,27,2,NULL,29,2,0,12,'0',0,0.00,2.00,6.00,980.00,0.00,0.00,0.00,0.00,0.00,0.00,0.00,0.00,0.00,0.00,0.00,64,23,0.00,1,'2018-02-08 14:47:04','2018-02-21 14:58:22','0000-00-00 00:00:00',6,6,0,'','\0','\0','',0.00,0.00,0,0,'-1','-16777216','\0','\0','\0'),(340,'Del Monte Orange Juice Drink','240ml','','',NULL,6,2,NULL,31,2,0,15,'0',0,0.00,2.00,5.00,576.00,0.00,0.00,0.00,0.00,0.00,0.00,0.00,0.00,0.00,0.00,0.00,64,23,0.00,1,'2018-02-08 14:59:55','2018-02-28 10:54:56','0000-00-00 00:00:00',6,6,0,'','\0','\0','',0.00,0.00,0,0,'-1','-16777216','\0','\0','\0'),(341,'Del Monte Four Seasons juice drink','240ml','','',NULL,6,2,NULL,31,2,0,15,'0',0,0.00,1.00,3.00,576.00,0.00,0.00,0.00,0.00,0.00,0.00,0.00,0.00,0.00,0.00,0.00,64,23,0.00,1,'2018-02-08 15:01:18','2018-02-28 10:57:33','0000-00-00 00:00:00',6,6,0,'','\0','\0','',0.00,0.00,0,0,'-1','-16777216','\0','\0','\0'),(342,'Walsh Cherry','liquer','','',NULL,20,2,NULL,26,2,0,3,'0',0,0.00,2.00,1.00,165.00,0.00,0.00,0.00,0.00,0.00,0.00,0.00,0.00,0.00,0.00,0.00,64,23,0.00,1,'2018-02-08 15:16:42','0000-00-00 00:00:00','0000-00-00 00:00:00',6,0,0,'','\0','\0','',0.00,0.00,0,0,'-1','-16777216','\0','\0','\0'),(343,'Martini Bianco','1L','','',NULL,20,2,NULL,26,2,0,3,'0',0,0.00,1.00,1.00,550.00,0.00,0.00,0.00,0.00,0.00,0.00,0.00,0.00,0.00,0.00,0.00,64,23,0.00,1,'2018-02-08 15:18:32','2018-02-22 13:30:44','0000-00-00 00:00:00',6,6,0,'','\0','\0','',0.00,0.00,0,0,'-1','-16777216','\0','\0','\0'),(344,'Redbull in can','330ml','','',NULL,20,2,NULL,60,2,0,15,'0',0,0.00,1.00,3.00,1800.00,0.00,0.00,0.00,0.00,0.00,0.00,0.00,0.00,0.00,0.00,0.00,64,23,0.00,1,'2018-02-08 15:20:00','2018-02-22 11:56:17','0000-00-00 00:00:00',6,6,0,'','\0','\0','',0.00,0.00,0,0,'-1','-16777216','\0','\0','\0'),(345,'St. Clair Sauvignon Blanc','wine chiller','','',NULL,9,2,NULL,29,2,0,3,'0',0,0.00,2.00,6.00,899.00,0.00,0.00,0.00,0.00,0.00,0.00,0.00,0.00,0.00,0.00,0.00,64,23,0.00,1,'2018-02-08 15:22:06','2018-02-21 14:59:08','0000-00-00 00:00:00',6,6,0,'','\0','\0','',0.00,0.00,0,0,'-1','-16777216','\0','\0','\0'),(346,'walsh apricot brandy','700ml','','',NULL,20,2,NULL,67,2,0,3,'0',0,0.00,1.00,2.00,165.00,0.00,0.00,0.00,0.00,0.00,0.00,0.00,0.00,0.00,0.00,0.00,64,23,0.00,1,'2018-02-08 16:31:51','2018-02-22 13:41:00','0000-00-00 00:00:00',6,6,0,'','\0','\0','',0.00,0.00,0,0,'-1','-16777216','\0','\0','\0'),(347,'walsh cherry brandy','mix','','',NULL,20,2,NULL,26,2,0,3,'0',0,0.00,1.00,3.00,165.00,0.00,0.00,0.00,0.00,0.00,0.00,0.00,0.00,0.00,0.00,0.00,64,23,0.00,1,'2018-02-08 16:32:42','2018-02-22 12:24:07','0000-00-00 00:00:00',6,6,0,'','\0','\0','',0.00,0.00,0,0,'-1','-16777216','\0','\0','\0'),(348,'walsh grenadine','mix','','',NULL,20,2,NULL,67,2,0,3,'0',0,0.00,1.00,3.00,165.00,0.00,0.00,0.00,0.00,0.00,0.00,0.00,0.00,0.00,0.00,0.00,64,23,0.00,1,'2018-02-08 16:33:37','2018-02-22 13:34:41','0000-00-00 00:00:00',6,6,0,'','\0','\0','',0.00,0.00,0,0,'-1','-16777216','\0','\0','\0'),(349,'walsh blue curacao','mix','','',NULL,20,2,NULL,67,2,0,3,'0',0,0.00,1.00,3.00,165.00,0.00,0.00,0.00,0.00,0.00,0.00,0.00,0.00,0.00,0.00,0.00,64,23,0.00,1,'2018-02-08 16:34:11','2018-02-22 13:34:09','0000-00-00 00:00:00',6,6,0,'','\0','\0','',0.00,0.00,0,0,'-1','-16777216','\0','\0','\0'),(350,'walsh melon','700ml','','',NULL,20,2,NULL,67,2,0,3,'0',0,0.00,1.00,2.00,165.00,0.00,0.00,0.00,0.00,0.00,0.00,0.00,0.00,0.00,0.00,0.00,64,23,0.00,1,'2018-02-08 16:35:01','2018-02-22 13:41:37','0000-00-00 00:00:00',6,6,0,'','\0','\0','',0.00,0.00,0,0,'-1','-16777216','\0','\0','\0'),(351,'walsh triple sec','mix','','',NULL,20,2,NULL,67,2,0,3,'0',0,0.00,1.00,4.00,165.00,0.00,0.00,0.00,0.00,0.00,0.00,0.00,0.00,0.00,0.00,0.00,64,23,0.00,1,'2018-02-08 16:36:19','2018-02-22 13:45:03','0000-00-00 00:00:00',6,6,0,'','\0','\0','',0.00,0.00,0,0,'-1','-16777216','\0','\0','\0'),(352,'midori','750ml','','',NULL,20,2,NULL,67,2,0,3,'0',0,0.00,1.00,2.00,880.00,0.00,0.00,0.00,0.00,0.00,0.00,0.00,0.00,0.00,0.00,0.00,64,23,0.00,1,'2018-02-08 16:37:58','2018-02-22 13:09:32','0000-00-00 00:00:00',6,6,0,'','\0','\0','',0.00,0.00,0,0,'-1','-16777216','\0','\0','\0'),(353,'Sprite in Can','Sprite can','','',NULL,18,2,NULL,59,2,0,15,'0',0,0.00,2.00,5.00,552.00,0.00,0.00,0.00,0.00,0.00,0.00,0.00,0.00,0.00,0.00,0.00,64,23,0.00,1,'2018-02-09 10:36:57','2018-03-05 09:42:44','0000-00-00 00:00:00',5,6,0,'','\0','\0','',0.00,0.00,0,0,'-1','-16777216','\0','\0','\0'),(354,'Royal in Can','330ml','','',NULL,18,2,NULL,59,2,0,15,'0',0,0.00,1.00,3.00,552.00,0.00,0.00,0.00,0.00,0.00,0.00,0.00,0.00,0.00,0.00,0.00,64,23,0.00,1,'2018-02-09 10:37:42','2018-02-22 11:21:15','0000-00-00 00:00:00',5,6,0,'','\0','\0','',0.00,0.00,0,0,'-1','-16777216','\0','\0','\0'),(355,'Coke Zero in Can','Coke Zero in Can','','',NULL,18,2,NULL,59,2,0,15,'0',0,0.00,2.00,5.00,552.00,0.00,0.00,0.00,0.00,0.00,0.00,0.00,0.00,0.00,0.00,0.00,64,23,0.00,1,'2018-02-09 10:39:52','2018-03-05 09:40:50','0000-00-00 00:00:00',5,6,0,'','\0','\0','',0.00,0.00,0,0,'-1','-16777216','\0','\0','\0'),(356,'Tanduay ICE vodka Lemonade','330ml','','',NULL,22,2,NULL,27,2,0,12,'0',0,0.00,1.00,2.00,650.00,0.00,0.00,0.00,0.00,0.00,0.00,0.00,0.00,0.00,0.00,0.00,64,23,0.00,1,'2018-02-09 10:41:06','2018-02-21 13:59:40','0000-00-00 00:00:00',5,6,0,'','\0','\0','',0.00,0.00,0,0,'-1','-16777216','\0','\0','\0'),(357,'Ginger Ale','330ml','','',NULL,20,2,NULL,30,2,0,12,'0',0,0.00,1.00,2.00,570.00,0.00,0.00,0.00,0.00,0.00,0.00,0.00,0.00,0.00,0.00,0.00,64,23,0.00,1,'2018-02-09 10:46:33','2018-02-22 11:45:07','0000-00-00 00:00:00',5,6,0,'','\0','\0','',0.00,0.00,0,0,'-1','-16777216','\0','\0','\0'),(358,'Envy Bottled Water','500ml','','',NULL,28,1,NULL,49,2,0,15,'0',0,0.00,3.00,7.00,175.00,0.00,0.00,0.00,0.00,0.00,0.00,0.00,0.00,0.00,0.00,0.00,64,23,0.00,1,'2018-02-09 10:48:33','2018-02-22 11:52:08','0000-00-00 00:00:00',5,6,0,'','\0','\0','',0.00,0.00,0,0,'-1','-16777216','\0','\0','\0'),(359,'Campbell tomato Juice','340ml','','',NULL,8,2,NULL,31,2,0,12,'0',0,0.00,1.00,2.00,1176.00,0.00,0.00,0.00,0.00,0.00,0.00,0.00,0.00,0.00,0.00,0.00,64,23,0.00,1,'2018-02-09 10:49:44','2018-08-30 11:00:40','0000-00-00 00:00:00',5,1,0,'','\0','\0','',0.00,0.00,0,0,'-1','-16777216','\0','\0','\0'),(360,'Gina mango juice','240ml','','',NULL,6,2,NULL,31,2,0,12,'0',0,0.00,1.00,5.00,840.00,0.00,0.00,0.00,0.00,0.00,0.00,0.00,0.00,0.00,0.00,0.00,64,23,0.00,1,'2018-02-09 10:50:38','2018-02-28 11:12:16','0000-00-00 00:00:00',5,6,0,'','\0','\0','',0.00,0.00,0,0,'-1','-16777216','\0','\0','\0'),(361,'Pineapple Juice Del monte','240ml','','',NULL,6,2,NULL,31,2,0,12,'0',0,0.00,1.00,5.00,576.00,0.00,0.00,0.00,0.00,0.00,0.00,0.00,0.00,0.00,0.00,0.00,64,23,0.00,1,'2018-02-09 10:51:21','2018-02-28 11:12:54','0000-00-00 00:00:00',5,6,0,'','\0','\0','',0.00,0.00,0,0,'-1','-16777216','\0','\0','\0'),(362,'Tasco Coconut Juice','240ml','','',NULL,6,2,NULL,31,2,0,12,'0',0,0.00,1.00,2.00,619.00,0.00,0.00,0.00,0.00,0.00,0.00,0.00,0.00,0.00,0.00,0.00,64,23,0.00,1,'2018-02-09 10:52:08','2018-02-24 13:37:47','0000-00-00 00:00:00',5,5,0,'','\0','\0','',0.00,0.00,0,0,'-1','-16777216','\0','\0','\0'),(363,'Vanilla ice cream','3.8/Gal','','',NULL,8,2,NULL,66,2,0,4,'0',0,0.00,1.00,2.00,375.00,0.00,0.00,0.00,0.00,0.00,0.00,0.00,0.00,0.00,0.00,0.00,64,23,111.00,1,'2018-02-09 10:54:06','2018-02-24 13:39:36','0000-00-00 00:00:00',5,5,0,'','\0','\0','',0.00,0.00,0,0,'-1','-16777216','\0','\0','\0'),(364,'Strawberry Ice cream','3.8L/Gal','','',NULL,8,2,NULL,66,2,0,4,'0',0,0.00,1.00,2.00,375.00,0.00,0.00,0.00,0.00,0.00,0.00,0.00,0.00,0.00,0.00,0.00,64,23,11.00,1,'2018-02-09 10:54:52','2018-02-24 13:39:27','0000-00-00 00:00:00',5,5,0,'','\0','\0','',0.00,0.00,0,0,'-1','-16777216','\0','\0','\0'),(365,'Chocolate Ice cream','3.8L/Gal','','',NULL,8,2,NULL,66,2,0,4,'0',0,0.00,1.00,2.00,375.00,0.00,0.00,0.00,0.00,0.00,0.00,0.00,0.00,0.00,0.00,0.00,64,23,0.00,1,'2018-02-09 10:56:19','2018-02-24 13:39:12','0000-00-00 00:00:00',5,5,0,'','\0','\0','',0.00,0.00,0,0,'-1','-16777216','\0','\0','\0'),(366,'Mango Ice Cream Nestle','3.8L/Gal','','',NULL,8,2,NULL,66,2,0,4,'0',0,0.00,1.00,2.00,375.00,0.00,0.00,0.00,0.00,0.00,0.00,0.00,0.00,0.00,0.00,0.00,64,23,11.00,1,'2018-02-09 11:02:49','2018-02-24 13:40:10','0000-00-00 00:00:00',5,5,0,'','\0','\0','',0.00,0.00,0,0,'-1','-16777216','\0','\0','\0'),(367,'Martini Rosso','1L','','',NULL,20,2,NULL,26,2,0,3,'0',0,0.00,1.00,1.00,550.00,0.00,0.00,0.00,0.00,0.00,0.00,0.00,0.00,0.00,0.00,0.00,64,23,0.00,1,'2018-02-09 11:04:00','2018-02-22 13:30:09','0000-00-00 00:00:00',5,6,0,'','\0','\0','',0.00,0.00,0,0,'-1','-16777216','\0','\0','\0'),(368,'Martini Dry','1L','','',NULL,20,2,NULL,26,2,0,3,'0',0,0.00,1.00,1.00,550.00,0.00,0.00,0.00,0.00,0.00,0.00,0.00,0.00,0.00,0.00,0.00,64,23,1.00,1,'2018-02-09 11:05:00','2018-02-22 13:30:20','0000-00-00 00:00:00',5,6,0,'','\0','\0','',0.00,0.00,0,0,'-1','-16777216','\0','\0','\0'),(369,'Italiana Brut','750ml','','',NULL,8,2,NULL,63,2,0,3,'0',0,0.00,2.00,6.00,320.00,0.00,0.00,0.00,0.00,0.00,0.00,0.00,0.00,0.00,0.00,0.00,64,23,0.00,1,'2018-02-09 11:22:55','2018-02-24 13:42:13','0000-00-00 00:00:00',5,5,0,'','\0','\0','',0.00,0.00,0,0,'-1','-16777216','\0','\0','\0'),(370,'Bundaberg','1.125L','','',NULL,33,2,NULL,25,2,0,3,'0',0,0.00,2.00,4.00,2034.90,0.00,0.00,0.00,0.00,0.00,0.00,0.00,0.00,0.00,0.00,0.00,64,23,51.30,1,'2018-02-09 11:24:13','2018-02-22 12:28:50','0000-00-00 00:00:00',5,6,0,'','\0','\0','',0.00,0.00,0,0,'-1','-16777216','\0','\0','\0'),(371,'Disaronno','700ml','','',NULL,1,2,NULL,26,2,0,3,'0',0,0.00,0.00,0.00,0.00,0.00,0.00,0.00,0.00,0.00,0.00,0.00,0.00,0.00,0.00,0.00,64,23,0.00,1,'2018-02-09 11:25:37','0000-00-00 00:00:00','0000-00-00 00:00:00',5,0,0,'','\0','\0','',0.00,0.00,0,0,'-1','-16777216','\0','\0','\0'),(372,'Pernod','700ml','','',NULL,1,2,NULL,26,2,0,3,'0',0,0.00,0.00,0.00,0.00,0.00,0.00,0.00,0.00,0.00,0.00,0.00,0.00,0.00,0.00,0.00,64,23,0.00,1,'2018-02-09 11:27:05','2018-02-22 13:26:18','0000-00-00 00:00:00',5,6,0,'','\0','\0','',0.00,0.00,0,0,'-1','-16777216','\0','\0','\0'),(373,'Campari','700ml','','',NULL,1,2,NULL,29,2,0,3,'0',0,0.00,1.00,2.00,620.00,0.00,0.00,0.00,0.00,0.00,0.00,0.00,0.00,0.00,0.00,0.00,64,23,0.00,1,'2018-02-09 11:28:52','2018-08-30 10:06:24','0000-00-00 00:00:00',5,1,0,'','\0','\0','',0.00,0.00,0,0,'-1','-16777216','\0','\0','\0'),(374,'Canadian Club','750ml','','',NULL,20,2,NULL,22,2,0,3,'0',0,0.00,1.00,1.00,1100.00,0.00,0.00,0.00,0.00,0.00,0.00,0.00,0.00,0.00,0.00,0.00,63,23,0.00,1,'2018-02-09 11:30:09','2018-02-22 13:32:09','0000-00-00 00:00:00',5,6,0,'','\0','\0','',0.00,0.00,0,0,'-1','-16777216','\0','\0','\0'),(375,'Angostura Bitter','200ml','','',NULL,8,2,NULL,67,2,0,3,'0',0,0.00,1.00,2.00,715.00,0.00,0.00,0.00,0.00,0.00,0.00,0.00,0.00,0.00,0.00,0.00,64,23,11.00,1,'2018-02-09 11:34:41','2018-02-22 13:33:40','0000-00-00 00:00:00',5,6,0,'','\0','\0','',0.00,0.00,0,0,'-1','-16777216','\0','\0','\0'),(376,'toska Vodka','700ml','','',NULL,1,2,NULL,23,2,0,3,'0',0,0.00,0.00,0.00,0.00,0.00,0.00,0.00,0.00,0.00,0.00,0.00,0.00,0.00,0.00,0.00,64,23,0.00,1,'2018-02-09 11:41:12','0000-00-00 00:00:00','0000-00-00 00:00:00',5,0,0,'','\0','\0','',0.00,0.00,0,0,'-1','-16777216','\0','\0','\0'),(377,'A1 Original Sauce','283grams','','',NULL,8,2,NULL,2,2,0,3,'0',0,0.00,3.00,6.00,167.00,0.00,0.00,0.00,0.00,0.00,0.00,0.00,0.00,0.00,0.00,0.00,64,23,0.00,1,'2018-02-09 12:40:11','2018-02-26 16:43:23','0000-00-00 00:00:00',5,6,0,'','\0','\0','',0.00,0.00,0,0,'-1','-16777216','\0','\0','\0'),(378,'Lea & Perrins','290ml','','',NULL,8,2,NULL,2,2,0,3,'0',0,0.00,3.00,6.00,158.00,0.00,0.00,0.00,0.00,0.00,0.00,0.00,0.00,0.00,0.00,0.00,64,23,0.00,1,'2018-02-09 12:41:11','2018-02-26 16:42:40','0000-00-00 00:00:00',5,6,0,'','\0','\0','',0.00,0.00,0,0,'-1','-16777216','\0','\0','\0'),(379,'Heinz Tomato Ketchup','397grams','','',NULL,8,2,NULL,2,2,0,3,'0',0,0.00,0.00,0.00,105.00,0.00,0.00,0.00,0.00,0.00,0.00,0.00,0.00,0.00,0.00,0.00,64,23,0.00,1,'2018-02-09 12:42:07','2018-02-26 16:17:12','0000-00-00 00:00:00',5,6,0,'','\0','\0','',0.00,0.00,0,0,'-1','-16777216','\0','\0','\0'),(380,'McCormick Mustard','200grams','','',NULL,8,2,NULL,2,2,0,3,'0',0,0.00,0.00,0.00,0.00,0.00,0.00,0.00,0.00,0.00,0.00,0.00,0.00,0.00,0.00,0.00,64,23,11.00,1,'2018-02-09 12:42:54','0000-00-00 00:00:00','0000-00-00 00:00:00',5,0,0,'','\0','\0','',0.00,0.00,0,0,'-1','-16777216','\0','\0','\0'),(381,'Coffee Beans','1kg','','',NULL,30,2,NULL,2,2,0,1,'0',0,0.00,2.00,10.00,800.00,0.00,0.00,0.00,0.00,0.00,0.00,0.00,0.00,0.00,0.00,0.00,64,23,0.00,1,'2018-02-09 12:46:56','2018-02-27 16:45:31','0000-00-00 00:00:00',5,6,0,'','\0','\0','',0.00,0.00,0,0,'-1','-16777216','\0','\0','\0'),(382,'Coffee Powder','1kg','','',NULL,30,2,NULL,2,2,0,1,'0',0,0.00,2.00,10.00,800.00,0.00,0.00,0.00,0.00,0.00,0.00,0.00,0.00,0.00,0.00,0.00,64,23,0.00,1,'2018-02-09 12:48:01','2018-02-27 16:45:59','0000-00-00 00:00:00',5,6,0,'','\0','\0','',0.00,0.00,0,0,'-1','-16777216','\0','\0','\0'),(383,'Twinnings English Breakfast','50g','','',NULL,8,2,NULL,2,2,0,12,'0',0,0.00,0.00,0.00,0.00,0.00,0.00,0.00,0.00,0.00,0.00,0.00,0.00,0.00,0.00,0.00,64,23,0.00,1,'2018-02-09 12:49:46','0000-00-00 00:00:00','0000-00-00 00:00:00',5,0,0,'','\0','\0','',0.00,0.00,0,0,'-1','-16777216','\0','\0','\0'),(384,'Twinnings Earl Grey','25x250g','','',NULL,8,2,NULL,2,2,0,12,'0',0,0.00,0.00,0.00,219.00,0.00,0.00,0.00,0.00,0.00,0.00,0.00,0.00,0.00,0.00,0.00,64,23,0.00,1,'2018-02-09 12:50:32','2018-02-26 17:21:32','0000-00-00 00:00:00',5,6,0,'','\0','\0','',0.00,0.00,0,0,'-1','-16777216','\0','\0','\0'),(385,'Twinings Camomilk','50g','','',NULL,8,2,NULL,2,2,0,12,'0',0,0.00,0.00,0.00,0.00,0.00,0.00,0.00,0.00,0.00,0.00,0.00,0.00,0.00,0.00,0.00,64,23,0.00,1,'2018-02-09 12:51:07','0000-00-00 00:00:00','0000-00-00 00:00:00',5,0,0,'','\0','\0','',0.00,0.00,0,0,'-1','-16777216','\0','\0','\0'),(386,'Twinnings Lemon And Ginger','50g','','',NULL,8,2,NULL,2,2,0,12,'0',0,0.00,0.00,0.00,0.00,0.00,0.00,0.00,0.00,0.00,0.00,0.00,0.00,0.00,0.00,0.00,64,23,0.00,1,'2018-02-09 12:51:46','0000-00-00 00:00:00','0000-00-00 00:00:00',5,0,0,'','\0','\0','',0.00,0.00,0,0,'-1','-16777216','\0','\0','\0'),(387,'Lipton Peppermint','37.5g','','',NULL,8,2,NULL,2,2,0,12,'0',0,0.00,3.00,6.00,159.00,0.00,0.00,0.00,0.00,0.00,0.00,0.00,0.00,0.00,0.00,0.00,64,23,0.00,1,'2018-02-09 12:52:41','2018-02-26 17:17:23','0000-00-00 00:00:00',5,6,0,'','\0','\0','',0.00,0.00,0,0,'-1','-16777216','\0','\0','\0'),(388,'Lipton yellow label tea','50g','','',NULL,8,2,NULL,2,2,0,12,'0',0,0.00,3.00,6.00,313.00,0.00,0.00,0.00,0.00,0.00,0.00,0.00,0.00,0.00,0.00,0.00,114,23,0.00,1,'2018-02-09 13:25:46','2018-02-26 17:18:56','0000-00-00 00:00:00',5,6,0,'','\0','\0','',0.00,0.00,0,0,'-1','-16777216','\0','\0','\0'),(389,'Da Vinci Caramel','1L','','',NULL,1,2,NULL,2,2,0,3,'0',0,0.00,0.00,0.00,0.00,0.00,0.00,0.00,0.00,0.00,0.00,0.00,0.00,0.00,0.00,0.00,64,23,0.00,1,'2018-02-09 13:36:11','0000-00-00 00:00:00','0000-00-00 00:00:00',5,0,0,'','\0','\0','',0.00,0.00,0,0,'-1','-16777216','\0','\0','\0'),(390,'Equal Classic Sweetener','100grams','','',NULL,8,2,NULL,2,2,0,1,'0',0,0.00,3.00,6.00,105.00,0.00,0.00,0.00,0.00,0.00,0.00,0.00,0.00,0.00,0.00,0.00,114,23,0.00,1,'2018-02-09 13:37:14','2018-02-26 17:22:01','0000-00-00 00:00:00',5,6,0,'','\0','\0','',0.00,0.00,0,0,'-1','-16777216','\0','\0','\0'),(391,'Brown Sugar packet','5grams','100pcs','',NULL,8,2,NULL,2,2,0,1,'0',0,0.00,3.00,6.00,102.50,0.00,0.00,0.00,0.00,0.00,0.00,0.00,0.00,0.00,0.00,0.00,114,23,0.00,1,'2018-02-09 13:38:17','2018-02-26 17:23:37','0000-00-00 00:00:00',5,6,0,'','\0','\0','',0.00,0.00,0,0,'-1','-16777216','\0','\0','\0'),(392,'White Sugar Packet','5grams','100pcs','',NULL,8,2,NULL,2,2,0,1,'0',0,0.00,3.00,6.00,108.25,0.00,0.00,0.00,0.00,0.00,0.00,0.00,0.00,0.00,0.00,0.00,114,23,0.00,1,'2018-02-09 13:38:57','2018-02-26 17:22:59','0000-00-00 00:00:00',5,6,0,'','\0','\0','',0.00,0.00,0,0,'-1','-16777216','\0','\0','\0'),(393,'Creamer Packet','5grams','100pcs','',NULL,8,2,NULL,2,2,0,1,'0',0,0.00,3.00,6.00,120.00,0.00,0.00,0.00,0.00,0.00,0.00,0.00,0.00,0.00,0.00,0.00,114,23,0.00,1,'2018-02-09 13:39:32','2018-02-26 17:24:12','0000-00-00 00:00:00',5,6,0,'','\0','\0','',0.00,0.00,0,0,'-1','-16777216','\0','\0','\0'),(394,'TABASCO','60ml','','',NULL,8,2,NULL,2,2,0,3,'0',0,0.00,0.00,0.00,109.00,0.00,0.00,0.00,0.00,0.00,0.00,0.00,0.00,0.00,0.00,0.00,64,23,1.00,1,'2018-02-09 17:53:13','2018-02-26 16:15:50','0000-00-00 00:00:00',5,6,0,'','\0','\0','',0.00,0.00,0,0,'-1','-16777216','\0','\0','\0'),(395,'Sea Salt','92g','','',NULL,1,2,NULL,2,2,0,3,'0',0,0.00,0.00,0.00,0.00,0.00,0.00,0.00,0.00,0.00,0.00,0.00,0.00,0.00,0.00,0.00,64,23,0.00,1,'2018-02-09 17:55:06','0000-00-00 00:00:00','0000-00-00 00:00:00',5,0,0,'','\0','\0','',0.00,0.00,0,0,'-1','-16777216','\0','\0','\0'),(396,'Strawberry Puree Sauce','1kg','','',NULL,30,2,NULL,2,2,0,1,'0',0,0.00,0.00,0.00,0.00,0.00,0.00,0.00,0.00,0.00,0.00,0.00,0.00,0.00,0.00,0.00,64,23,0.00,1,'2018-02-10 15:31:25','2018-02-10 15:33:47','0000-00-00 00:00:00',5,5,0,'','\0','\0','',0.00,0.00,0,0,'-1','-16777216','\0','\0','\0'),(397,'Blueberry Puree Sauce','1kg','','',NULL,30,2,NULL,2,2,0,1,'0',0,0.00,0.00,0.00,0.00,0.00,0.00,0.00,0.00,0.00,0.00,0.00,0.00,0.00,0.00,0.00,64,23,0.00,1,'2018-02-10 15:33:36','0000-00-00 00:00:00','0000-00-00 00:00:00',5,0,0,'','\0','\0','',0.00,0.00,0,0,'-1','-16777216','\0','\0','\0'),(398,'Bending Straw','pack','','',NULL,31,2,NULL,2,2,0,1,'0',0,0.00,0.00,0.00,0.00,0.00,0.00,0.00,0.00,0.00,0.00,0.00,0.00,0.00,0.00,0.00,64,23,0.00,1,'2018-02-11 15:38:45','0000-00-00 00:00:00','0000-00-00 00:00:00',5,0,0,'','\0','\0','',0.00,0.00,0,0,'-1','-16777216','\0','\0','\0'),(399,'Stirrer','pack','','',NULL,31,2,NULL,2,2,0,1,'0',0,0.00,0.00,0.00,0.00,0.00,0.00,0.00,0.00,0.00,0.00,0.00,0.00,0.00,0.00,0.00,64,23,0.00,1,'2018-02-11 15:40:12','0000-00-00 00:00:00','0000-00-00 00:00:00',5,0,0,'','\0','\0','',0.00,0.00,0,0,'-1','-16777216','\0','\0','\0'),(400,'Lime Juice','Mix','','',NULL,1,2,NULL,2,2,0,3,'0',0,0.00,0.00,0.00,0.00,0.00,0.00,0.00,0.00,0.00,0.00,0.00,0.00,0.00,0.00,0.00,64,23,0.00,1,'2018-02-11 15:41:19','0000-00-00 00:00:00','0000-00-00 00:00:00',5,0,0,'','\0','\0','',0.00,0.00,0,0,'-1','-16777216','\0','\0','\0'),(401,'Sunquick Lemon','840ml','','',NULL,1,2,NULL,2,2,0,3,'0',0,0.00,3.00,6.00,235.00,0.00,0.00,0.00,0.00,0.00,0.00,0.00,0.00,0.00,0.00,0.00,64,23,0.00,1,'2018-02-11 15:42:51','2018-02-26 17:13:33','0000-00-00 00:00:00',5,6,0,'','\0','\0','',0.00,0.00,0,0,'-1','-16777216','\0','\0','\0'),(402,'Sunquick Orange','840ml','','',NULL,1,2,NULL,2,2,0,3,'0',0,0.00,3.00,6.00,235.00,0.00,0.00,0.00,0.00,0.00,0.00,0.00,0.00,0.00,0.00,0.00,64,23,0.00,1,'2018-02-11 15:43:32','2018-02-26 17:13:43','0000-00-00 00:00:00',5,6,0,'','\0','\0','',0.00,0.00,0,0,'-1','-16777216','\0','\0','\0'),(403,'Blackberry Puree Sauce','1kg','','',NULL,30,2,NULL,2,2,0,1,'0',0,0.00,0.00,0.00,0.00,0.00,0.00,0.00,0.00,0.00,0.00,0.00,0.00,0.00,0.00,0.00,64,23,0.00,1,'2018-02-11 15:44:39','0000-00-00 00:00:00','0000-00-00 00:00:00',5,0,0,'','\0','\0','',0.00,0.00,0,0,'-1','-16777216','\0','\0','\0'),(404,'Hershey Chocolate Syrup','623grams','','',NULL,8,2,NULL,2,2,0,3,'0',0,0.00,0.00,0.00,0.00,0.00,0.00,0.00,0.00,0.00,0.00,0.00,0.00,0.00,0.00,0.00,64,23,1.00,1,'2018-02-11 15:46:06','0000-00-00 00:00:00','0000-00-00 00:00:00',5,0,0,'','\0','\0','',0.00,0.00,0,0,'-1','-16777216','\0','\0','\0'),(405,'Hershey Strawberry Syrup','623grams','','',NULL,8,2,NULL,2,2,0,3,'0',0,0.00,0.00,0.00,0.00,0.00,0.00,0.00,0.00,0.00,0.00,0.00,0.00,0.00,0.00,0.00,64,23,500.00,1,'2018-02-11 15:46:52','2018-02-11 15:47:05','0000-00-00 00:00:00',5,5,0,'','\0','\0','',0.00,0.00,0,0,'-1','-16777216','\0','\0','\0'),(406,'tampico citrus','6 Liters','','',NULL,8,2,NULL,2,2,0,4,'0',0,0.00,0.00,0.00,265.00,0.00,0.00,0.00,0.00,0.00,0.00,0.00,0.00,0.00,0.00,0.00,63,23,1.00,1,'2018-02-11 15:47:47','2018-02-28 15:09:55','0000-00-00 00:00:00',5,6,0,'','\0','\0','',0.00,0.00,0,0,'-1','-16777216','\0','\0','\0'),(407,'Cereals','275 grams','','',NULL,8,2,NULL,45,2,0,1,'0',0,0.00,0.00,0.00,97.25,0.00,0.00,0.00,0.00,0.00,0.00,0.00,0.00,0.00,0.00,0.00,64,23,0.00,1,'2018-02-12 13:47:48','2018-08-30 10:06:01','0000-00-00 00:00:00',5,1,0,'','\0','\0','',0.00,0.00,0,0,'-1','-16777216','\0','\0','\0'),(408,'Absolute Regular','750ml','','',NULL,20,2,NULL,23,2,0,3,'0',0,0.00,2.00,4.00,650.00,0.00,0.00,0.00,0.00,0.00,0.00,0.00,0.00,0.00,0.00,0.00,64,23,0.00,1,'2018-02-19 16:14:40','2018-02-19 17:02:07','0000-00-00 00:00:00',6,6,0,'','\0','\0','',0.00,0.00,0,0,'-1','-16777216','\0','\0','\0'),(409,'SMl','San Miguel Light','','',NULL,12,2,NULL,27,2,0,15,'0',0,0.00,5.00,30.00,612.00,0.00,0.00,0.00,0.00,0.00,0.00,0.00,0.00,0.00,0.00,0.00,63,23,0.00,1,'2018-02-21 13:14:19','2018-02-21 13:15:17','2018-03-05 09:27:52',6,6,6,'','\0','','',0.00,0.00,0,0,'-1','-16777216','\0','\0','\0'),(410,'SML Apple','San Miguel apple','','',NULL,18,2,NULL,27,2,0,15,'0',0,0.00,2.00,5.00,570.00,0.00,0.00,0.00,0.00,0.00,0.00,0.00,0.00,0.00,0.00,0.00,63,23,0.00,1,'2018-02-21 13:18:38','0000-00-00 00:00:00','0000-00-00 00:00:00',6,0,0,'','\0','\0','',0.00,0.00,0,0,'-1','-16777216','\0','\0','\0'),(411,'Sml Lemon','San miguel Lemon','','',NULL,18,2,NULL,27,2,0,15,'0',0,0.00,2.00,5.00,570.00,0.00,0.00,0.00,0.00,0.00,0.00,0.00,0.00,0.00,0.00,0.00,63,23,0.00,1,'2018-02-21 13:20:47','2018-03-05 09:28:10','0000-00-00 00:00:00',6,6,0,'','\0','\0','',0.00,0.00,0,0,'-1','-16777216','\0','\0','\0'),(412,'SML Zero','San Miguel Zero','','',NULL,18,2,NULL,27,2,0,15,'0',0,0.00,2.00,5.00,655.00,0.00,0.00,0.00,0.00,0.00,0.00,0.00,0.00,0.00,0.00,0.00,63,23,0.00,1,'2018-02-21 13:22:37','2018-03-05 09:39:07','0000-00-00 00:00:00',6,6,0,'','\0','\0','',0.00,0.00,0,0,'-1','-16777216','\0','\0','\0'),(413,'Stalion beer','330ml','','',NULL,18,2,NULL,27,2,0,15,'0',0,0.00,2.00,5.00,600.00,0.00,0.00,0.00,0.00,0.00,0.00,0.00,0.00,0.00,0.00,0.00,63,23,0.00,1,'2018-02-21 13:54:39','0000-00-00 00:00:00','0000-00-00 00:00:00',6,0,0,'','\0','\0','',0.00,0.00,0,0,'-1','-16777216','\0','\0','\0'),(414,'heneken draft','20litre','','',NULL,22,2,NULL,27,2,0,4,'0',0,0.00,1.00,2.00,3200.00,0.00,0.00,0.00,0.00,0.00,0.00,0.00,0.00,0.00,0.00,0.00,63,23,11.00,1,'2018-02-21 14:18:25','0000-00-00 00:00:00','0000-00-00 00:00:00',6,0,0,'','\0','\0','',0.00,0.00,0,0,'-1','-16777216','\0','\0','\0'),(415,'heneken btl','330ml','','',NULL,22,2,NULL,28,2,0,12,'0',0,0.00,1.00,3.00,1060.00,0.00,0.00,0.00,0.00,0.00,0.00,0.00,0.00,0.00,0.00,0.00,63,23,0.00,1,'2018-02-21 14:20:09','0000-00-00 00:00:00','0000-00-00 00:00:00',6,0,0,'','\0','\0','',0.00,0.00,0,0,'-1','-16777216','\0','\0','\0'),(416,'Stella Artoris','330ml','','',NULL,20,2,NULL,28,2,0,12,'0',0,0.00,1.00,2.00,1800.00,0.00,0.00,0.00,0.00,0.00,0.00,0.00,0.00,0.00,0.00,0.00,63,23,0.00,1,'2018-02-21 14:24:35','0000-00-00 00:00:00','0000-00-00 00:00:00',6,0,0,'','\0','\0','',0.00,0.00,0,0,'-1','-16777216','\0','\0','\0'),(417,'Deakin Sauvignon Blanc','house wine','','',NULL,27,2,NULL,47,2,0,3,'0',0,0.00,3.00,12.00,400.00,0.00,0.00,0.00,0.00,0.00,0.00,0.00,0.00,0.00,0.00,0.00,63,23,0.00,1,'2018-02-21 14:29:26','0000-00-00 00:00:00','0000-00-00 00:00:00',6,0,0,'','\0','\0','',0.00,0.00,0,0,'-1','-16777216','\0','\0','\0'),(418,'Deakin shiraz','house wine','','',NULL,27,2,NULL,47,2,0,3,'0',0,0.00,3.00,12.00,400.00,0.00,0.00,0.00,0.00,0.00,0.00,0.00,0.00,0.00,0.00,0.00,63,23,0.00,1,'2018-02-21 14:31:33','0000-00-00 00:00:00','0000-00-00 00:00:00',6,0,0,'','\0','\0','',0.00,0.00,0,0,'-1','-16777216','\0','\0','\0'),(419,'Deakin cabernet Sauvignon','Deakin cabernet Sauvignon','','',NULL,27,2,NULL,48,2,0,3,'0',0,0.00,3.00,12.00,400.00,0.00,0.00,0.00,0.00,0.00,0.00,0.00,0.00,0.00,0.00,0.00,63,23,0.00,1,'2018-02-21 14:32:47','2018-03-06 11:52:13','0000-00-00 00:00:00',6,6,0,'','\0','\0','',0.00,0.00,0,0,'-1','-16777216','\0','\0','\0'),(420,'Zonin Pinot grigio','750ml','','',NULL,19,2,NULL,29,2,0,3,'0',0,0.00,1.00,6.00,520.00,0.00,0.00,0.00,0.00,0.00,0.00,0.00,0.00,0.00,0.00,0.00,63,23,0.00,1,'2018-02-22 11:01:05','0000-00-00 00:00:00','0000-00-00 00:00:00',6,0,0,'','\0','\0','',0.00,0.00,0,0,'-1','-16777216','\0','\0','\0'),(421,'soda water in can','sweeps soda water','','',NULL,12,2,NULL,30,2,0,15,'0',0,0.00,2.00,6.00,658.00,0.00,0.00,0.00,0.00,0.00,0.00,0.00,0.00,0.00,0.00,0.00,63,23,0.00,1,'2018-02-22 11:33:17','2018-03-05 09:39:46','0000-00-00 00:00:00',6,6,0,'','\0','\0','',0.00,0.00,0,0,'-1','-16777216','\0','\0','\0'),(422,'Water Galon','5 galon','','',NULL,32,1,NULL,62,2,0,4,'0',0,0.00,2.00,12.00,25.00,0.00,0.00,0.00,0.00,0.00,0.00,0.00,0.00,0.00,0.00,0.00,63,23,1.00,1,'2018-02-22 11:55:37','0000-00-00 00:00:00','0000-00-00 00:00:00',6,0,0,'','\0','\0','',0.00,0.00,0,0,'-1','-16777216','\0','\0','\0'),(423,'red bull bottle','150ml','','',NULL,8,2,NULL,63,2,0,12,'0',0,0.00,1.00,2.00,1900.00,0.00,0.00,0.00,0.00,0.00,0.00,0.00,0.00,0.00,0.00,0.00,63,22,0.00,1,'2018-02-22 12:00:21','0000-00-00 00:00:00','0000-00-00 00:00:00',6,0,0,'','\0','\0','',0.00,0.00,0,0,'-1','-16777216','\0','\0','\0'),(424,'Del monte orange juice','240ml','','',NULL,6,2,NULL,31,2,0,12,'0',0,0.00,1.00,4.00,540.00,0.00,0.00,0.00,0.00,0.00,0.00,0.00,0.00,0.00,0.00,0.00,63,23,0.00,1,'2018-02-22 12:10:34','0000-00-00 00:00:00','0000-00-00 00:00:00',6,0,0,'','\0','\0','',0.00,0.00,0,0,'-1','-16777216','\0','\0','\0'),(425,'Ocean cranberry juice','4 litre','','',NULL,9,2,NULL,64,2,0,4,'0',0,0.00,2.00,7.00,355.00,0.00,0.00,0.00,0.00,0.00,0.00,0.00,0.00,0.00,0.00,0.00,63,23,11.00,1,'2018-02-22 12:12:49','0000-00-00 00:00:00','0000-00-00 00:00:00',6,0,0,'','\0','\0','',0.00,0.00,0,0,'-1','-16777216','\0','\0','\0'),(426,'Fontana Cranberry juice','1 litre','','',NULL,8,2,NULL,65,2,0,1,'0',0,0.00,3.00,10.00,94.00,0.00,0.00,0.00,0.00,0.00,0.00,0.00,0.00,0.00,0.00,0.00,63,23,35.37,1,'2018-02-22 12:15:03','0000-00-00 00:00:00','0000-00-00 00:00:00',6,0,0,'','\0','\0','',0.00,0.00,0,0,'-1','-16777216','\0','\0','\0'),(427,'selecta mango ice creaM','1.5 LITRE','','',NULL,8,2,NULL,66,2,0,4,'0',0,0.00,1.00,2.00,230.00,0.00,0.00,0.00,0.00,0.00,0.00,0.00,0.00,0.00,0.00,0.00,63,23,18.96,1,'2018-02-22 12:20:33','2018-02-24 13:39:47','0000-00-00 00:00:00',6,5,0,'','\0','\0','',0.00,0.00,0,0,'-1','-16777216','\0','\0','\0'),(428,'Creme de casis','700ml','','',NULL,8,2,NULL,67,2,0,3,'0',0,0.00,1.00,2.00,189.00,0.00,0.00,0.00,0.00,0.00,0.00,0.00,0.00,0.00,0.00,0.00,63,23,0.00,1,'2018-02-22 13:38:07','0000-00-00 00:00:00','0000-00-00 00:00:00',6,0,0,'','\0','\0','',0.00,0.00,0,0,'-1','-16777216','\0','\0','\0'),(429,'Crene de cacao','700ml','','',NULL,8,2,NULL,67,2,0,3,'0',0,0.00,1.00,2.00,185.00,0.00,0.00,0.00,0.00,0.00,0.00,0.00,0.00,0.00,0.00,0.00,63,23,0.00,1,'2018-02-22 13:40:13','0000-00-00 00:00:00','0000-00-00 00:00:00',6,0,0,'','\0','\0','',0.00,0.00,0,0,'-1','-16777216','\0','\0','\0'),(430,'coffee Liquor','700ml','','',NULL,8,2,NULL,67,2,0,3,'0',0,0.00,1.00,2.00,165.00,0.00,0.00,0.00,0.00,0.00,0.00,0.00,0.00,0.00,0.00,0.00,63,23,0.00,1,'2018-02-22 13:44:06','0000-00-00 00:00:00','0000-00-00 00:00:00',6,0,0,'','\0','\0','',0.00,0.00,0,0,'-1','-16777216','\0','\0','\0'),(431,'Advanced Aerosol ','600ml','','',NULL,8,2,NULL,2,2,0,3,'0',0,0.00,0.00,0.00,307.50,0.00,0.00,0.00,0.00,0.00,0.00,0.00,0.00,0.00,0.00,0.00,0,0,1.00,1,'2018-02-24 13:10:51','0000-00-00 00:00:00','0000-00-00 00:00:00',5,0,0,'','\0','\0','',0.00,0.00,0,0,'-1','-16777216','\0','\0','\0'),(432,'Flairware cocktail stirrer','stirrer','','',NULL,8,2,NULL,2,2,0,1,'0',0,0.00,3.00,6.00,46.50,0.00,0.00,0.00,0.00,0.00,0.00,0.00,0.00,0.00,0.00,0.00,0,0,0.00,1,'2018-02-24 13:11:53','2018-02-26 17:27:27','0000-00-00 00:00:00',5,6,0,'','\0','\0','',0.00,0.00,0,0,'-1','-16777216','\0','\0','\0'),(433,'Glade Air Freshener','320ml','','',NULL,8,2,NULL,2,2,0,3,'0',0,0.00,0.00,0.00,169.00,0.00,0.00,0.00,0.00,0.00,0.00,0.00,0.00,0.00,0.00,0.00,0,0,0.00,1,'2018-02-24 13:12:46','0000-00-00 00:00:00','0000-00-00 00:00:00',5,0,0,'','\0','\0','',0.00,0.00,0,0,'-1','-16777216','\0','\0','\0'),(434,'mamasita kare kare mix','57g','','',NULL,8,2,NULL,2,2,0,1,'0',0,0.00,0.00,0.00,27.00,0.00,0.00,0.00,0.00,0.00,0.00,0.00,0.00,0.00,0.00,0.00,0,0,0.00,1,'2018-02-24 13:13:35','0000-00-00 00:00:00','0000-00-00 00:00:00',5,0,0,'','\0','\0','',0.00,0.00,0,0,'-1','-16777216','\0','\0','\0'),(435,'Pledge Metal Polish','150ml','','',NULL,8,2,NULL,2,2,0,3,'0',0,0.00,0.00,0.00,153.00,0.00,0.00,0.00,0.00,0.00,0.00,0.00,0.00,0.00,0.00,0.00,0,0,0.00,1,'2018-02-24 13:14:18','0000-00-00 00:00:00','0000-00-00 00:00:00',5,0,0,'','\0','\0','',0.00,0.00,0,0,'-1','-16777216','\0','\0','\0'),(436,'Walsh Triple Sec','750ml','','',NULL,8,2,NULL,2,2,0,3,'0',0,0.00,0.00,0.00,205.00,0.00,0.00,0.00,0.00,0.00,0.00,0.00,0.00,0.00,0.00,0.00,0,0,0.00,1,'2018-02-24 13:14:56','0000-00-00 00:00:00','0000-00-00 00:00:00',5,0,0,'','\0','\0','',0.00,0.00,0,0,'-1','-16777216','\0','\0','\0'),(437,'Del monte Pineapple Slice','822g','','',NULL,8,2,NULL,2,2,0,1,'0',0,0.00,0.00,0.00,81.00,0.00,0.00,0.00,0.00,0.00,0.00,0.00,0.00,0.00,0.00,0.00,0,0,0.00,1,'2018-02-24 13:17:15','2018-04-18 09:57:52','0000-00-00 00:00:00',5,6,0,'','\0','\0','',0.00,0.00,0,0,'-1','-16777216','\0','\0','\0'),(438,'Albatross Strw w/ Holder','100g','','',NULL,8,2,NULL,2,2,0,2,'0',0,0.00,0.00,0.00,52.50,0.00,0.00,0.00,0.00,0.00,0.00,0.00,0.00,0.00,0.00,0.00,0,22,2.00,1,'2018-02-24 13:28:31','2018-07-11 11:17:09','0000-00-00 00:00:00',5,3,0,'','\0','\0','',0.00,0.00,0,0,'-1','-16777216','\0','\0','\0'),(439,'Croco Scotch tape 1 ionch','pcs','','',NULL,8,2,NULL,2,2,0,2,'0',0,0.00,0.00,0.00,16.00,0.00,0.00,0.00,0.00,0.00,0.00,0.00,0.00,0.00,0.00,0.00,0,0,0.00,1,'2018-02-24 13:30:30','0000-00-00 00:00:00','0000-00-00 00:00:00',5,0,0,'','\0','\0','',0.00,0.00,0,0,'-1','-16777216','\0','\0','\0'),(440,'Anchor Whip Cream','1Liter ','','',NULL,8,2,NULL,2,2,0,12,'0',0,0.00,0.00,0.00,369.50,0.00,0.00,0.00,0.00,0.00,0.00,0.00,0.00,0.00,0.00,0.00,0,0,1.00,1,'2018-02-24 13:41:08','0000-00-00 00:00:00','0000-00-00 00:00:00',5,0,0,'','\0','\0','',0.00,0.00,0,0,'-1','-16777216','\0','\0','\0'),(441,'Knorr Oyster Sauce','3.6kg','','',NULL,8,2,NULL,2,2,0,4,'0',0,0.00,0.00,0.00,486.00,0.00,0.00,0.00,0.00,0.00,0.00,0.00,0.00,0.00,0.00,0.00,0,0,11.00,1,'2018-02-24 13:53:50','2018-04-18 09:35:02','0000-00-00 00:00:00',5,6,0,'','\0','\0','',0.00,0.00,0,0,'-1','-16777216','\0','\0','\0'),(442,'Pledge liquid wax','1L','','',NULL,8,2,NULL,2,2,0,3,'0',0,0.00,0.00,0.00,382.00,0.00,0.00,0.00,0.00,0.00,0.00,0.00,0.00,0.00,0.00,0.00,0,0,0.00,1,'2018-02-24 13:55:51','0000-00-00 00:00:00','0000-00-00 00:00:00',5,0,0,'','\0','\0','',0.00,0.00,0,0,'-1','-16777216','\0','\0','\0'),(443,'Scotch Brite scrb sponge trial','sponge','','',NULL,8,2,NULL,2,2,0,2,'0',0,0.00,0.00,0.00,31.00,0.00,0.00,0.00,0.00,0.00,0.00,0.00,0.00,0.00,0.00,0.00,0,0,0.00,1,'2018-02-24 13:57:18','0000-00-00 00:00:00','0000-00-00 00:00:00',5,0,0,'','\0','\0','',0.00,0.00,0,0,'-1','-16777216','\0','\0','\0'),(444,'conaprole milk','1L/12','','',NULL,8,2,NULL,2,2,0,12,'0',0,0.00,0.00,0.00,695.00,0.00,0.00,0.00,0.00,0.00,0.00,0.00,0.00,0.00,0.00,0.00,0,0,0.00,1,'2018-02-26 15:45:09','2018-02-28 10:41:05','0000-00-00 00:00:00',6,6,0,'','\0','\0','',0.00,0.00,0,0,'-1','-16777216','\0','\0','\0'),(445,'Gina Mango Nectar Tetra','1L/pack','','',NULL,6,2,NULL,2,2,0,12,'0',0,0.00,2.00,12.00,73.75,0.00,0.00,0.00,0.00,0.00,0.00,0.00,0.00,0.00,0.00,0.00,63,23,0.00,1,'2018-02-26 15:47:13','2018-02-28 11:14:44','0000-00-00 00:00:00',6,6,0,'','\0','\0','',0.00,0.00,0,0,'-1','-16777216','\0','\0','\0'),(446,'Heinz Tomato Ketchup*','38oz','','',NULL,8,2,NULL,2,2,0,12,'0',0,0.00,0.00,0.00,225.00,0.00,0.00,0.00,0.00,0.00,0.00,0.00,0.00,0.00,0.00,0.00,0,0,0.00,1,'2018-02-26 15:49:18','0000-00-00 00:00:00','0000-00-00 00:00:00',6,0,0,'','\0','\0','',0.00,0.00,0,0,'-1','-16777216','\0','\0','\0'),(447,'Hunts hickory bbq sauce*','510g','','',NULL,8,2,NULL,2,2,0,3,'0',0,0.00,3.00,6.00,104.00,0.00,0.00,0.00,0.00,0.00,0.00,0.00,0.00,0.00,0.00,0.00,114,24,0.00,1,'2018-02-26 15:50:26','2018-02-26 16:44:19','0000-00-00 00:00:00',6,6,0,'','\0','\0','',0.00,0.00,0,0,'-1','-16777216','\0','\0','\0'),(448,'MC Vanilla Flavor *','20ml','','',NULL,8,2,NULL,2,2,0,3,'0',0,0.00,0.00,0.00,37.00,0.00,0.00,0.00,0.00,0.00,0.00,0.00,0.00,0.00,0.00,0.00,0,0,11.00,1,'2018-02-26 15:52:18','0000-00-00 00:00:00','0000-00-00 00:00:00',6,0,0,'','\0','\0','',0.00,0.00,0,0,'-1','-16777216','\0','\0','\0'),(449,'Cholimex Sweet Chili Sauce*','4.5L','','',NULL,8,2,NULL,2,2,0,3,'0',0,0.00,0.00,0.00,759.00,0.00,0.00,0.00,0.00,0.00,0.00,0.00,0.00,0.00,0.00,0.00,0,0,0.00,1,'2018-02-26 15:54:39','0000-00-00 00:00:00','0000-00-00 00:00:00',6,0,0,'','\0','\0','',0.00,0.00,0,0,'-1','-16777216','\0','\0','\0'),(450,'Mamasita BBQ Sauce','1Gal','','',NULL,8,2,NULL,2,2,0,4,'0',0,0.00,30.00,60.00,497.00,0.00,0.00,0.00,0.00,0.00,0.00,0.00,0.00,0.00,0.00,0.00,114,24,0.00,1,'2018-02-26 16:00:58','2018-02-26 16:01:13','0000-00-00 00:00:00',6,6,0,'','\0','\0','',0.00,0.00,0,0,'-1','-16777216','\0','\0','\0'),(451,'Nelicom Patis Flavor','4L','','',NULL,8,2,NULL,2,2,0,4,'0',0,0.00,30.00,60.00,137.25,0.00,0.00,0.00,0.00,0.00,0.00,0.00,0.00,0.00,0.00,0.00,114,24,0.00,1,'2018-02-26 16:03:24','0000-00-00 00:00:00','0000-00-00 00:00:00',6,0,0,'','\0','\0','',0.00,0.00,0,0,'-1','-16777216','\0','\0','\0'),(452,'Capri Balsamic Vinegar','5L','','',NULL,8,2,NULL,2,2,0,4,'0',0,0.00,30.00,60.00,1055.00,0.00,0.00,0.00,0.00,0.00,0.00,0.00,0.00,0.00,0.00,0.00,114,24,0.00,1,'2018-02-26 16:04:45','0000-00-00 00:00:00','0000-00-00 00:00:00',6,0,0,'','\0','\0','',0.00,0.00,0,0,'-1','-16777216','\0','\0','\0'),(453,'Muayu Sesame Oil','3L','','',NULL,8,2,NULL,2,2,0,4,'0',0,0.00,30.00,60.00,555.00,0.00,0.00,0.00,0.00,0.00,0.00,0.00,0.00,0.00,0.00,0.00,114,24,0.00,1,'2018-02-26 16:10:34','0000-00-00 00:00:00','0000-00-00 00:00:00',6,0,0,'','\0','\0','',0.00,0.00,0,0,'-1','-16777216','\0','\0','\0'),(454,'Marachino Cherries','1050g','','',NULL,8,2,NULL,2,2,0,4,'0',0,0.00,30.00,60.00,325.50,0.00,0.00,0.00,0.00,0.00,0.00,0.00,0.00,0.00,0.00,0.00,114,24,0.00,1,'2018-02-26 16:12:13','0000-00-00 00:00:00','0000-00-00 00:00:00',6,0,0,'','\0','\0','',0.00,0.00,0,0,'-1','-16777216','\0','\0','\0'),(455,'Ludy Peanut Butter','952g','','',NULL,8,2,NULL,2,2,0,3,'0',0,0.00,30.00,60.00,217.00,0.00,0.00,0.00,0.00,0.00,0.00,0.00,0.00,0.00,0.00,0.00,114,24,0.00,1,'2018-02-26 16:14:15','0000-00-00 00:00:00','0000-00-00 00:00:00',6,0,0,'','\0','\0','',0.00,0.00,0,0,'-1','-16777216','\0','\0','\0'),(456,'bread crumbs','1kg','','',NULL,8,2,NULL,2,2,0,4,'0',0,0.00,30.00,60.00,129.25,0.00,0.00,0.00,0.00,0.00,0.00,0.00,0.00,0.00,0.00,0.00,114,24,0.00,1,'2018-02-26 16:18:17','0000-00-00 00:00:00','0000-00-00 00:00:00',6,0,0,'','\0','\0','',0.00,0.00,0,0,'-1','-16777216','\0','\0','\0'),(457,'Argentina Corned Beef','100g','','',NULL,8,2,NULL,2,2,0,12,'0',0,0.00,20.00,48.00,21.50,0.00,0.00,0.00,0.00,0.00,0.00,0.00,0.00,0.00,0.00,0.00,63,24,1.00,1,'2018-02-26 16:19:56','2018-02-28 10:58:54','0000-00-00 00:00:00',6,6,0,'','\0','\0','',0.00,0.00,0,0,'-1','-16777216','\0','\0','\0'),(458,'Jolly Coconut milk (GATA)','400ml','','',NULL,8,2,NULL,2,2,0,5,'0',0,0.00,30.00,60.00,55.00,0.00,0.00,0.00,0.00,0.00,0.00,0.00,0.00,0.00,0.00,0.00,114,24,1.00,1,'2018-02-26 16:21:55','0000-00-00 00:00:00','0000-00-00 00:00:00',6,0,0,'','\0','\0','',0.00,0.00,0,0,'-1','-16777216','\0','\0','\0'),(459,'Corn Starch','1kg','','',NULL,8,2,NULL,2,2,0,1,'0',0,0.00,30.00,60.00,53.00,0.00,0.00,0.00,0.00,0.00,0.00,0.00,0.00,0.00,0.00,0.00,114,24,0.00,1,'2018-02-26 16:25:13','0000-00-00 00:00:00','0000-00-00 00:00:00',6,0,0,'','\0','\0','',0.00,0.00,0,0,'-1','-16777216','\0','\0','\0'),(460,'cake flour','1kg','','',NULL,8,2,NULL,2,2,0,1,'0',0,0.00,30.00,60.00,73.00,0.00,0.00,0.00,0.00,0.00,0.00,0.00,0.00,0.00,0.00,0.00,114,24,0.00,1,'2018-02-26 16:28:15','0000-00-00 00:00:00','0000-00-00 00:00:00',6,0,0,'','\0','\0','',0.00,0.00,0,0,'-1','-16777216','\0','\0','\0'),(461,'Injoy Palamig Chocolate Powder','1kg','','',NULL,8,2,NULL,2,2,0,1,'0',0,0.00,30.00,60.00,197.50,0.00,0.00,0.00,0.00,0.00,0.00,0.00,0.00,0.00,0.00,0.00,114,24,0.00,1,'2018-02-26 16:29:35','0000-00-00 00:00:00','0000-00-00 00:00:00',6,0,0,'','\0','\0','',0.00,0.00,0,0,'-1','-16777216','\0','\0','\0'),(462,'Pantai Green Curry Paste','1kg','','',NULL,8,2,NULL,2,2,0,3,'0',0,0.00,30.00,60.00,447.25,0.00,0.00,0.00,0.00,0.00,0.00,0.00,0.00,0.00,0.00,0.00,114,23,0.00,1,'2018-02-26 16:37:59','0000-00-00 00:00:00','0000-00-00 00:00:00',6,0,0,'','\0','\0','',0.00,0.00,0,0,'-1','-16777216','\0','\0','\0'),(463,'Pantai Red Curry Paste','1kg','','',NULL,8,2,NULL,2,2,0,3,'0',0,0.00,3.00,6.00,447.25,0.00,0.00,0.00,0.00,0.00,0.00,0.00,0.00,0.00,0.00,0.00,114,24,0.00,1,'2018-02-26 16:38:45','0000-00-00 00:00:00','0000-00-00 00:00:00',6,0,0,'','\0','\0','',0.00,0.00,0,0,'-1','-16777216','\0','\0','\0'),(464,'Tom Yum Paste','227g','','',NULL,8,2,NULL,2,2,0,3,'0',0,0.00,3.00,6.00,136.00,0.00,0.00,0.00,0.00,0.00,0.00,0.00,0.00,0.00,0.00,0.00,114,24,11.00,1,'2018-02-26 16:40:05','0000-00-00 00:00:00','0000-00-00 00:00:00',6,0,0,'','\0','\0','',0.00,0.00,0,0,'-1','-16777216','\0','\0','\0'),(465,'Mccormick Turmeric Ground','520g','','',NULL,8,2,NULL,2,2,0,3,'0',0,0.00,3.00,6.00,490.00,0.00,0.00,0.00,0.00,0.00,0.00,0.00,0.00,0.00,0.00,0.00,114,24,0.00,1,'2018-02-26 16:46:05','0000-00-00 00:00:00','0000-00-00 00:00:00',6,0,0,'','\0','\0','',0.00,0.00,0,0,'-1','-16777216','\0','\0','\0'),(466,'Mccormick Smoked Paprika','450g','','',NULL,8,2,NULL,2,2,0,3,'0',0,0.00,3.00,6.00,595.00,0.00,0.00,0.00,0.00,0.00,0.00,0.00,0.00,0.00,0.00,0.00,114,24,0.00,1,'2018-02-26 16:47:18','0000-00-00 00:00:00','0000-00-00 00:00:00',6,0,0,'','\0','\0','',0.00,0.00,0,0,'-1','-16777216','\0','\0','\0'),(467,'Mccormick bay leaves whole','80g','','',NULL,8,2,NULL,2,2,0,3,'0',0,0.00,3.00,6.00,340.00,0.00,0.00,0.00,0.00,0.00,0.00,0.00,0.00,0.00,0.00,0.00,114,24,0.00,1,'2018-02-26 16:48:46','0000-00-00 00:00:00','0000-00-00 00:00:00',6,0,0,'','\0','\0','',0.00,0.00,0,0,'-1','-16777216','\0','\0','\0'),(468,'Mccormick Black Pepper Ground','530g','','',NULL,8,2,NULL,2,2,0,3,'0',0,0.00,3.00,6.00,649.00,0.00,0.00,0.00,0.00,0.00,0.00,0.00,0.00,0.00,0.00,0.00,114,24,0.00,1,'2018-02-26 16:50:15','0000-00-00 00:00:00','0000-00-00 00:00:00',6,0,0,'','\0','\0','',0.00,0.00,0,0,'-1','-16777216','\0','\0','\0'),(469,'Mccormick Cinnamon Ground','550g','','',NULL,8,2,NULL,2,2,0,3,'0',0,0.00,3.00,6.00,402.00,0.00,0.00,0.00,0.00,0.00,0.00,0.00,0.00,0.00,0.00,0.00,114,24,0.00,1,'2018-02-26 16:51:14','0000-00-00 00:00:00','0000-00-00 00:00:00',6,0,0,'','\0','\0','',0.00,0.00,0,0,'-1','-16777216','\0','\0','\0'),(470,'Kirkland Red Pepper','283g','','',NULL,8,2,NULL,2,2,0,3,'0',0,0.00,3.00,6.00,350.00,0.00,0.00,0.00,0.00,0.00,0.00,0.00,0.00,0.00,0.00,0.00,114,23,0.00,1,'2018-02-26 16:53:46','0000-00-00 00:00:00','0000-00-00 00:00:00',6,0,0,'','\0','\0','',0.00,0.00,0,0,'-1','-16777216','\0','\0','\0'),(471,'Mccormick Chili Seasoning','1kg','','',NULL,8,2,NULL,2,2,0,1,'0',0,0.00,3.00,6.00,868.00,0.00,0.00,0.00,0.00,0.00,0.00,0.00,0.00,0.00,0.00,0.00,114,24,0.00,1,'2018-02-26 17:05:11','2018-02-26 17:05:17','0000-00-00 00:00:00',6,6,0,'','\0','\0','',0.00,0.00,0,0,'-1','-16777216','\0','\0','\0'),(472,'Mccormick Black Pepper Whole','1kg','','',NULL,8,2,NULL,2,2,0,3,'0',0,0.00,3.00,6.00,1301.00,0.00,0.00,0.00,0.00,0.00,0.00,0.00,0.00,0.00,0.00,0.00,114,24,0.00,1,'2018-02-26 17:10:32','0000-00-00 00:00:00','0000-00-00 00:00:00',6,0,0,'','\0','\0','',0.00,0.00,0,0,'-1','-16777216','\0','\0','\0'),(473,'Pineapple Juice litre','6Litre/can','','',NULL,6,2,NULL,2,2,0,4,'0',0,0.00,1.00,6.00,136.00,0.00,0.00,0.00,0.00,0.00,0.00,0.00,0.00,0.00,0.00,0.00,63,23,0.00,1,'2018-02-26 17:12:43','2018-02-28 11:18:50','0000-00-00 00:00:00',6,6,0,'','\0','\0','',0.00,0.00,0,0,'-1','-16777216','\0','\0','\0'),(474,'tasco Buko Juice','310ml','','',NULL,8,2,NULL,2,2,0,12,'0',0,0.00,3.00,6.00,27.00,0.00,0.00,0.00,0.00,0.00,0.00,0.00,0.00,0.00,0.00,0.00,114,24,0.00,1,'2018-02-26 17:16:11','0000-00-00 00:00:00','0000-00-00 00:00:00',6,0,0,'','\0','\0','',0.00,0.00,0,0,'-1','-16777216','\0','\0','\0'),(475,'Lipton Green Tea','box','','',NULL,8,2,NULL,2,2,0,12,'0',0,0.00,3.00,6.00,345.00,0.00,0.00,0.00,0.00,0.00,0.00,0.00,0.00,0.00,0.00,0.00,114,23,0.00,1,'2018-02-26 17:20:06','0000-00-00 00:00:00','0000-00-00 00:00:00',6,0,0,'','\0','\0','',0.00,0.00,0,0,'-1','-16777216','\0','\0','\0'),(476,'Nescafe 3in1','30pcs','','',NULL,8,2,NULL,2,2,0,1,'0',0,0.00,3.00,6.00,158.00,0.00,0.00,0.00,0.00,0.00,0.00,0.00,0.00,0.00,0.00,0.00,114,23,0.00,1,'2018-02-26 17:25:30','0000-00-00 00:00:00','0000-00-00 00:00:00',6,0,0,'','\0','\0','',0.00,0.00,0,0,'-1','-16777216','\0','\0','\0'),(477,'Cling Wrap','500x18','','',NULL,8,2,NULL,2,2,0,14,'0',0,0.00,3.00,6.00,715.00,0.00,0.00,0.00,0.00,0.00,0.00,0.00,0.00,0.00,0.00,0.00,0,0,0.00,1,'2018-02-26 17:26:46','0000-00-00 00:00:00','0000-00-00 00:00:00',6,0,0,'','\0','\0','',0.00,0.00,0,0,'-1','-16777216','\0','\0','\0'),(478,'Fruit Force Strawberry Jams','14gram per pcs','','',NULL,34,2,NULL,68,2,0,12,'0',0,0.00,1.00,3.00,1758.57,0.00,0.00,0.00,0.00,0.00,0.00,0.00,0.00,0.00,0.00,0.00,63,24,0.00,1,'2018-02-27 15:18:13','0000-00-00 00:00:00','0000-00-00 00:00:00',6,0,0,'','\0','\0','',0.00,0.00,0,0,'-1','-16777216','\0','\0','\0'),(479,'master martini Gourmet gold ','Culinary cream use for kithcen','1 liter in pack','',NULL,34,2,NULL,1,2,0,2,'0',0,0.00,12.00,24.00,167.85,0.00,0.00,0.00,0.00,0.00,0.00,0.00,0.00,0.00,0.00,0.00,63,24,0.00,1,'2018-02-27 15:21:26','0000-00-00 00:00:00','0000-00-00 00:00:00',6,0,0,'','\0','\0','',0.00,0.00,0,0,'-1','-16777216','\0','\0','\0'),(480,'Shrimp Tail on','size 26/30','','',NULL,35,2,NULL,1,2,0,1,'0',0,0.00,2.00,10.00,600.00,0.00,0.00,0.00,0.00,0.00,0.00,0.00,0.00,0.00,0.00,0.00,63,24,0.00,1,'2018-02-27 15:50:47','2018-02-27 15:58:30','0000-00-00 00:00:00',6,6,0,'','\0','\0','',0.00,0.00,0,0,'-1','-16777216','\0','\0','\0'),(481,'parrot fish','size 400/600','','',NULL,4,2,NULL,1,2,0,1,'0',0,0.00,5.00,15.00,480.00,0.00,0.00,0.00,0.00,0.00,0.00,0.00,0.00,0.00,0.00,0.00,63,24,0.00,1,'2018-02-27 15:57:01','0000-00-00 00:00:00','0000-00-00 00:00:00',6,0,0,'','\0','\0','',0.00,0.00,0,0,'-1','-16777216','\0','\0','\0'),(482,'Lobster tail','5-6oz /26-32 Pcs in box','','',NULL,4,2,NULL,1,2,0,12,'0',0,0.00,1.00,1.00,10800.00,0.00,0.00,0.00,0.00,0.00,0.00,0.00,0.00,0.00,0.00,0.00,63,24,1.00,1,'2018-02-27 16:03:47','2018-02-27 16:39:30','0000-00-00 00:00:00',6,6,0,'','\0','\0','',0.00,0.00,0,0,'-1','-16777216','\0','\0','\0'),(483,'coffee filter','filter','','',NULL,30,2,NULL,69,2,0,2,'0',0,0.00,200.00,1000.00,4.00,0.00,0.00,0.00,0.00,0.00,0.00,0.00,0.00,0.00,0.00,0.00,63,23,0.00,1,'2018-02-27 16:48:04','0000-00-00 00:00:00','0000-00-00 00:00:00',6,0,0,'','\0','\0','',0.00,0.00,0,0,'-1','-16777216','\0','\0','\0'),(484,'Als Gas','50kg/tank','Use for kitchen cooking','',NULL,36,2,NULL,70,2,0,16,'0',0,0.00,1.00,4.00,2375.00,0.00,0.00,0.00,0.00,0.00,0.00,0.00,0.00,0.00,0.00,0.00,63,24,0.00,1,'2018-02-28 09:09:31','0000-00-00 00:00:00','0000-00-00 00:00:00',6,0,0,'','\0','\0','',0.00,0.00,0,0,'-1','-16777216','\0','\0','\0'),(485,'Lion shaped ham','per blk','','',NULL,10,2,NULL,1,2,0,11,'0',0,0.00,2.00,5.00,390.00,0.00,0.00,0.00,0.00,0.00,0.00,0.00,0.00,0.00,0.00,0.00,63,24,0.00,1,'2018-02-28 09:39:30','0000-00-00 00:00:00','0000-00-00 00:00:00',6,0,0,'','\0','\0','',0.00,0.00,0,0,'-1','-16777216','\0','\0','\0'),(486,'frozen Strawberry','frozen Strawberry','','',NULL,10,2,NULL,1,2,0,1,'0',0,0.00,1.00,3.00,760.00,0.00,0.00,0.00,0.00,0.00,0.00,0.00,0.00,0.00,0.00,0.00,63,24,0.00,1,'2018-02-28 10:13:42','2018-03-05 09:56:11','0000-00-00 00:00:00',6,6,0,'','\0','\0','',0.00,0.00,0,0,'-1','-16777216','\0','\0','\0'),(487,'Mascarpone cheese','500gram/pcs','','',NULL,10,2,NULL,1,2,0,2,'0',0,0.00,3.00,8.00,690.00,0.00,0.00,0.00,0.00,0.00,0.00,0.00,0.00,0.00,0.00,0.00,63,24,0.00,1,'2018-02-28 10:16:19','0000-00-00 00:00:00','0000-00-00 00:00:00',6,0,0,'','\0','\0','',0.00,0.00,0,0,'-1','-16777216','\0','\0','\0'),(488,'Frozen blueberry','Frozen blueberry','','',NULL,10,2,NULL,1,2,0,1,'0',0,0.00,2.00,5.00,760.00,0.00,0.00,0.00,0.00,0.00,0.00,0.00,0.00,0.00,0.00,0.00,63,24,0.00,1,'2018-02-28 10:19:01','2018-03-05 09:56:33','0000-00-00 00:00:00',6,6,0,'','\0','\0','',0.00,0.00,0,0,'-1','-16777216','\0','\0','\0'),(489,'Canadian bacon','1kilo/pack','','',NULL,37,1,NULL,1,2,0,1,'0',0,0.00,2.00,5.00,385.00,0.00,0.00,0.00,0.00,0.00,0.00,0.00,0.00,0.00,0.00,0.00,63,24,0.00,1,'2018-02-28 10:24:37','0000-00-00 00:00:00','0000-00-00 00:00:00',6,0,0,'','\0','\0','',0.00,0.00,0,0,'-1','-16777216','\0','\0','\0'),(490,'bags for vacuum ','size 7x10 pe.','use for packaging production','',NULL,7,1,NULL,71,2,0,1,'0',0,0.00,200.00,1000.00,3.65,0.00,0.00,0.00,0.00,0.00,0.00,0.00,0.00,0.00,0.00,0.00,63,24,0.00,2,'2018-02-28 10:33:38','0000-00-00 00:00:00','0000-00-00 00:00:00',6,0,0,'','\0','\0','',0.00,0.00,0,0,'-1','-16777216','\0','\0','\0'),(491,'vacuum bag','size 10x15 pe','use for vacuum production meat','',NULL,7,1,NULL,71,2,0,1,'0',0,0.00,200.00,1000.00,4.40,0.00,0.00,0.00,0.00,0.00,0.00,0.00,0.00,0.00,0.00,0.00,63,24,0.00,2,'2018-02-28 10:35:09','0000-00-00 00:00:00','0000-00-00 00:00:00',6,0,0,'','\0','\0','',0.00,0.00,0,0,'-1','-16777216','\0','\0','\0'),(492,'vacuum bag','size 12x18 p.e','use for vacuum for meat production','',NULL,7,1,NULL,71,2,0,1,'0',0,0.00,200.00,1000.00,5.00,0.00,0.00,0.00,0.00,0.00,0.00,0.00,0.00,0.00,0.00,0.00,63,24,1.00,2,'2018-02-28 10:36:29','0000-00-00 00:00:00','0000-00-00 00:00:00',6,0,0,'','\0','\0','',0.00,0.00,0,0,'-1','-16777216','\0','\0','\0'),(493,'pork tocino','1kilo/pack','','',NULL,37,1,NULL,1,2,0,1,'0',0,0.00,2.00,5.00,220.00,0.00,0.00,0.00,0.00,0.00,0.00,0.00,0.00,0.00,0.00,0.00,63,24,0.00,1,'2018-02-28 10:38:11','0000-00-00 00:00:00','0000-00-00 00:00:00',6,0,0,'','\0','\0','',0.00,0.00,0,0,'-1','-16777216','\0','\0','\0'),(494,'peperoni','1kilo/pack','','',NULL,2,1,NULL,1,2,0,1,'0',0,0.00,2.00,5.00,320.00,0.00,0.00,0.00,0.00,0.00,0.00,0.00,0.00,0.00,0.00,0.00,63,24,0.00,1,'2018-02-28 10:40:05','0000-00-00 00:00:00','0000-00-00 00:00:00',6,0,0,'','\0','\0','',0.00,0.00,0,0,'-1','-16777216','\0','\0','\0'),(495,'mini unsalted butter','10gram/pcs','','',NULL,6,2,NULL,2,2,0,12,'0',0,0.00,1.00,3.00,1300.00,0.00,0.00,0.00,0.00,0.00,0.00,0.00,0.00,0.00,0.00,0.00,63,24,0.00,1,'2018-02-28 10:56:44','0000-00-00 00:00:00','0000-00-00 00:00:00',6,0,0,'','\0','\0','',0.00,0.00,0,0,'-1','-16777216','\0','\0','\0'),(496,'Argentina corned beef J3a','100gram/can','','',NULL,6,2,NULL,2,2,0,15,'0',0,0.00,20.00,48.00,20.75,0.00,0.00,0.00,0.00,0.00,0.00,0.00,0.00,0.00,0.00,0.00,63,24,0.00,1,'2018-02-28 11:00:32','0000-00-00 00:00:00','0000-00-00 00:00:00',6,0,0,'','\0','\0','',0.00,0.00,0,0,'-1','-16777216','\0','\0','\0'),(497,'Farm house fresh milk','1litre/pack','','',NULL,6,2,NULL,2,2,0,15,'0',0,0.00,5.00,10.00,66.00,0.00,0.00,0.00,0.00,0.00,0.00,0.00,0.00,0.00,0.00,0.00,63,23,0.00,1,'2018-02-28 11:02:00','0000-00-00 00:00:00','0000-00-00 00:00:00',6,0,0,'','\0','\0','',0.00,0.00,0,0,'-1','-16777216','\0','\0','\0'),(498,'capri whole peeled tomato','2650gram/can','','',NULL,6,2,NULL,2,2,0,5,'0',0,0.00,2.00,6.00,213.30,0.00,0.00,0.00,0.00,0.00,0.00,0.00,0.00,0.00,0.00,0.00,63,24,0.00,1,'2018-02-28 11:06:58','0000-00-00 00:00:00','0000-00-00 00:00:00',6,0,0,'','\0','\0','',0.00,0.00,0,0,'-1','-16777216','\0','\0','\0'),(499,'queens land salted butter','6kg/box','','',NULL,6,2,NULL,1,2,0,12,'0',0,0.00,1.00,4.00,1950.00,0.00,0.00,0.00,0.00,0.00,0.00,0.00,0.00,0.00,0.00,0.00,63,24,0.00,1,'2018-02-28 11:10:57','0000-00-00 00:00:00','0000-00-00 00:00:00',6,0,0,'','\0','\0','',0.00,0.00,0,0,'-1','-16777216','\0','\0','\0'),(500,'Sun shine salted butter','10kg/box','','',NULL,34,2,NULL,1,2,0,12,'0',0,0.00,1.00,3.00,3400.00,0.00,0.00,0.00,0.00,0.00,0.00,0.00,0.00,0.00,0.00,0.00,63,24,0.00,1,'2018-02-28 11:24:39','0000-00-00 00:00:00','0000-00-00 00:00:00',6,0,0,'','\0','\0','',0.00,0.00,0,0,'-1','-16777216','\0','\0','\0'),(501,'Sun shine unsalted butter','10kilo/box','','',NULL,34,2,NULL,1,2,0,12,'0',0,0.00,1.00,3.00,3400.00,0.00,0.00,0.00,0.00,0.00,0.00,0.00,0.00,0.00,0.00,0.00,63,24,0.00,1,'2018-02-28 11:25:46','0000-00-00 00:00:00','0000-00-00 00:00:00',6,0,0,'','\0','\0','',0.00,0.00,0,0,'-1','-16777216','\0','\0','\0'),(502,'Andros portion jam','14gram/pcs','','',NULL,34,2,NULL,1,2,0,12,'0',0,0.00,1.00,3.00,2040.00,0.00,0.00,0.00,0.00,0.00,0.00,0.00,0.00,0.00,0.00,0.00,63,24,1.00,1,'2018-02-28 11:28:04','0000-00-00 00:00:00','0000-00-00 00:00:00',6,0,0,'','\0','\0','',0.00,0.00,0,0,'-1','-16777216','\0','\0','\0'),(503,'master martini gold gourmet','culinary cream','','',NULL,34,2,NULL,1,2,0,1,'0',0,0.00,3.00,12.00,188.00,0.00,0.00,0.00,0.00,0.00,0.00,0.00,0.00,0.00,0.00,0.00,63,24,0.00,1,'2018-02-28 11:30:23','0000-00-00 00:00:00','0000-00-00 00:00:00',6,0,0,'','\0','\0','',0.00,0.00,0,0,'-1','-16777216','\0','\0','\0'),(504,'dark chocolate blk','1kilo/blk','','',NULL,34,2,NULL,2,2,0,1,'0',0,0.00,3.00,6.00,235.00,0.00,0.00,0.00,0.00,0.00,0.00,0.00,0.00,0.00,0.00,0.00,63,24,1.00,1,'2018-02-28 11:33:16','0000-00-00 00:00:00','0000-00-00 00:00:00',6,0,0,'','\0','\0','',0.00,0.00,0,0,'-1','-16777216','\0','\0','\0'),(505,'Collyflower Vegetable','colly','','',NULL,39,1,NULL,3,2,0,9,'0',0,0.00,2.00,7.00,70.00,0.00,0.00,0.00,0.00,0.00,0.00,0.00,0.00,0.00,0.00,0.00,63,24,0.00,1,'2018-02-28 12:52:49','2018-02-28 14:24:23','0000-00-00 00:00:00',6,6,0,'','\0','\0','',0.00,0.00,0,0,'-1','-16777216','\0','\0','\0'),(506,'Rec lettuce','loloroso','','',NULL,39,1,NULL,3,2,0,9,'0',0,0.00,2.00,5.00,120.00,0.00,0.00,0.00,0.00,0.00,0.00,0.00,0.00,0.00,0.00,0.00,63,24,0.00,1,'2018-02-28 14:31:52','0000-00-00 00:00:00','0000-00-00 00:00:00',6,0,0,'','\0','\0','',0.00,0.00,0,0,'-1','-16777216','\0','\0','\0'),(507,'Knox Unflavor Gelatin','28.34gram/pack','','',NULL,40,2,NULL,2,2,0,1,'0',0,0.00,2.00,10.00,95.00,0.00,0.00,0.00,0.00,0.00,0.00,0.00,0.00,0.00,0.00,0.00,63,24,0.00,1,'2018-02-28 15:09:10','0000-00-00 00:00:00','0000-00-00 00:00:00',6,0,0,'','\0','\0','',0.00,0.00,0,0,'-1','-16777216','\0','\0','\0'),(508,'Lime vegetable','1kilo/pack','','',NULL,39,1,NULL,3,2,0,9,'0',0,0.00,2.00,4.00,130.00,0.00,0.00,0.00,0.00,0.00,0.00,0.00,0.00,0.00,0.00,0.00,63,23,0.00,1,'2018-02-28 16:47:33','0000-00-00 00:00:00','0000-00-00 00:00:00',6,0,0,'','\0','\0','',0.00,0.00,0,0,'-1','-16777216','\0','\0','\0'),(509,'yellow corn','mais','','',NULL,39,1,NULL,3,2,0,9,'0',0,0.00,2.00,5.00,50.00,0.00,0.00,0.00,0.00,0.00,0.00,0.00,0.00,0.00,0.00,0.00,63,24,0.00,1,'2018-02-28 16:56:20','0000-00-00 00:00:00','0000-00-00 00:00:00',6,0,0,'','\0','\0','',0.00,0.00,0,0,'-1','-16777216','\0','\0','\0'),(510,'Bak choi','1kilo/pack','','',NULL,39,1,NULL,3,2,0,9,'0',0,0.00,1.00,3.00,60.00,0.00,0.00,0.00,0.00,0.00,0.00,0.00,0.00,0.00,0.00,0.00,63,24,0.00,1,'2018-02-28 16:58:08','0000-00-00 00:00:00','0000-00-00 00:00:00',6,0,0,'','\0','\0','',0.00,0.00,0,0,'-1','-16777216','\0','\0','\0'),(511,'mango fruits','1kilo/pack','','',NULL,39,1,NULL,1,2,0,9,'0',0,0.00,5.00,18.00,111.00,0.00,0.00,0.00,0.00,0.00,0.00,0.00,0.00,0.00,0.00,0.00,63,23,0.00,1,'2018-02-28 18:08:42','0000-00-00 00:00:00','0000-00-00 00:00:00',6,0,0,'','\0','\0','',0.00,0.00,0,0,'-1','-16777216','\0','\0','\0'),(512,'ice cube','use for drinks','','',NULL,41,1,NULL,72,2,0,1,'0',0,0.00,1.00,4.00,100.00,0.00,0.00,0.00,0.00,0.00,0.00,0.00,0.00,0.00,0.00,0.00,63,23,0.00,2,'2018-03-01 08:50:00','0000-00-00 00:00:00','0000-00-00 00:00:00',6,0,0,'','\0','\0','',0.00,0.00,0,0,'-1','-16777216','\0','\0','\0'),(513,'No subject for finalizing','No subject for finalizing','No subject for finalizing','',NULL,1,1,NULL,3,2,0,1,'0',0,0.00,0.00,0.00,350.00,0.00,0.00,1.00,0.00,0.00,0.00,1.00,1.00,1.00,0.00,0.00,0,0,-1.00,1,'2018-07-18 09:30:55','0000-00-00 00:00:00','0000-00-00 00:00:00',1,0,0,'','\0','\0','',0.00,0.00,0,0,'-1','-16777216','\0','\0','\0'),(514,'12','12','12','',NULL,2,2,NULL,2,2,0,1,'0',0,0.00,1.00,0.00,1.00,0.00,0.00,12.00,0.00,0.00,0.00,12.00,12.00,12.00,12.00,0.00,0,143,-10.00,3,'2018-10-08 08:41:29','0000-00-00 00:00:00','0000-00-00 00:00:00',1,0,0,'','\0','\0','',0.00,0.00,0,0,'-1','-16777216','\0','\0','\0');
/*!40000 ALTER TABLE `products` ENABLE KEYS */;
UNLOCK TABLES;

--
-- Table structure for table `proforma_invoice`
--

DROP TABLE IF EXISTS `proforma_invoice`;
/*!40101 SET @saved_cs_client     = @@character_set_client */;
/*!40101 SET character_set_client = utf8 */;
CREATE TABLE `proforma_invoice` (
  `proforma_invoice_id` bigint(20) NOT NULL AUTO_INCREMENT,
  `proforma_inv_no` varchar(75) DEFAULT '',
  `sales_order_id` bigint(20) DEFAULT '0',
  `sales_order_no` varchar(75) DEFAULT '',
  `order_status_id` int(11) DEFAULT '1' COMMENT '1 is open 2 is closed 3 is partially, used in delivery_receipt',
  `department_id` int(11) DEFAULT '0',
  `issue_to_department` int(11) DEFAULT '0',
  `customer_id` int(11) DEFAULT '0',
  `customer_name` varchar(175) NOT NULL,
  `journal_id` bigint(20) DEFAULT '0',
  `terms` int(11) DEFAULT '0',
  `remarks` varchar(755) DEFAULT '',
  `total_discount` decimal(20,4) DEFAULT '0.0000',
  `total_overall_discount` decimal(20,4) DEFAULT '0.0000',
  `total_overall_discount_amount` decimal(20,4) DEFAULT '0.0000',
  `total_after_discount` decimal(20,4) DEFAULT '0.0000',
  `total_before_tax` decimal(20,4) DEFAULT '0.0000',
  `total_tax_amount` decimal(20,4) DEFAULT '0.0000',
  `total_after_tax` decimal(20,4) DEFAULT '0.0000',
  `date_due` date DEFAULT '0000-00-00',
  `date_invoice` date DEFAULT '0000-00-00',
  `date_created` datetime DEFAULT '0000-00-00 00:00:00',
  `date_deleted` datetime DEFAULT '0000-00-00 00:00:00',
  `date_modified` timestamp NULL DEFAULT '0000-00-00 00:00:00' ON UPDATE CURRENT_TIMESTAMP,
  `posted_by_user` int(11) DEFAULT '0',
  `deleted_by_user` int(11) DEFAULT '0',
  `modified_by_user` int(11) DEFAULT '0',
  `is_paid` bit(1) DEFAULT b'0',
  `is_active` bit(1) DEFAULT b'1',
  `is_deleted` bit(1) DEFAULT b'0',
  `is_journal_posted` bit(1) DEFAULT b'0',
  `ref_product_type_id` int(11) DEFAULT '0',
  `inv_type` int(11) DEFAULT '1',
  `salesperson_id` int(11) DEFAULT '0',
  `address` varchar(150) DEFAULT '',
  `contact_person` varchar(175) DEFAULT NULL,
  PRIMARY KEY (`proforma_invoice_id`) USING BTREE,
  UNIQUE KEY `proforma_inv_no` (`proforma_inv_no`) USING BTREE
) ENGINE=InnoDB DEFAULT CHARSET=latin1;
/*!40101 SET character_set_client = @saved_cs_client */;

--
-- Dumping data for table `proforma_invoice`
--

LOCK TABLES `proforma_invoice` WRITE;
/*!40000 ALTER TABLE `proforma_invoice` DISABLE KEYS */;
/*!40000 ALTER TABLE `proforma_invoice` ENABLE KEYS */;
UNLOCK TABLES;

--
-- Table structure for table `proforma_invoice_items`
--

DROP TABLE IF EXISTS `proforma_invoice_items`;
/*!40101 SET @saved_cs_client     = @@character_set_client */;
/*!40101 SET character_set_client = utf8 */;
CREATE TABLE `proforma_invoice_items` (
  `proforma_item_id` bigint(20) NOT NULL AUTO_INCREMENT,
  `proforma_invoice_id` bigint(20) DEFAULT '0',
  `product_id` int(11) DEFAULT '0',
  `unit_id` int(11) DEFAULT '0',
  `inv_price` decimal(20,4) DEFAULT '0.0000',
  `orig_so_price` decimal(20,4) DEFAULT '0.0000',
  `inv_discount` decimal(20,4) DEFAULT '0.0000',
  `inv_line_total_discount` decimal(20,4) DEFAULT '0.0000',
  `inv_tax_rate` decimal(20,4) DEFAULT '0.0000',
  `cost_upon_invoice` decimal(20,4) DEFAULT '0.0000',
  `inv_qty` decimal(20,0) DEFAULT '0',
  `inv_gross` decimal(20,4) DEFAULT '0.0000',
  `inv_line_total_price` decimal(20,4) DEFAULT '0.0000',
  `inv_tax_amount` decimal(20,4) DEFAULT '0.0000',
  `inv_non_tax_amount` decimal(20,4) DEFAULT '0.0000',
  `inv_line_total_after_global` decimal(20,4) DEFAULT '0.0000',
  `inv_notes` varchar(100) DEFAULT NULL,
  `dr_invoice_id` int(11) DEFAULT NULL,
  `exp_date` date DEFAULT '0000-00-00',
  `batch_no` varchar(55) DEFAULT '',
  PRIMARY KEY (`proforma_item_id`) USING BTREE
) ENGINE=InnoDB DEFAULT CHARSET=latin1;
/*!40101 SET character_set_client = @saved_cs_client */;

--
-- Dumping data for table `proforma_invoice_items`
--

LOCK TABLES `proforma_invoice_items` WRITE;
/*!40000 ALTER TABLE `proforma_invoice_items` DISABLE KEYS */;
/*!40000 ALTER TABLE `proforma_invoice_items` ENABLE KEYS */;
UNLOCK TABLES;

--
-- Table structure for table `purchase_order`
--

DROP TABLE IF EXISTS `purchase_order`;
/*!40101 SET @saved_cs_client     = @@character_set_client */;
/*!40101 SET character_set_client = utf8 */;
CREATE TABLE `purchase_order` (
  `purchase_order_id` bigint(20) NOT NULL AUTO_INCREMENT,
  `po_no` varchar(75) DEFAULT '',
  `terms` varchar(55) DEFAULT '',
  `duration` varchar(55) DEFAULT '',
  `deliver_to_address` varchar(755) DEFAULT '',
  `supplier_id` int(11) DEFAULT '0',
  `department_id` bigint(20) DEFAULT '0',
  `tax_type_id` int(11) DEFAULT '0',
  `contact_person` varchar(100) DEFAULT '',
  `remarks` varchar(155) DEFAULT '',
  `total_discount` decimal(20,4) DEFAULT '0.0000',
  `total_before_tax` decimal(20,4) DEFAULT '0.0000',
  `total_tax_amount` decimal(20,4) DEFAULT '0.0000',
  `total_after_tax` decimal(20,4) DEFAULT '0.0000',
  `total_overall_discount` decimal(20,4) DEFAULT '0.0000',
  `total_overall_discount_amount` decimal(20,4) NOT NULL,
  `total_after_discount` decimal(20,4) DEFAULT '0.0000',
  `approval_id` int(11) DEFAULT '2',
  `order_status_id` int(11) DEFAULT '1',
  `is_email_sent` bit(1) DEFAULT b'0',
  `is_active` bit(1) DEFAULT b'1',
  `is_deleted` bit(1) DEFAULT b'0',
  `date_created` datetime DEFAULT '0000-00-00 00:00:00',
  `date_modified` timestamp NULL DEFAULT '0000-00-00 00:00:00' ON UPDATE CURRENT_TIMESTAMP,
  `date_deleted` datetime DEFAULT '0000-00-00 00:00:00',
  `date_approved` datetime DEFAULT '0000-00-00 00:00:00',
  `approved_by_user` int(11) DEFAULT '0',
  `posted_by_user` int(11) DEFAULT '0',
  `deleted_by_user` int(11) DEFAULT '0',
  `modified_by_user` int(11) DEFAULT '0',
  PRIMARY KEY (`purchase_order_id`) USING BTREE,
  UNIQUE KEY `po_no` (`po_no`) USING BTREE,
  UNIQUE KEY `po_no_2` (`po_no`) USING BTREE
) ENGINE=InnoDB AUTO_INCREMENT=9 DEFAULT CHARSET=latin1;
/*!40101 SET character_set_client = @saved_cs_client */;

--
-- Dumping data for table `purchase_order`
--

LOCK TABLES `purchase_order` WRITE;
/*!40000 ALTER TABLE `purchase_order` DISABLE KEYS */;
INSERT INTO `purchase_order` VALUES (1,'PO-20180502-1','',NULL,'1',1,2,1,'','',43.7300,390.4000,46.8500,393.5300,10.0000,39.3500,354.1800,1,2,'\0','','\0','2018-05-02 17:04:51','2018-05-02 09:05:28','0000-00-00 00:00:00','2018-05-02 17:05:04',1,1,0,0),(2,'PO-20180607-2','',NULL,'1',1,2,1,'','',21.1406,268.0804,32.1696,279.1094,15.2500,42.5642,236.5452,2,1,'\0','','\0','2018-06-07 08:51:35','2018-06-07 01:15:45','0000-00-00 00:00:00','0000-00-00 00:00:00',0,1,0,1),(3,'PO-20180607-3','1',NULL,'1',3,2,1,'1','',8447.7500,602576.9100,72309.2300,666438.3800,1.2500,8330.4800,658107.9000,1,2,'\0','','\0','2018-06-07 09:22:45','2018-10-25 01:56:19','0000-00-00 00:00:00','2018-06-07 09:26:39',1,1,0,1),(4,'PO-20180625-4','1',NULL,'1',2,1,1,'1','',0.0000,17478.5700,249.4300,17728.0000,10.0000,1772.8000,15955.2000,2,1,'\0','','\0','2018-06-25 14:55:16','2018-08-01 06:11:08','0000-00-00 00:00:00','0000-00-00 00:00:00',0,1,0,1),(5,'PO-20180802-5','',NULL,'1',1,1,1,'','',1421.6300,12693.0800,1523.1700,12794.6300,10.0000,1279.4600,11515.1700,2,1,'\0','','\0','2018-08-02 09:15:55','2018-08-02 01:16:19','0000-00-00 00:00:00','0000-00-00 00:00:00',0,1,0,1),(6,'PO-20180822-6','1',NULL,'1',2,2,2,'1','',0.0000,147.3200,17.6800,165.0000,0.0000,0.0000,165.0000,2,1,'\0','','\0','2018-08-22 08:40:25','2018-08-22 00:40:25','0000-00-00 00:00:00','0000-00-00 00:00:00',0,1,0,0),(7,'PO-20181023-7','',NULL,'qw',1,1,1,'','',118.2500,1672.7600,200.7300,1873.4900,10.0000,208.1600,1873.4900,1,1,'\0','','\0','2018-10-23 17:48:05','2018-10-25 02:28:12','0000-00-00 00:00:00','2018-10-23 17:48:16',1,1,0,1),(8,'PO-20181024-8','12',NULL,'12',1,1,1,'12','',35.9000,259.6300,31.1600,290.7900,10.0000,32.3100,290.7900,1,2,'\0','','\0','2018-10-24 09:39:39','2018-10-24 02:26:36','0000-00-00 00:00:00','2018-10-24 10:13:14',1,1,0,1);
/*!40000 ALTER TABLE `purchase_order` ENABLE KEYS */;
UNLOCK TABLES;

--
-- Table structure for table `purchase_order_items`
--

DROP TABLE IF EXISTS `purchase_order_items`;
/*!40101 SET @saved_cs_client     = @@character_set_client */;
/*!40101 SET character_set_client = utf8 */;
CREATE TABLE `purchase_order_items` (
  `po_item_id` bigint(20) NOT NULL AUTO_INCREMENT,
  `purchase_order_id` int(11) DEFAULT '0',
  `product_id` int(11) DEFAULT '0',
  `is_parent` tinyint(1) DEFAULT '1',
  `unit_id` int(11) DEFAULT '0',
  `po_price` decimal(20,4) DEFAULT '0.0000',
  `po_discount` decimal(20,4) DEFAULT '0.0000',
  `po_line_total_discount` decimal(20,4) DEFAULT '0.0000',
  `po_tax_rate` decimal(11,4) DEFAULT '0.0000',
  `po_qty` decimal(20,4) DEFAULT '0.0000',
  `po_line_total` decimal(20,4) DEFAULT '0.0000',
  `tax_amount` decimal(20,4) DEFAULT '0.0000',
  `non_tax_amount` decimal(20,4) DEFAULT '0.0000',
  `po_line_total_after_global` decimal(20,4) DEFAULT '0.0000',
  PRIMARY KEY (`po_item_id`) USING BTREE
) ENGINE=InnoDB AUTO_INCREMENT=51 DEFAULT CHARSET=latin1;
/*!40101 SET character_set_client = @saved_cs_client */;

--
-- Dumping data for table `purchase_order_items`
--

LOCK TABLES `purchase_order_items` WRITE;
/*!40000 ALTER TABLE `purchase_order_items` DISABLE KEYS */;
INSERT INTO `purchase_order_items` VALUES (1,1,72,1,3,165.0000,10.0000,43.7300,12.0000,2.6500,393.5300,46.8500,390.4000,0.0000),(4,2,72,1,3,165.0000,10.2500,21.1406,12.0000,1.2500,185.1094,22.0982,184.1518,0.0000),(5,2,426,1,1,94.0000,0.0000,0.0000,12.0000,1.0000,94.0000,10.0714,83.9286,0.0000),(18,4,6,1,12,440.0000,0.0000,0.0000,0.0000,15.0000,6600.0000,0.0000,6600.0000,0.0000),(19,4,6,1,12,440.0000,0.0000,0.0000,0.0000,20.0000,8800.0000,0.0000,8800.0000,0.0000),(20,4,426,1,1,194.0000,0.0000,0.0000,12.0000,12.0000,2328.0000,249.4300,2078.5700,0.0000),(21,3,72,1,3,165.2400,1.2600,34.4200,12.0000,16.5300,2697.0000,292.6500,2438.7700,0.0000),(22,3,426,1,1,97.3300,1.2500,1.5200,12.0000,1.2500,120.1400,13.0400,108.6300,0.0000),(23,3,370,1,3,531.2200,1.3500,109.3600,12.0000,15.2500,7991.7400,867.9800,7233.1300,0.0000),(24,3,427,1,4,54131.2100,1.2500,8288.8400,12.0000,12.2500,654818.4800,71047.2100,592060.1100,0.0000),(25,3,1,1,6,620.0200,1.6500,13.6100,12.0000,1.3300,811.0200,88.3500,736.2700,0.0000),(28,5,72,1,3,1165.0000,10.0000,1310.6300,12.0000,11.2500,11795.6300,1404.2400,11702.0100,0.0000),(29,5,380,1,3,10.0000,10.0000,111.0000,12.0000,111.0000,999.0000,118.9300,991.0700,0.0000),(30,6,72,1,3,165.0000,0.0000,0.0000,12.0000,1.0000,165.0000,17.6800,147.3200,0.0000),(41,8,72,1,3,165.0000,10.0000,16.5000,12.0000,1.0000,148.5000,14.3200,119.3300,133.6500),(42,8,426,1,1,194.0000,10.0000,19.4000,12.0000,1.0000,174.6000,16.8400,140.3000,157.1400),(49,7,72,1,3,165.0000,10.0000,16.5000,12.0000,1.0000,148.5000,14.3200,119.3300,133.6500),(50,7,370,1,3,2034.9000,5.0000,101.7500,12.0000,1.0000,1933.1600,186.4100,1553.4300,1739.8400);
/*!40000 ALTER TABLE `purchase_order_items` ENABLE KEYS */;
UNLOCK TABLES;

--
-- Table structure for table `purchasing_integration`
--

DROP TABLE IF EXISTS `purchasing_integration`;
/*!40101 SET @saved_cs_client     = @@character_set_client */;
/*!40101 SET character_set_client = utf8 */;
CREATE TABLE `purchasing_integration` (
  `purchasing_integration_id` int(11) NOT NULL DEFAULT '0',
  `iss_supplier_id` bigint(20) DEFAULT '0',
  `iss_debit_id` bigint(20) DEFAULT '0',
  `iss_credit_id` bigint(20) DEFAULT '0',
  `adj_supplier_id` bigint(20) DEFAULT '0',
  `adj_debit_id` bigint(20) DEFAULT '0',
  `adj_credit_id` bigint(20) DEFAULT '0',
  PRIMARY KEY (`purchasing_integration_id`)
) ENGINE=InnoDB DEFAULT CHARSET=latin1;
/*!40101 SET character_set_client = @saved_cs_client */;

--
-- Dumping data for table `purchasing_integration`
--

LOCK TABLES `purchasing_integration` WRITE;
/*!40000 ALTER TABLE `purchasing_integration` DISABLE KEYS */;
INSERT INTO `purchasing_integration` VALUES (1,1,139,0,1,139,3);
/*!40000 ALTER TABLE `purchasing_integration` ENABLE KEYS */;
UNLOCK TABLES;

--
-- Table structure for table `receivable_payments`
--

DROP TABLE IF EXISTS `receivable_payments`;
/*!40101 SET @saved_cs_client     = @@character_set_client */;
/*!40101 SET character_set_client = utf8 */;
CREATE TABLE `receivable_payments` (
  `payment_id` bigint(20) NOT NULL AUTO_INCREMENT,
  `receipt_no` varchar(20) DEFAULT '',
  `customer_id` int(11) DEFAULT '0',
  `journal_id` bigint(20) DEFAULT '0',
  `receipt_type` varchar(55) DEFAULT 'AR',
  `department_id` int(11) DEFAULT '0',
  `payment_method_id` int(11) DEFAULT '0',
  `check_date_type` tinyint(4) DEFAULT '1' COMMENT '1 is Date, 2 is PDC',
  `check_date` date DEFAULT '0000-00-00',
  `check_no` varchar(100) DEFAULT '',
  `remarks` varchar(755) DEFAULT '',
  `total_paid_amount` decimal(20,2) DEFAULT '0.00',
  `date_paid` date DEFAULT '0000-00-00',
  `date_created` datetime DEFAULT '0000-00-00 00:00:00',
  `date_modified` datetime DEFAULT '0000-00-00 00:00:00',
  `date_deleted` datetime DEFAULT '0000-00-00 00:00:00',
  `date_cancelled` datetime DEFAULT '0000-00-00 00:00:00',
  `cancelled_by_user` int(11) DEFAULT '0',
  `created_by_user` int(11) DEFAULT '0',
  `modified_by_user` int(11) DEFAULT '0',
  `deleted_by_user` int(11) DEFAULT '0',
  `is_journal_posted` bit(1) DEFAULT b'0',
  `is_posted` bit(1) DEFAULT b'0',
  `is_active` bit(1) DEFAULT b'1',
  `is_deleted` bit(1) DEFAULT b'0',
  PRIMARY KEY (`payment_id`)
) ENGINE=InnoDB AUTO_INCREMENT=2 DEFAULT CHARSET=latin1;
/*!40101 SET character_set_client = @saved_cs_client */;

--
-- Dumping data for table `receivable_payments`
--

LOCK TABLES `receivable_payments` WRITE;
/*!40000 ALTER TABLE `receivable_payments` DISABLE KEYS */;
INSERT INTO `receivable_payments` VALUES (1,'123',1,48,'AR',1,1,1,'0000-00-00','','',2000.00,'2018-11-21','2018-11-21 13:58:57','0000-00-00 00:00:00','0000-00-00 00:00:00','0000-00-00 00:00:00',0,1,0,0,'','\0','','\0');
/*!40000 ALTER TABLE `receivable_payments` ENABLE KEYS */;
UNLOCK TABLES;

--
-- Table structure for table `receivable_payments_list`
--

DROP TABLE IF EXISTS `receivable_payments_list`;
/*!40101 SET @saved_cs_client     = @@character_set_client */;
/*!40101 SET character_set_client = utf8 */;
CREATE TABLE `receivable_payments_list` (
  `payment_list_id` bigint(20) NOT NULL AUTO_INCREMENT,
  `payment_id` bigint(20) DEFAULT '0',
  `sales_invoice_id` bigint(20) DEFAULT '0',
  `service_invoice_id` bigint(20) DEFAULT '0',
  `journal_id` bigint(20) DEFAULT '0',
  `receivable_amount` decimal(20,2) DEFAULT '0.00',
  `payment_amount` decimal(20,2) DEFAULT '0.00',
  PRIMARY KEY (`payment_list_id`)
) ENGINE=InnoDB AUTO_INCREMENT=2 DEFAULT CHARSET=latin1;
/*!40101 SET character_set_client = @saved_cs_client */;

--
-- Dumping data for table `receivable_payments_list`
--

LOCK TABLES `receivable_payments_list` WRITE;
/*!40000 ALTER TABLE `receivable_payments_list` DISABLE KEYS */;
INSERT INTO `receivable_payments_list` VALUES (1,1,0,0,46,2250.00,2000.00);
/*!40000 ALTER TABLE `receivable_payments_list` ENABLE KEYS */;
UNLOCK TABLES;

--
-- Table structure for table `refcustomertype`
--

DROP TABLE IF EXISTS `refcustomertype`;
/*!40101 SET @saved_cs_client     = @@character_set_client */;
/*!40101 SET character_set_client = utf8 */;
CREATE TABLE `refcustomertype` (
  `refcustomertype_id` bigint(20) NOT NULL AUTO_INCREMENT,
  `customer_type` varchar(255) NOT NULL,
  `description` varchar(255) NOT NULL,
  `created_by_user_id` int(11) NOT NULL,
  `modified_by_user_id` int(11) NOT NULL,
  `date_created` datetime NOT NULL DEFAULT '0000-00-00 00:00:00',
  `date_modified` datetime NOT NULL DEFAULT '0000-00-00 00:00:00',
  `is_deleted` tinyint(1) NOT NULL,
  PRIMARY KEY (`refcustomertype_id`) USING BTREE
) ENGINE=InnoDB DEFAULT CHARSET=latin1;
/*!40101 SET character_set_client = @saved_cs_client */;

--
-- Dumping data for table `refcustomertype`
--

LOCK TABLES `refcustomertype` WRITE;
/*!40000 ALTER TABLE `refcustomertype` DISABLE KEYS */;
/*!40000 ALTER TABLE `refcustomertype` ENABLE KEYS */;
UNLOCK TABLES;

--
-- Table structure for table `refmenu`
--

DROP TABLE IF EXISTS `refmenu`;
/*!40101 SET @saved_cs_client     = @@character_set_client */;
/*!40101 SET character_set_client = utf8 */;
CREATE TABLE `refmenu` (
  `menu_id` int(11) NOT NULL AUTO_INCREMENT,
  `menu_code` varchar(65) DEFAULT '',
  `menu_name` varchar(254) DEFAULT '',
  `menu_desc` varchar(500) DEFAULT '',
  `sort_key` int(11) DEFAULT '0',
  `created_by` int(11) DEFAULT '0',
  `created_datetime` datetime DEFAULT NULL,
  `modified_by` int(11) DEFAULT '0',
  `modified_datetime` datetime DEFAULT NULL,
  `deleted_by` int(11) DEFAULT '0',
  `deleted_datetime` datetime DEFAULT NULL,
  `is_deleted` tinyint(1) DEFAULT '0',
  PRIMARY KEY (`menu_id`) USING BTREE
) ENGINE=InnoDB AUTO_INCREMENT=56 DEFAULT CHARSET=latin1 ROW_FORMAT=DYNAMIC;
/*!40101 SET character_set_client = @saved_cs_client */;

--
-- Dumping data for table `refmenu`
--

LOCK TABLES `refmenu` WRITE;
/*!40000 ALTER TABLE `refmenu` DISABLE KEYS */;
INSERT INTO `refmenu` VALUES (1,'Wet Goods','Wet Goods','Wet Goods',0,0,NULL,0,NULL,0,NULL,0),(2,'Dry Goods','Dry Goods','Dry Goods',0,0,NULL,0,NULL,0,NULL,0),(3,'Vegetable','Vegetable','Vegetable',0,0,NULL,0,NULL,0,NULL,0),(4,'Bakeshop','Bakeshop','Bakeshop',0,0,NULL,0,NULL,0,NULL,1),(5,'Breakfast','Breakfast','Breakfast',0,0,NULL,0,NULL,0,NULL,0),(6,'Filipino Breakfast','Filipino Breakfast','Filipino Breakfast',1,0,NULL,0,NULL,0,NULL,0),(7,'Soup','Soup','Soup',2,0,NULL,0,NULL,0,NULL,0),(8,'Salads','Salads','Salads',3,0,NULL,0,NULL,0,NULL,0),(9,'Appetizer','Appetizer','Appetizer',4,0,NULL,0,NULL,0,NULL,0),(10,'Sandwich','Sandwich','Sandwich',5,0,NULL,0,NULL,0,NULL,0),(11,'Favourites','Favourites','Favourites',6,0,NULL,0,NULL,0,NULL,0),(12,'Seafood Lover','Seafood Lover','Seafood Lover',9,0,NULL,0,NULL,0,NULL,0),(13,'Filipino Food','Filipino Food','Filipino Food',10,0,NULL,0,NULL,0,NULL,0),(14,'Pasta','Pasta','Pasta',13,0,NULL,0,NULL,0,NULL,0),(15,'Pizza','Pizza','Pizza',14,0,NULL,0,NULL,0,NULL,0),(16,'VIP Appetizer','VIP Appetizer','VIP Appetizer',15,0,NULL,0,NULL,0,NULL,0),(17,'VIP Main','VIP Main','VIP Main',16,0,NULL,0,NULL,0,NULL,0),(18,'Grill','Grill','Grill',8,0,NULL,0,NULL,0,NULL,0),(19,'Cognac','Cognac','Cognac',0,0,NULL,0,NULL,0,NULL,0),(20,'Cognac (Shot)','Cognac (Shot)','Cognac (Shot)',28,0,NULL,0,NULL,0,NULL,0),(21,'Cognac (Bottle)','Cognac (Bottle)','Cognac (Bottle)',27,0,NULL,0,NULL,0,NULL,0),(22,'Whiskey (Bottle)','Whiskey (Bottle)','Whiskey (Bottle)',47,0,NULL,0,NULL,0,NULL,0),(23,'Vodka (Bottle)','Vodka (Bottle)','Vodka (Bottle)',45,0,NULL,0,NULL,0,NULL,0),(24,'Tequila (Bottle)','Tequila (Bottle)','Tequila (Bottle)',43,0,NULL,0,NULL,0,NULL,0),(25,'Rum (Bottle)','Rum (Bottle)','Rum (Bottle)',41,0,NULL,0,NULL,0,NULL,0),(26,'liqueurs (Bottle)','liqueurs (Bottle)','liqueurs (Bottle)',39,0,NULL,0,NULL,0,NULL,0),(27,'Local Beer (Bottle)','Local Beer (Bottle)','Local Beer (Bottle)',32,0,NULL,0,NULL,0,NULL,0),(28,'Imported Beer (Bottle)','Imported Beer (Bottle)','Imported Beer (Bottle)',33,0,NULL,0,NULL,0,NULL,0),(29,'Wine (Bottle)','Wine (Bottle)','Wine (Bottle)',36,0,NULL,0,NULL,0,NULL,0),(30,'Soda (Can)','Soda (Can)','Soda (Can)',18,0,NULL,0,NULL,0,NULL,0),(31,'Fresh Juices (Per Order)','Fresh Juices (Per Order)','Fresh Juices (Per Order)',20,0,NULL,0,NULL,0,NULL,0),(32,'Fruit Shake (Per Order)','Fruit Shake (Per Order)','Fruit Shake (Per Order)',21,0,NULL,0,NULL,0,NULL,0),(33,'Milk Shake (Per Ml)','Milk Shake (Per Ml)','Milk Shake (Per Ml)',22,0,NULL,0,NULL,0,NULL,0),(34,'Whiskey (Shot)','Whiskey (Shot)','Whiskey (Shot)',48,0,NULL,0,NULL,0,NULL,0),(35,'Vodka (Shot)','Vodka (Shot)','Vodka (Shot)',46,0,NULL,0,NULL,0,NULL,0),(36,'Tequila (Shot)','Tequila (Shot)','Tequila (Shot)',44,0,NULL,0,NULL,0,NULL,0),(37,'Rum (Shot)','Rum (Shot)','Rum (Shot)',42,0,NULL,0,NULL,0,NULL,0),(38,'Gin (Shot)','Gin (Shot)','Gin (Shot)',38,0,NULL,0,NULL,0,NULL,0),(39,'Mocktails (Glass)','Mocktails (Glass)','Mocktails (Glass)',23,0,NULL,0,NULL,0,NULL,0),(40,'Hot Shots (Shot)','Hot Shots (Shot)','Hot Shots (Shot)',29,0,NULL,0,NULL,0,NULL,0),(41,'Specialty Coffee and Tea ','Specialty Coffee and Tea ','Specialty Coffee and Tea ',26,0,NULL,0,NULL,0,NULL,0),(42,'Detox Drinks (Glass)','Detox Drinks (Glass)','Detox Drinks (Glass)',24,0,NULL,0,NULL,0,NULL,0),(43,'Liqueurs (Shot)','Liqueurs (Shot)','Liqueurs (Shot)',40,0,NULL,0,NULL,0,NULL,0),(44,'VIP Dessert','VIP Dessert','VIP Dessert',17,0,NULL,0,NULL,0,NULL,0),(45,'Cocktails','Cocktails','Cocktails',31,0,NULL,0,NULL,0,NULL,0),(46,'House Wine','House Wine','House Wine',35,0,NULL,0,NULL,0,NULL,0),(47,'House Wine (Bottle)','House Wine (Bottle)','House Wine (Bottle)',34,0,NULL,0,NULL,0,NULL,0),(48,'Water','Water','Water',49,0,NULL,0,NULL,0,NULL,0),(49,'Gin (Bottle)','Gin (Bottle)','Gin (Bottle)',37,0,NULL,0,NULL,0,NULL,0),(50,'Juices','Juices','Juices',19,0,NULL,0,NULL,0,NULL,0),(51,'Champagne','Champagne','Champagne',30,0,NULL,0,NULL,0,NULL,0),(52,'Coffee And Tea','Coffee And Tea','Coffee And Tea',25,0,NULL,0,NULL,0,NULL,0),(53,'Side Dishes','Side Dishes','Side Dishes',7,0,NULL,0,NULL,0,NULL,0),(54,'Dessert','Dessert','Dessert',11,0,NULL,0,NULL,0,NULL,0),(55,'Pool Game','Pool Game','Pool Game',50,0,NULL,0,NULL,0,NULL,0);
/*!40000 ALTER TABLE `refmenu` ENABLE KEYS */;
UNLOCK TABLES;

--
-- Table structure for table `refproduct`
--

DROP TABLE IF EXISTS `refproduct`;
/*!40101 SET @saved_cs_client     = @@character_set_client */;
/*!40101 SET character_set_client = utf8 */;
CREATE TABLE `refproduct` (
  `refproduct_id` int(10) NOT NULL AUTO_INCREMENT,
  `product_type` varchar(255) NOT NULL,
  `description` varchar(255) NOT NULL,
  `created_by_user_id` int(11) NOT NULL,
  `modified_by_user_id` int(10) NOT NULL,
  `date_created` datetime NOT NULL DEFAULT '0000-00-00 00:00:00',
  `date_modified` datetime NOT NULL DEFAULT '0000-00-00 00:00:00',
  `is_deleted` tinyint(1) NOT NULL,
  PRIMARY KEY (`refproduct_id`) USING BTREE
) ENGINE=InnoDB AUTO_INCREMENT=4 DEFAULT CHARSET=latin1;
/*!40101 SET character_set_client = @saved_cs_client */;

--
-- Dumping data for table `refproduct`
--

LOCK TABLES `refproduct` WRITE;
/*!40000 ALTER TABLE `refproduct` DISABLE KEYS */;
INSERT INTO `refproduct` VALUES (1,'Companion Animals','Common house pets',0,0,'2017-07-05 11:51:47','0000-00-00 00:00:00',0),(2,'Livestock Animals','Farm animals',0,0,'2017-07-05 11:51:47','0000-00-00 00:00:00',0),(3,'All Product type','',0,0,'2017-07-05 11:51:47','0000-00-00 00:00:00',0);
/*!40000 ALTER TABLE `refproduct` ENABLE KEYS */;
UNLOCK TABLES;

--
-- Table structure for table `rights_links`
--

DROP TABLE IF EXISTS `rights_links`;
/*!40101 SET @saved_cs_client     = @@character_set_client */;
/*!40101 SET character_set_client = utf8 */;
CREATE TABLE `rights_links` (
  `link_id` int(11) NOT NULL AUTO_INCREMENT,
  `parent_code` varchar(100) DEFAULT '',
  `link_code` varchar(20) DEFAULT NULL,
  `link_name` varchar(255) DEFAULT '',
  PRIMARY KEY (`link_id`) USING BTREE
) ENGINE=InnoDB AUTO_INCREMENT=94 DEFAULT CHARSET=latin1;
/*!40101 SET character_set_client = @saved_cs_client */;

--
-- Dumping data for table `rights_links`
--

LOCK TABLES `rights_links` WRITE;
/*!40000 ALTER TABLE `rights_links` DISABLE KEYS */;
INSERT INTO `rights_links` VALUES (1,'1','1-1','General Journal'),(2,'1','1-2','Cash Disbursement'),(3,'1','1-3','Purchase Journal'),(4,'1','1-4','Sales Journal'),(5,'1','1-5','Cash Receipt'),(6,'2','2-1','Purchase Order'),(7,'2','2-2','Purchase Invoice'),(8,'2','2-3','Record Payment'),(9,'15','15-2','Item Issuance'),(10,'15','15-3','Item Adjustment'),(11,'3','3-1','Sales Order'),(12,'3','3-2','Sales Invoice'),(13,'3','3-3','Record Payment'),(14,'4','4-2','Category Management'),(15,'4','4-3','Department Management'),(16,'4','4-4','Unit Management'),(17,'5','5-1','Product Management'),(18,'5','5-2','Supplier Management'),(19,'5','5-3','Customer Management'),(20,'6','6-1','Setup Tax'),(21,'6','6-2','Setup Chart of Accounts'),(22,'6','6-3','Account Integration'),(23,'6','6-4','Setup User Group'),(24,'6','6-5','Create User Account'),(25,'6','6-6','Setup Company Info'),(26,'7','7-1','Purchase Order for Approval'),(27,'9','9-1','Balance Sheet Report'),(28,'9','9-2','Income Statement'),(29,'4','4-1','Account Classification'),(30,'8','8-1','Sales Report'),(31,'15','15-4','Inventory Report'),(32,'5','5-4','Salesperson Management'),(33,'2','2-6','Item Adjustment (Out)'),(34,'8','8-3','Export Sales Summary'),(35,'9','9-3','Export Trial Balance'),(36,'6','6-7','Setup Check Layout'),(37,'9','9-4','AR Schedule'),(38,'9','9-6','Customer Subsidiary'),(39,'9','9-8','Account Subsidiary'),(40,'9','9-7','Supplier Subsidiary'),(41,'9','9-5','AP Schedule'),(42,'8','8-4','Purchase Invoice Report'),(43,'4','4-5','Locations Management'),(44,'10','10-1','Fixed Asset Management'),(45,'9','9-9','Annual Income Statement'),(46,'6','6-8','Recurring Template'),(47,'9','9-10','VAT Relief Report'),(48,'1','1-6','Petty Cash Journal'),(49,'9','9-13','Replenishment Report'),(50,'6','6-9','Backup Database'),(51,'9','9-14','Book of Accounts'),(52,'9','9-16','Comparative Income'),(53,'4','4-6','Bank Reference Management'),(54,'10','10-2','Depreciation Expense Report'),(55,'11','11-1','Bank Reconciliation'),(57,'12','12-1','Voucher Registry Report'),(58,'12','12-2','Check Registry Report'),(59,'12','12-3','Collection List Report'),(60,'12','12-4','Open Purchase Report'),(61,'12','12-5','Open Sales Report'),(62,'9','9-11','Schedule of Expense'),(63,'9','9-15','AR Reports'),(64,'9','9-12','Cost of Goods'),(65,'13','13-1','Service Invoice'),(66,'13','13-2','Service Journal'),(67,'13','13-3','Service Unit Management'),(68,'13','13-4','Service Management'),(69,'9','9-17','Aging of Receivables'),(70,'9','9-18','Aging of Payables'),(71,'9','9-19','Statement of Account'),(72,'6','6-10','Email Settings'),(73,'14','14-1','Treasury'),(74,'9','9-20','Replenishment Batch Report'),(75,'9','9-21','General Ledger'),(76,'6','6-11','Email Report'),(83,'12','12-6','Product List Detailed'),(84,'12','12-7','Pick-list (Reorder)'),(85,'2','2-8','Purchase History'),(86,'2','2-7','Purchase Monitoring'),(87,'6','6-12','Purchase Configuration'),(88,'9','9-22','Income Statement Per Field Report'),(89,'15','15-1','Product Management (Inventory Tab)'),(90,'3','3-4','Cash Invoice'),(91,'6','6-13','Audit Trail'),(92,'9','9-23','Vat Relief Version 2'),(93,'4','4-8','Document Type Management');
/*!40000 ALTER TABLE `rights_links` ENABLE KEYS */;
UNLOCK TABLES;

--
-- Table structure for table `sales_invoice`
--

DROP TABLE IF EXISTS `sales_invoice`;
/*!40101 SET @saved_cs_client     = @@character_set_client */;
/*!40101 SET character_set_client = utf8 */;
CREATE TABLE `sales_invoice` (
  `sales_invoice_id` bigint(20) NOT NULL AUTO_INCREMENT,
  `sales_inv_no` varchar(75) DEFAULT '',
  `sales_order_id` bigint(20) DEFAULT '0',
  `sales_order_no` varchar(75) DEFAULT '',
  `order_status_id` int(11) DEFAULT '1' COMMENT '1 is open 2 is closed 3 is partially, used in delivery_receipt',
  `department_id` int(11) DEFAULT '0',
  `issue_to_department` int(11) DEFAULT '0',
  `customer_id` int(11) DEFAULT '0',
  `journal_id` bigint(20) DEFAULT '0',
  `terms` int(11) DEFAULT '0',
  `remarks` varchar(755) DEFAULT '',
  `total_discount` decimal(20,4) DEFAULT '0.0000',
  `total_overall_discount` decimal(20,4) DEFAULT '0.0000',
  `total_overall_discount_amount` decimal(20,4) DEFAULT '0.0000',
  `total_after_discount` decimal(20,4) DEFAULT '0.0000',
  `total_before_tax` decimal(20,4) DEFAULT '0.0000',
  `total_tax_amount` decimal(20,4) DEFAULT '0.0000',
  `total_after_tax` decimal(20,4) DEFAULT '0.0000',
  `date_due` date DEFAULT '0000-00-00',
  `date_invoice` date DEFAULT '0000-00-00',
  `date_created` datetime DEFAULT '0000-00-00 00:00:00',
  `date_deleted` datetime DEFAULT '0000-00-00 00:00:00',
  `date_modified` timestamp NULL DEFAULT '0000-00-00 00:00:00' ON UPDATE CURRENT_TIMESTAMP,
  `posted_by_user` int(11) DEFAULT '0',
  `deleted_by_user` int(11) DEFAULT '0',
  `modified_by_user` int(11) DEFAULT '0',
  `is_paid` bit(1) DEFAULT b'0',
  `is_active` bit(1) DEFAULT b'1',
  `is_deleted` bit(1) DEFAULT b'0',
  `is_journal_posted` bit(1) DEFAULT b'0',
  `ref_product_type_id` int(11) DEFAULT '0',
  `inv_type` int(11) DEFAULT '1',
  `salesperson_id` int(11) DEFAULT '0',
  `address` varchar(150) DEFAULT '',
  `contact_person` varchar(175) DEFAULT NULL,
  PRIMARY KEY (`sales_invoice_id`) USING BTREE,
  UNIQUE KEY `sales_inv_no` (`sales_inv_no`) USING BTREE
) ENGINE=InnoDB AUTO_INCREMENT=8 DEFAULT CHARSET=latin1;
/*!40101 SET character_set_client = @saved_cs_client */;

--
-- Dumping data for table `sales_invoice`
--

LOCK TABLES `sales_invoice` WRITE;
/*!40000 ALTER TABLE `sales_invoice` DISABLE KEYS */;
INSERT INTO `sales_invoice` VALUES (1,'SAL-INV-20180502-1',1,'',1,1,NULL,2,0,0,'',0.0000,0.0000,0.0000,3401488.8000,3037043.5700,364445.2300,3401488.8000,'2018-05-02','2018-05-02','2018-05-02 17:20:42','2018-05-02 17:21:08','2018-05-02 09:21:08',1,1,0,'\0','','','\0',0,1,NULL,'','1'),(2,'SAL-INV-20180502-2',1,'',1,1,NULL,2,0,0,'',0.0000,0.0000,0.0000,1343400.0000,1199464.2900,143935.7100,1343400.0000,'2018-05-02','2018-05-02','2018-05-02 17:21:19','2018-05-02 17:21:28','2018-05-02 09:21:28',1,1,0,'\0','','','\0',0,1,NULL,'','1'),(3,'SAL-INV-20180503-3',2,'',1,1,NULL,1,0,0,'',0.0000,0.0000,0.0000,9.9000,8.8400,1.0600,9.9000,'2018-05-03','2018-05-03','2018-05-03 09:31:18','0000-00-00 00:00:00','2018-05-03 01:31:18',1,0,0,'\0','','\0','\0',0,1,NULL,'','1'),(4,'SAL-INV-20180625-4',0,'',1,2,NULL,2,0,0,'',0.0000,0.0000,0.0000,27.5988,24.6417,2.9570,27.5988,'2018-06-25','2018-06-25','2018-06-25 15:19:24','0000-00-00 00:00:00','2018-06-25 07:22:43',1,0,1,'\0','','\0','\0',0,1,NULL,'N/A','N/A'),(5,'SAL-INV-20180718-5',0,'',1,1,NULL,1,46,0,'',25.0000,0.0000,0.0000,2225.0000,2008.9286,241.0714,2225.0000,'2018-07-18','2018-07-18','2018-07-18 09:36:28','0000-00-00 00:00:00','2018-11-21 05:58:18',1,0,1,'\0','','\0','',0,1,NULL,'Various Customers','Various Customers'),(6,'SAL-INV-20180718-6',0,'',1,1,NULL,1,23,0,'',0.0000,0.0000,0.0000,370.0000,343.2143,26.7857,370.0000,'2018-07-18','2018-07-18','2018-07-18 09:36:29','0000-00-00 00:00:00','2018-07-18 01:36:41',1,0,0,'\0','','\0','',0,1,NULL,'Various Customers','Various Customers'),(7,'SAL-INV-20180824-7',5,'',1,3,NULL,1,0,0,'',0.0000,0.0000,0.0000,0.0000,0.0000,0.0000,0.0000,'2018-08-24','2018-08-24','2018-08-24 09:04:31','0000-00-00 00:00:00','2018-08-24 01:04:31',1,0,0,'\0','','\0','\0',0,1,NULL,'N/A','N/A');
/*!40000 ALTER TABLE `sales_invoice` ENABLE KEYS */;
UNLOCK TABLES;

--
-- Table structure for table `sales_invoice_items`
--

DROP TABLE IF EXISTS `sales_invoice_items`;
/*!40101 SET @saved_cs_client     = @@character_set_client */;
/*!40101 SET character_set_client = utf8 */;
CREATE TABLE `sales_invoice_items` (
  `sales_item_id` bigint(20) NOT NULL AUTO_INCREMENT,
  `sales_invoice_id` bigint(20) DEFAULT '0',
  `product_id` int(11) DEFAULT '0',
  `is_parent` tinyint(1) DEFAULT '1',
  `unit_id` int(11) DEFAULT '0',
  `inv_price` decimal(20,4) DEFAULT '0.0000',
  `orig_so_price` decimal(20,4) DEFAULT '0.0000',
  `inv_discount` decimal(20,4) DEFAULT '0.0000',
  `inv_line_total_discount` decimal(20,4) DEFAULT '0.0000',
  `inv_tax_rate` decimal(20,4) DEFAULT '0.0000',
  `cost_upon_invoice` decimal(20,4) DEFAULT '0.0000',
  `inv_qty` decimal(20,4) DEFAULT '0.0000',
  `inv_gross` decimal(20,4) DEFAULT '0.0000',
  `inv_line_total_price` decimal(20,4) DEFAULT '0.0000',
  `inv_tax_amount` decimal(20,4) DEFAULT '0.0000',
  `inv_non_tax_amount` decimal(20,4) DEFAULT '0.0000',
  `inv_line_total_after_global` decimal(20,4) DEFAULT '0.0000',
  `inv_notes` varchar(100) DEFAULT NULL,
  `dr_invoice_id` int(11) DEFAULT NULL,
  `exp_date` date DEFAULT '0000-00-00',
  `batch_no` varchar(55) DEFAULT '',
  PRIMARY KEY (`sales_item_id`) USING BTREE
) ENGINE=InnoDB AUTO_INCREMENT=15 DEFAULT CHARSET=latin1;
/*!40101 SET character_set_client = @saved_cs_client */;

--
-- Dumping data for table `sales_invoice_items`
--

LOCK TABLES `sales_invoice_items` WRITE;
/*!40000 ALTER TABLE `sales_invoice_items` DISABLE KEYS */;
INSERT INTO `sales_invoice_items` VALUES (1,1,72,1,3,134340.0000,0.0000,0.0000,0.0000,12.0000,0.0000,25.3200,3401488.8000,3401488.8000,364445.2286,3037043.5714,3401488.8000,NULL,NULL,'0000-00-00',''),(2,2,72,1,3,134340.0000,0.0000,0.0000,0.0000,12.0000,0.0000,10.0000,1343400.0000,1343400.0000,143935.7143,1199464.2857,1343400.0000,NULL,NULL,'0000-00-00',''),(3,3,72,1,3,10.0000,0.0000,0.0000,0.0000,12.0000,0.0000,0.9900,9.9000,9.9000,1.0600,8.8400,9.9000,NULL,NULL,'0000-00-00',''),(5,4,72,1,3,12.2525,0.0000,0.0000,0.0000,12.0000,0.0000,2.2500,27.5988,27.5988,2.9570,24.6417,27.5988,NULL,NULL,'0000-00-00',''),(8,6,72,1,3,250.0000,0.0000,0.0000,0.0000,12.0000,0.0000,1.0000,250.0000,250.0000,26.7857,223.2143,250.0000,NULL,NULL,'0000-00-00',''),(9,6,513,1,1,120.0000,0.0000,0.0000,0.0000,0.0000,0.0000,1.0000,120.0000,120.0000,0.0000,120.0000,120.0000,NULL,NULL,'0000-00-00',''),(10,7,72,1,3,0.0000,0.0000,0.0000,0.0000,12.0000,0.0000,17525.0000,0.0000,0.0000,0.0000,0.0000,0.0000,NULL,NULL,'0000-00-00',''),(13,5,72,1,3,250.0000,0.0000,10.0000,25.0000,12.0000,0.0000,1.0000,250.0000,225.0000,26.7857,223.2143,225.0000,NULL,NULL,'0000-00-00',''),(14,5,427,1,4,2000.0000,0.0000,0.0000,0.0000,12.0000,0.0000,1.0000,2000.0000,2000.0000,214.2857,1785.7143,2000.0000,NULL,NULL,'0000-00-00','');
/*!40000 ALTER TABLE `sales_invoice_items` ENABLE KEYS */;
UNLOCK TABLES;

--
-- Table structure for table `sales_order`
--

DROP TABLE IF EXISTS `sales_order`;
/*!40101 SET @saved_cs_client     = @@character_set_client */;
/*!40101 SET character_set_client = utf8 */;
CREATE TABLE `sales_order` (
  `sales_order_id` bigint(20) NOT NULL AUTO_INCREMENT,
  `so_no` varchar(75) DEFAULT '',
  `customer_id` bigint(20) DEFAULT '0',
  `department_id` int(11) DEFAULT '0',
  `remarks` varchar(755) DEFAULT '',
  `total_discount` decimal(20,4) DEFAULT '0.0000',
  `total_overall_discount` decimal(20,4) DEFAULT '0.0000',
  `total_overall_discount_amount` decimal(20,4) DEFAULT '0.0000',
  `total_before_tax` decimal(20,4) DEFAULT '0.0000',
  `total_after_tax` decimal(20,4) DEFAULT '0.0000',
  `total_after_discount` decimal(20,4) DEFAULT '0.0000',
  `total_tax_amount` decimal(20,4) DEFAULT '0.0000',
  `order_status_id` int(11) DEFAULT '1',
  `date_order` date DEFAULT '0000-00-00',
  `date_created` datetime DEFAULT '0000-00-00 00:00:00',
  `date_deleted` datetime DEFAULT NULL,
  `date_modified` datetime DEFAULT '0000-00-00 00:00:00',
  `posted_by_user` int(11) DEFAULT '0',
  `modified_by_user` int(11) DEFAULT '0',
  `deleted_by_user` int(11) DEFAULT '0',
  `is_active` bit(1) DEFAULT b'1',
  `is_deleted` bit(1) DEFAULT b'0',
  `salesperson_id` int(11) DEFAULT '0',
  PRIMARY KEY (`sales_order_id`) USING BTREE
) ENGINE=InnoDB AUTO_INCREMENT=6 DEFAULT CHARSET=latin1;
/*!40101 SET character_set_client = @saved_cs_client */;

--
-- Dumping data for table `sales_order`
--

LOCK TABLES `sales_order` WRITE;
/*!40000 ALTER TABLE `sales_order` DISABLE KEYS */;
INSERT INTO `sales_order` VALUES (1,'SO-20180502-1',2,1,'',0.0000,0.0000,0.0000,4265295.0000,4777130.4000,4777130.4000,511835.4000,1,'2018-05-02','2018-05-02 17:20:25',NULL,'0000-00-00 00:00:00',1,0,0,'','\0',NULL),(2,'SO-20180503-2',1,1,'',0.0000,0.0000,0.0000,11.1600,12.5000,12.5000,1.3400,2,'2018-05-03','2018-05-03 09:30:47',NULL,'0000-00-00 00:00:00',1,0,0,'','\0',NULL),(3,'SO-20180625-3',1,2,'',0.0000,0.0000,0.0000,0.0000,0.0000,0.0000,0.0000,1,'2018-06-25','2018-06-25 15:16:15',NULL,'0000-00-00 00:00:00',1,0,0,'','\0',NULL),(4,'SO-20180625-4',1,4,'',0.0000,0.0000,0.0000,2438.5300,2731.1600,2731.1558,292.6200,1,'2018-06-25','2018-06-25 15:17:04',NULL,'0000-00-00 00:00:00',1,0,0,'','\0',NULL),(5,'SO-20180824-5',1,3,'',0.0000,0.0000,0.0000,0.0000,0.0000,0.0000,0.0000,2,'2018-08-24','2018-08-24 09:04:13',NULL,'0000-00-00 00:00:00',1,0,0,'','\0',NULL);
/*!40000 ALTER TABLE `sales_order` ENABLE KEYS */;
UNLOCK TABLES;

--
-- Table structure for table `sales_order_items`
--

DROP TABLE IF EXISTS `sales_order_items`;
/*!40101 SET @saved_cs_client     = @@character_set_client */;
/*!40101 SET character_set_client = utf8 */;
CREATE TABLE `sales_order_items` (
  `sales_order_item_id` bigint(20) NOT NULL AUTO_INCREMENT,
  `sales_order_id` bigint(20) DEFAULT NULL,
  `product_id` int(11) DEFAULT '0',
  `is_parent` tinyint(1) DEFAULT '1',
  `unit_id` int(11) DEFAULT NULL,
  `so_qty` decimal(20,4) DEFAULT '0.0000',
  `so_price` decimal(20,4) DEFAULT '0.0000',
  `so_discount` decimal(20,4) DEFAULT '0.0000',
  `so_gross` decimal(20,4) DEFAULT '0.0000',
  `so_line_total_discount` decimal(20,4) DEFAULT '0.0000',
  `so_tax_rate` decimal(20,4) DEFAULT '0.0000',
  `so_line_total_price` decimal(20,4) DEFAULT '0.0000',
  `so_tax_amount` decimal(20,4) DEFAULT '0.0000',
  `so_non_tax_amount` decimal(20,4) DEFAULT '0.0000',
  `exp_date` date DEFAULT '0000-00-00',
  `dr_invoice_id` int(11) DEFAULT NULL,
  `batch_no` varchar(55) DEFAULT '',
  PRIMARY KEY (`sales_order_item_id`) USING BTREE
) ENGINE=InnoDB AUTO_INCREMENT=6 DEFAULT CHARSET=latin1;
/*!40101 SET character_set_client = @saved_cs_client */;

--
-- Dumping data for table `sales_order_items`
--

LOCK TABLES `sales_order_items` WRITE;
/*!40000 ALTER TABLE `sales_order_items` DISABLE KEYS */;
INSERT INTO `sales_order_items` VALUES (1,1,72,1,3,35.5600,134340.0000,0.0000,4777130.4000,0.0000,12.0000,4777130.4000,511835.4000,4265295.0000,'1970-01-01',NULL,NULL),(2,2,72,1,3,1.2500,10.0000,0.0000,12.5000,0.0000,12.0000,12.5000,1.3393,11.1607,'1970-01-01',NULL,NULL),(3,3,72,1,3,1.0000,0.0000,0.0000,0.0000,0.0000,12.0000,0.0000,0.0000,0.0000,'1970-01-01',NULL,NULL),(4,4,426,1,1,2.2500,1212.1231,0.0000,2731.1558,0.0000,12.0000,2731.1558,292.6238,2438.5319,'1970-01-01',NULL,NULL),(5,5,72,1,3,150000.0000,0.0000,0.0000,0.0000,0.0000,12.0000,0.0000,0.0000,0.0000,'1970-01-01',NULL,NULL);
/*!40000 ALTER TABLE `sales_order_items` ENABLE KEYS */;
UNLOCK TABLES;

--
-- Table structure for table `salesperson`
--

DROP TABLE IF EXISTS `salesperson`;
/*!40101 SET @saved_cs_client     = @@character_set_client */;
/*!40101 SET character_set_client = utf8 */;
CREATE TABLE `salesperson` (
  `salesperson_id` int(11) NOT NULL AUTO_INCREMENT,
  `salesperson_code` varchar(55) DEFAULT NULL,
  `firstname` varchar(50) DEFAULT NULL,
  `middlename` varchar(50) DEFAULT NULL,
  `lastname` varchar(50) DEFAULT NULL,
  `acr_name` varchar(10) DEFAULT NULL,
  `contact_no` varchar(100) NOT NULL,
  `department_id` int(2) NOT NULL,
  `tin_no` varchar(100) NOT NULL,
  `is_active` bit(1) DEFAULT b'1',
  `is_deleted` bit(1) DEFAULT b'0',
  `date_created` datetime DEFAULT '0000-00-00 00:00:00',
  `date_modified` timestamp NULL DEFAULT '0000-00-00 00:00:00',
  `posted_by_user` int(11) DEFAULT '0',
  PRIMARY KEY (`salesperson_id`) USING BTREE
) ENGINE=InnoDB DEFAULT CHARSET=latin1;
/*!40101 SET character_set_client = @saved_cs_client */;

--
-- Dumping data for table `salesperson`
--

LOCK TABLES `salesperson` WRITE;
/*!40000 ALTER TABLE `salesperson` DISABLE KEYS */;
/*!40000 ALTER TABLE `salesperson` ENABLE KEYS */;
UNLOCK TABLES;

--
-- Table structure for table `sched_expense_integration`
--

DROP TABLE IF EXISTS `sched_expense_integration`;
/*!40101 SET @saved_cs_client     = @@character_set_client */;
/*!40101 SET character_set_client = utf8 */;
CREATE TABLE `sched_expense_integration` (
  `sched_expense_id` bigint(20) NOT NULL AUTO_INCREMENT,
  `account_id` bigint(20) DEFAULT '0',
  `group_id` int(11) DEFAULT '0',
  PRIMARY KEY (`sched_expense_id`) USING BTREE,
  UNIQUE KEY `account_id` (`account_id`) USING BTREE
) ENGINE=InnoDB DEFAULT CHARSET=latin1;
/*!40101 SET character_set_client = @saved_cs_client */;

--
-- Dumping data for table `sched_expense_integration`
--

LOCK TABLES `sched_expense_integration` WRITE;
/*!40000 ALTER TABLE `sched_expense_integration` DISABLE KEYS */;
/*!40000 ALTER TABLE `sched_expense_integration` ENABLE KEYS */;
UNLOCK TABLES;

--
-- Table structure for table `service_invoice`
--

DROP TABLE IF EXISTS `service_invoice`;
/*!40101 SET @saved_cs_client     = @@character_set_client */;
/*!40101 SET character_set_client = utf8 */;
CREATE TABLE `service_invoice` (
  `service_invoice_id` bigint(20) NOT NULL AUTO_INCREMENT,
  `service_invoice_no` varchar(75) DEFAULT NULL,
  `department_id` int(11) DEFAULT '0',
  `customer_id` int(11) DEFAULT '0',
  `salesperson_id` int(11) DEFAULT '0',
  `address` varchar(150) DEFAULT NULL,
  `total_amount` decimal(25,2) DEFAULT '0.00',
  `total_overall_discount` decimal(20,4) DEFAULT '0.0000',
  `total_overall_discount_amount` decimal(20,4) DEFAULT '0.0000',
  `total_amount_after_discount` decimal(20,4) DEFAULT '0.0000',
  `date_invoice` date DEFAULT '0000-00-00',
  `date_due` date DEFAULT '0000-00-00',
  `date_created` datetime DEFAULT '0000-00-00 00:00:00',
  `date_modified` datetime DEFAULT '0000-00-00 00:00:00',
  `date_deleted` datetime DEFAULT '0000-00-00 00:00:00',
  `posted_by_user` int(11) DEFAULT '0',
  `deleted_by_user` int(11) DEFAULT '0',
  `modified_by_user` int(11) DEFAULT '0',
  `is_active` bit(1) DEFAULT b'1',
  `is_deleted` bit(1) DEFAULT b'0',
  `remarks` text,
  `is_journal_posted` bit(1) DEFAULT b'0',
  `journal_id` bigint(20) DEFAULT '0',
  `contact_person` varchar(175) DEFAULT NULL,
  PRIMARY KEY (`service_invoice_id`)
) ENGINE=InnoDB DEFAULT CHARSET=latin1;
/*!40101 SET character_set_client = @saved_cs_client */;

--
-- Dumping data for table `service_invoice`
--

LOCK TABLES `service_invoice` WRITE;
/*!40000 ALTER TABLE `service_invoice` DISABLE KEYS */;
/*!40000 ALTER TABLE `service_invoice` ENABLE KEYS */;
UNLOCK TABLES;

--
-- Table structure for table `service_invoice_items`
--

DROP TABLE IF EXISTS `service_invoice_items`;
/*!40101 SET @saved_cs_client     = @@character_set_client */;
/*!40101 SET character_set_client = utf8 */;
CREATE TABLE `service_invoice_items` (
  `service_item_id` bigint(25) NOT NULL AUTO_INCREMENT,
  `service_invoice_id` bigint(25) DEFAULT '0',
  `service_id` int(11) DEFAULT '0',
  `service_unit` int(11) DEFAULT '0',
  `service_price` decimal(25,2) DEFAULT '0.00',
  `service_qty` decimal(11,2) DEFAULT '0.00',
  `service_line_total` decimal(25,2) DEFAULT '0.00',
  `service_line_total_after_global` decimal(25,4) DEFAULT '0.0000',
  PRIMARY KEY (`service_item_id`)
) ENGINE=InnoDB DEFAULT CHARSET=latin1;
/*!40101 SET character_set_client = @saved_cs_client */;

--
-- Dumping data for table `service_invoice_items`
--

LOCK TABLES `service_invoice_items` WRITE;
/*!40000 ALTER TABLE `service_invoice_items` DISABLE KEYS */;
/*!40000 ALTER TABLE `service_invoice_items` ENABLE KEYS */;
UNLOCK TABLES;

--
-- Table structure for table `service_unit`
--

DROP TABLE IF EXISTS `service_unit`;
/*!40101 SET @saved_cs_client     = @@character_set_client */;
/*!40101 SET character_set_client = utf8 */;
CREATE TABLE `service_unit` (
  `service_unit_id` int(11) NOT NULL AUTO_INCREMENT,
  `service_unit_name` varchar(255) DEFAULT NULL,
  `service_unit_desc` varchar(255) DEFAULT NULL,
  `is_deleted` bit(1) NOT NULL DEFAULT b'0',
  `is_active` bit(1) NOT NULL DEFAULT b'1',
  PRIMARY KEY (`service_unit_id`)
) ENGINE=InnoDB DEFAULT CHARSET=latin1;
/*!40101 SET character_set_client = @saved_cs_client */;

--
-- Dumping data for table `service_unit`
--

LOCK TABLES `service_unit` WRITE;
/*!40000 ALTER TABLE `service_unit` DISABLE KEYS */;
/*!40000 ALTER TABLE `service_unit` ENABLE KEYS */;
UNLOCK TABLES;

--
-- Table structure for table `services`
--

DROP TABLE IF EXISTS `services`;
/*!40101 SET @saved_cs_client     = @@character_set_client */;
/*!40101 SET character_set_client = utf8 */;
CREATE TABLE `services` (
  `service_id` bigint(20) NOT NULL AUTO_INCREMENT,
  `service_code` varchar(255) DEFAULT NULL,
  `service_desc` varchar(255) DEFAULT NULL,
  `service_unit` varchar(255) DEFAULT NULL,
  `income_account_id` bigint(20) DEFAULT '0',
  `expense_account_id` bigint(20) DEFAULT '0',
  `service_amount` decimal(25,2) DEFAULT '0.00',
  `is_active` bit(1) DEFAULT b'1',
  `is_deleted` bit(1) DEFAULT b'0',
  `created_by_user` int(11) DEFAULT '0',
  `deleted_by_user` int(11) DEFAULT '0',
  `modified_by_user` int(11) DEFAULT '0',
  PRIMARY KEY (`service_id`)
) ENGINE=InnoDB DEFAULT CHARSET=latin1;
/*!40101 SET character_set_client = @saved_cs_client */;

--
-- Dumping data for table `services`
--

LOCK TABLES `services` WRITE;
/*!40000 ALTER TABLE `services` DISABLE KEYS */;
/*!40000 ALTER TABLE `services` ENABLE KEYS */;
UNLOCK TABLES;

--
-- Table structure for table `soa_settings`
--

DROP TABLE IF EXISTS `soa_settings`;
/*!40101 SET @saved_cs_client     = @@character_set_client */;
/*!40101 SET character_set_client = utf8 */;
CREATE TABLE `soa_settings` (
  `soa_settings_id` bigint(20) NOT NULL AUTO_INCREMENT,
  `soa_account_id` bigint(20) DEFAULT NULL,
  PRIMARY KEY (`soa_settings_id`)
) ENGINE=InnoDB AUTO_INCREMENT=6 DEFAULT CHARSET=latin1;
/*!40101 SET character_set_client = @saved_cs_client */;

--
-- Dumping data for table `soa_settings`
--

LOCK TABLES `soa_settings` WRITE;
/*!40000 ALTER TABLE `soa_settings` DISABLE KEYS */;
INSERT INTO `soa_settings` VALUES (1,15),(2,16),(3,17),(4,18),(5,19);
/*!40000 ALTER TABLE `soa_settings` ENABLE KEYS */;
UNLOCK TABLES;

--
-- Table structure for table `supplier_photos`
--

DROP TABLE IF EXISTS `supplier_photos`;
/*!40101 SET @saved_cs_client     = @@character_set_client */;
/*!40101 SET character_set_client = utf8 */;
CREATE TABLE `supplier_photos` (
  `photo_id` int(11) NOT NULL AUTO_INCREMENT,
  `supplier_id` int(11) DEFAULT '0',
  `photo_path` varchar(255) DEFAULT NULL,
  PRIMARY KEY (`photo_id`) USING BTREE
) ENGINE=InnoDB DEFAULT CHARSET=latin1;
/*!40101 SET character_set_client = @saved_cs_client */;

--
-- Dumping data for table `supplier_photos`
--

LOCK TABLES `supplier_photos` WRITE;
/*!40000 ALTER TABLE `supplier_photos` DISABLE KEYS */;
/*!40000 ALTER TABLE `supplier_photos` ENABLE KEYS */;
UNLOCK TABLES;

--
-- Table structure for table `suppliers`
--

DROP TABLE IF EXISTS `suppliers`;
/*!40101 SET @saved_cs_client     = @@character_set_client */;
/*!40101 SET character_set_client = utf8 */;
CREATE TABLE `suppliers` (
  `supplier_id` bigint(20) NOT NULL AUTO_INCREMENT,
  `supplier_code` varchar(125) DEFAULT '',
  `supplier_name` varchar(255) DEFAULT '',
  `contact_name` varchar(255) DEFAULT '',
  `contact_person` varchar(155) DEFAULT '',
  `address` varchar(255) DEFAULT '',
  `email_address` varchar(255) DEFAULT '',
  `contact_no` varchar(255) DEFAULT '',
  `tin_no` varchar(255) DEFAULT '',
  `term` varchar(255) DEFAULT '',
  `tax_type_id` int(11) DEFAULT '1',
  `photo_path` varchar(500) DEFAULT '',
  `total_payable_amount` decimal(19,2) DEFAULT '0.00',
  `posted_by_user` int(11) DEFAULT '0',
  `date_created` datetime DEFAULT '0000-00-00 00:00:00',
  `date_modified` datetime DEFAULT '0000-00-00 00:00:00',
  `credit_limit` varchar(255) DEFAULT NULL,
  `is_deleted` bit(1) DEFAULT b'0',
  `is_active` bit(1) DEFAULT b'1',
  `deleted_by_user` int(11) DEFAULT '0',
  `date_deleted` datetime DEFAULT '0000-00-00 00:00:00',
  `tax_output` decimal(20,2) DEFAULT '0.00',
  PRIMARY KEY (`supplier_id`) USING BTREE
) ENGINE=InnoDB AUTO_INCREMENT=48 DEFAULT CHARSET=latin1;
/*!40101 SET character_set_client = @saved_cs_client */;

--
-- Dumping data for table `suppliers`
--

LOCK TABLES `suppliers` WRITE;
/*!40000 ALTER TABLE `suppliers` DISABLE KEYS */;
INSERT INTO `suppliers` VALUES (1,'N/A','N/A','','','','','','','',1,'',4072.81,0,'0000-00-00 00:00:00','0000-00-00 00:00:00',NULL,'\0','',0,'0000-00-00 00:00:00',0.00),(2,'','Dakis','Dakis','','Dakis','','','','',2,'assets/img/anonymous-icon.png',153036.48,1,'2018-01-11 15:40:58','0000-00-00 00:00:00',NULL,'\0','',0,'0000-00-00 00:00:00',0.00),(3,'',' Fine Cut ',' Fine Cut ','',' Fine Cut ','','','','',2,'assets/img/anonymous-icon.png',3658107.90,1,'2018-01-11 15:42:04','0000-00-00 00:00:00',NULL,'\0','',0,'0000-00-00 00:00:00',0.00),(4,'',' Hjr Marketing ',' Hjr Marketing ','',' Hjr Marketing ','','','','',2,'assets/img/anonymous-icon.png',165.00,1,'2018-01-11 15:42:21','0000-00-00 00:00:00',NULL,'\0','',0,'0000-00-00 00:00:00',0.00),(5,'',' Home Base ',' Home Base ','',' Home Base ','','','','',2,'assets/img/anonymous-icon.png',165.00,1,'2018-01-11 15:42:39','0000-00-00 00:00:00',NULL,'\0','',0,'0000-00-00 00:00:00',0.00),(6,'','J3a Corporation','J3a Corporation','','J3a Corporation\r\n','','','','',2,'assets/img/anonymous-icon.png',0.00,1,'2018-01-11 15:42:51','0000-00-00 00:00:00',NULL,'\0','',0,'0000-00-00 00:00:00',0.00),(7,'',' Jc Fresh coh ',' Jc Fresh coh ','',' Jc Fresh coh ','','','','',2,'assets/img/anonymous-icon.png',0.00,1,'2018-01-11 15:43:19','0000-00-00 00:00:00',NULL,'\0','',0,'0000-00-00 00:00:00',0.00),(8,'',' Johnnys Supermarket ',' Johnnys Supermarket ','',' Johnnys Supermarket ','','','','',2,'assets/img/anonymous-icon.png',0.00,1,'2018-01-11 15:43:51','0000-00-00 00:00:00',NULL,'\0','',0,'0000-00-00 00:00:00',0.00),(9,'',' S&R Shopping ',' S&R Shopping ','',' S&R Shopping ','','','','',2,'assets/img/anonymous-icon.png',0.00,1,'2018-01-11 15:44:10','0000-00-00 00:00:00',NULL,'\0','',0,'0000-00-00 00:00:00',0.00),(10,'',' Wendenberg ',' Wendenberg ','',' Wendenberg ','','','','',2,'assets/img/anonymous-icon.png',0.00,1,'2018-01-11 15:44:27','0000-00-00 00:00:00',NULL,'\0','',0,'0000-00-00 00:00:00',0.00),(11,'','Crystal City ','Crystal City ','','Crystal City \r\n','','','','',2,'assets/img/anonymous-icon.png',0.00,1,'2018-01-11 15:44:41','0000-00-00 00:00:00',NULL,'\0','',0,'0000-00-00 00:00:00',0.00),(12,'','Dyndos Store A','Dyndos Store A','','Dyndos Store A','','','','',2,'assets/img/anonymous-icon.png',4452.00,1,'2018-01-11 15:45:00','0000-00-00 00:00:00',NULL,'\0','',0,'0000-00-00 00:00:00',0.00),(13,'','Noel Dayao','Noel Dayao','','Noel Dayao','','','','',2,'assets/img/anonymous-icon.png',0.00,1,'2018-01-11 15:45:21','0000-00-00 00:00:00',NULL,'\0','',0,'0000-00-00 00:00:00',0.00),(14,'','Pampang Market','Pampang Market','','Pampang Market','','','','',2,'assets/img/anonymous-icon.png',0.00,1,'2018-01-11 15:45:41','0000-00-00 00:00:00',NULL,'\0','',0,'0000-00-00 00:00:00',0.00),(15,'','Quantom','Quantom','','Quantom\r\n','','','','',2,'assets/img/anonymous-icon.png',0.00,1,'2018-01-11 15:45:59','0000-00-00 00:00:00',NULL,'\0','',0,'0000-00-00 00:00:00',0.00),(16,'','Home Made','Home Made','','Home Made','','','','',0,'assets/img/anonymous-icon.png',0.00,2,'2018-01-11 16:09:51','0000-00-00 00:00:00',NULL,'\0','',0,'0000-00-00 00:00:00',0.00),(17,'','Orchid\'s','Orchid\'s','','Sto. Rosario St. Angeles City','','','','',2,'assets/img/anonymous-icon.png',0.00,5,'2018-01-31 10:21:59','0000-00-00 00:00:00',NULL,'\0','',0,'0000-00-00 00:00:00',0.00),(18,'','Dyndos Store','Dyndos Store','','angeles city','','','','',2,'assets/img/anonymous-icon.png',0.00,1,'2018-02-07 14:37:36','0000-00-00 00:00:00',NULL,'\0','',0,'0000-00-00 00:00:00',0.00),(19,'','Sm','1111','','111','111',NULL,'009-254-152','',2,'assets/img/anonymous-icon.png',0.00,3,'2018-02-07 17:01:22','0000-00-00 00:00:00',NULL,'\0','',0,'0000-00-00 00:00:00',0.00),(20,'','Unitetris Corp.','Perry Ocampo','','25-21 A bitonia street diamond subdivision balibago angeles city Pampanga','perryari tonioocampo@yahoo.com','09998879371','','',2,'assets/img/anonymous-icon.png',0.00,6,'2018-02-08 08:01:51','0000-00-00 00:00:00',NULL,'\0','',0,'0000-00-00 00:00:00',0.00),(21,'','Red Square','Unknown','','Unknown','','','','',2,'assets/img/anonymous-icon.png',0.00,6,'2018-02-08 10:47:02','0000-00-00 00:00:00',NULL,'\0','',0,'0000-00-00 00:00:00',0.00),(22,'','ALE Mart','Unknown','','Unknown','','','','',0,'assets/img/anonymous-icon.png',0.00,6,'2018-02-08 11:25:44','0000-00-00 00:00:00',NULL,'\0','',0,'0000-00-00 00:00:00',0.00),(23,'','Booze on line Inc','Unknown','','Unknown','','','','',0,'assets/img/anonymous-icon.png',0.00,6,'2018-02-08 12:00:51','0000-00-00 00:00:00',NULL,'\0','',0,'0000-00-00 00:00:00',0.00),(24,'','Nashua Imported Liquior','Unknown','','Unknown','','','','',0,'assets/img/anonymous-icon.png',0.00,6,'2018-02-08 12:19:52','0000-00-00 00:00:00',NULL,'\0','',0,'0000-00-00 00:00:00',0.00),(25,'','Don Revy Phils','Unknown','','Unknown','','','','',0,'assets/img/anonymous-icon.png',0.00,6,'2018-02-08 14:05:45','0000-00-00 00:00:00',NULL,'\0','',0,'0000-00-00 00:00:00',0.00),(26,'','PWM','Casey Serranno','','Angeles city','','','','',0,'assets/img/anonymous-icon.png',0.00,6,'2018-02-08 14:10:08','0000-00-00 00:00:00',NULL,'\0','',0,'0000-00-00 00:00:00',0.00),(27,'','Zen Asia Inc','Unknown','','Makati','','','','',0,'assets/img/anonymous-icon.png',0.00,6,'2018-02-08 14:13:19','0000-00-00 00:00:00',NULL,'\0','',0,'0000-00-00 00:00:00',0.00),(28,'','Aqua nature','mario','','blbgo','','','','',0,'assets/img/anonymous-icon.png',0.00,5,'2018-02-09 10:47:59','0000-00-00 00:00:00',NULL,'\0','',0,'0000-00-00 00:00:00',0.00),(29,'','BATZAM','Unknown','','Unknown','','','','',0,'assets/img/anonymous-icon.png',0.00,5,'2018-02-09 10:53:13','0000-00-00 00:00:00',NULL,'\0','',0,'0000-00-00 00:00:00',0.00),(30,'','Allegro','Unknown','','Balibago','','','','',0,'assets/img/anonymous-icon.png',0.00,5,'2018-02-09 12:46:33','0000-00-00 00:00:00',NULL,'\0','',0,'0000-00-00 00:00:00',0.00),(31,'','Ecologic','Unknown','','Unknown','','','','',0,'assets/img/anonymous-icon.png',0.00,5,'2018-02-11 15:38:11','0000-00-00 00:00:00',NULL,'\0','',0,'0000-00-00 00:00:00',0.00),(32,'','Acqua water','Mario','','Angeles cuty','','','','',1,'assets/img/anonymous-icon.png',0.00,6,'2018-02-22 11:53:12','0000-00-00 00:00:00',NULL,'\0','',0,'0000-00-00 00:00:00',0.00),(33,'','australia','mark broom','','au','','','','',0,'assets/img/anonymous-icon.png',0.00,6,'2018-02-22 12:25:52','0000-00-00 00:00:00',NULL,'\0','',0,'0000-00-00 00:00:00',0.00),(34,'','Global Pacific','jay','','manila','','','','',2,'assets/img/anonymous-icon.png',0.00,6,'2018-02-27 15:16:43','0000-00-00 00:00:00',NULL,'\0','',0,'0000-00-00 00:00:00',0.00),(35,'','World Wide Tas Food Inc.','ajay','','manila','','','','',2,'assets/img/anonymous-icon.png',0.00,6,'2018-02-27 15:49:03','0000-00-00 00:00:00',NULL,'\0','',0,'0000-00-00 00:00:00',0.00),(36,'','Als Gas','Als','','Angeles city','','','','',2,'assets/img/anonymous-icon.png',0.00,6,'2018-02-28 09:06:10','0000-00-00 00:00:00',NULL,'\0','',0,'0000-00-00 00:00:00',0.00),(37,'','bruno meat','bruno','','angeles city','','','','',1,'assets/img/anonymous-icon.png',0.00,6,'2018-02-28 10:21:02','0000-00-00 00:00:00',NULL,'\0','',0,'0000-00-00 00:00:00',0.00),(38,'','norwegian','nor','','ac','','','','',1,'assets/img/anonymous-icon.png',0.00,6,'2018-02-28 10:26:09','0000-00-00 00:00:00',NULL,'\0','',0,'0000-00-00 00:00:00',0.00),(39,'','arjay gulay','arjay','','pampang aneles city','','','','',1,'assets/img/anonymous-icon.png',0.00,6,'2018-02-28 12:37:50','0000-00-00 00:00:00',NULL,'\0','',0,'0000-00-00 00:00:00',0.00),(40,'','All about baking','na','','ac','','','','',2,'assets/img/anonymous-icon.png',0.00,6,'2018-02-28 15:08:15','0000-00-00 00:00:00',NULL,'\0','',0,'0000-00-00 00:00:00',0.00),(41,'','Mpj saro sari store','loy','','angles city','','','','',1,'assets/img/anonymous-icon.png',0.00,6,'2018-03-01 08:49:05','0000-00-00 00:00:00',NULL,'\0','',0,'0000-00-00 00:00:00',0.00),(42,'','Envy Payroll','Envy Payroll','','Envy Payroll','',NULL,'','',1,'assets/img/anonymous-icon.png',0.00,9,'2018-07-11 10:01:38','0000-00-00 00:00:00',NULL,'\0','',0,'0000-00-00 00:00:00',0.00),(43,'','Judith Jaime','Judith Jaime','','Judith Jaime','',NULL,'','',1,'assets/img/anonymous-icon.png',0.00,9,'2018-07-11 10:11:53','0000-00-00 00:00:00',NULL,'\0','',0,'0000-00-00 00:00:00',0.00),(44,'','Various Suppliers','Various Suppliers','','Various Suppliers','','','','',1,'assets/img/anonymous-icon.png',0.00,9,'2018-07-11 10:24:51','0000-00-00 00:00:00',NULL,'\0','',0,'0000-00-00 00:00:00',0.00),(45,'','Mark Broom','Mark Broom','','Mark Broom','','','','',1,'assets/img/anonymous-icon.png',0.00,9,'2018-07-11 10:31:39','0000-00-00 00:00:00',NULL,'\0','',0,'0000-00-00 00:00:00',0.00),(46,'','S&R','S&R','','S&R','',NULL,'','',1,'assets/img/anonymous-icon.png',0.00,9,'2018-07-11 10:40:34','0000-00-00 00:00:00',NULL,'\0','',0,'0000-00-00 00:00:00',0.00),(47,'','deleted','deleted','','deleted','deleted','deleted','deleted','',1,'assets/img/anonymous-icon.png',0.00,1,'2018-11-15 11:34:38','0000-00-00 00:00:00',NULL,'','',1,'2018-11-15 11:34:45',0.00);
/*!40000 ALTER TABLE `suppliers` ENABLE KEYS */;
UNLOCK TABLES;

--
-- Table structure for table `tax_types`
--

DROP TABLE IF EXISTS `tax_types`;
/*!40101 SET @saved_cs_client     = @@character_set_client */;
/*!40101 SET character_set_client = utf8 */;
CREATE TABLE `tax_types` (
  `tax_type_id` int(11) NOT NULL AUTO_INCREMENT,
  `tax_type` varchar(155) DEFAULT '',
  `tax_rate` decimal(11,2) DEFAULT '0.00',
  `description` varchar(555) DEFAULT '',
  `is_default` bit(1) DEFAULT b'0',
  `is_deleted` bit(1) DEFAULT b'0',
  PRIMARY KEY (`tax_type_id`) USING BTREE
) ENGINE=InnoDB AUTO_INCREMENT=3 DEFAULT CHARSET=latin1;
/*!40101 SET character_set_client = @saved_cs_client */;

--
-- Dumping data for table `tax_types`
--

LOCK TABLES `tax_types` WRITE;
/*!40000 ALTER TABLE `tax_types` DISABLE KEYS */;
INSERT INTO `tax_types` VALUES (1,'Non-vat',0.00,'','\0','\0'),(2,'Vatted',12.00,'','','\0');
/*!40000 ALTER TABLE `tax_types` ENABLE KEYS */;
UNLOCK TABLES;

--
-- Table structure for table `trans`
--

DROP TABLE IF EXISTS `trans`;
/*!40101 SET @saved_cs_client     = @@character_set_client */;
/*!40101 SET character_set_client = utf8 */;
CREATE TABLE `trans` (
  `trans_id` bigint(20) NOT NULL AUTO_INCREMENT,
  `user_id` bigint(20) DEFAULT '0',
  `trans_key_id` bigint(20) DEFAULT NULL,
  `trans_type_id` bigint(20) DEFAULT NULL,
  `trans_log` varchar(745) DEFAULT NULL,
  `trans_date` datetime DEFAULT NULL,
  PRIMARY KEY (`trans_id`)
) ENGINE=InnoDB AUTO_INCREMENT=498 DEFAULT CHARSET=latin1;
/*!40101 SET character_set_client = @saved_cs_client */;

--
-- Dumping data for table `trans`
--

LOCK TABLES `trans` WRITE;
/*!40000 ALTER TABLE `trans` DISABLE KEYS */;
INSERT INTO `trans` VALUES (1,6,6,43,'User Log in: khied  khied','2018-02-08 07:56:36'),(2,5,6,43,'User Log in: Gino  Gino','2018-02-09 10:22:06'),(3,5,6,43,'User Log in: Gino  Gino','2018-02-09 17:52:29'),(4,5,6,43,'User Log in: Gino  Gino','2018-02-10 10:03:18'),(5,0,10,43,'Login Attempt using username: gino','2018-02-10 15:30:02'),(6,5,6,43,'User Log in: Gino  Gino','2018-02-10 15:30:06'),(7,5,6,43,'User Log in: Gino  Gino','2018-02-11 08:32:05'),(8,5,6,43,'User Log in: Gino  Gino','2018-02-11 15:37:19'),(9,5,6,43,'User Log in: Gino  Gino','2018-02-12 13:45:21'),(10,5,6,43,'User Log in: Gino  Gino','2018-02-12 13:45:21'),(11,6,6,43,'User Log in: khied  khied','2018-02-12 16:19:00'),(12,6,6,43,'User Log in: khied  khied','2018-02-13 12:11:52'),(13,6,6,43,'User Log in: khied  khied','2018-02-19 09:14:28'),(14,6,6,43,'User Log in: khied  khied','2018-02-19 15:49:40'),(15,6,6,43,'User Log in: khied  khied','2018-02-20 10:28:53'),(22,6,6,43,'User Log in: khied  khied','2018-02-20 17:10:01'),(23,6,7,43,'User Log Out :khied  khied','2018-02-20 18:19:56'),(24,0,10,43,'Login Attempt using username: khied','2018-02-21 10:55:41'),(25,6,6,43,'User Log in: khied  khied','2018-02-21 10:55:48'),(26,6,6,43,'User Log in: khied  khied','2018-02-21 17:43:57'),(27,6,7,43,'User Log Out :khied  khied','2018-02-21 17:44:25'),(28,6,6,43,'User Log in: khied  khied','2018-02-22 08:27:26'),(29,0,10,43,'Login Attempt using username: Khied','2018-02-22 10:59:42'),(30,6,6,43,'User Log in: khied  khied','2018-02-22 10:59:54'),(32,4,6,43,'User Log in: Cherie  Jance','2018-02-23 11:49:26'),(33,5,6,43,'User Log in: Gino  Gino','2018-02-24 09:13:54'),(34,5,6,43,'User Log in: Gino  Gino','2018-02-24 13:08:31'),(35,4,6,43,'User Log in: Cherie  Jance','2018-02-25 11:45:40'),(36,5,6,43,'User Log in: Gino  Gino','2018-02-25 15:14:29'),(37,5,6,43,'User Log in: Gino  Gino','2018-02-25 17:40:51'),(38,4,6,43,'User Log in: Cherie  Jance','2018-02-26 09:51:00'),(39,6,6,43,'User Log in: khied  khied','2018-02-26 15:14:18'),(40,6,7,43,'User Log Out :khied  khied','2018-02-26 17:53:24'),(41,6,6,43,'User Log in: khied  khied','2018-02-27 09:19:58'),(42,6,6,43,'User Log in: khied  khied','2018-02-27 15:15:43'),(43,6,7,43,'User Log Out :khied  khied','2018-02-27 17:36:12'),(44,6,6,43,'User Log in: khied  khied','2018-02-28 09:04:36'),(45,6,7,43,'User Log Out :khied  khied','2018-02-28 10:42:59'),(46,6,6,43,'User Log in: khied  khied','2018-02-28 10:53:09'),(47,6,7,43,'User Log Out :khied  khied','2018-02-28 11:33:50'),(48,6,6,43,'User Log in: khied  khied','2018-02-28 12:36:21'),(49,6,7,43,'User Log Out :khied  khied','2018-02-28 12:53:14'),(50,6,6,43,'User Log in: khied  khied','2018-02-28 14:19:59'),(51,6,7,43,'User Log Out :khied  khied','2018-02-28 18:09:50'),(52,6,6,43,'User Log in: khied  khied','2018-03-01 08:44:12'),(53,6,1,11,'Created Purchase Order No: PO-20180301-1','2018-03-01 08:47:03'),(54,6,2,11,'Updated Purchase Order No: PO-20180301-1','2018-03-01 08:47:51'),(55,6,1,11,'Created Purchase Order No: PO-20180301-2','2018-03-01 08:51:02'),(56,3,6,43,'User Log in: Judith  Jaime','2018-03-01 08:53:37'),(57,3,1,12,'Created Purchase Invoice No: P-INV-20180301-1','2018-03-01 10:32:45'),(58,3,8,12,'Finalized Purchase Invoice No.P-INV-20180301-1 For Purchase Journal Entry TXN-20180301-1','2018-03-01 10:33:32'),(59,3,1,3,'Created Purchase Journal Entry TXN-20180301-1','2018-03-01 10:33:32'),(60,6,7,43,'User Log Out :khied  khied','2018-03-01 11:03:02'),(61,6,6,43,'User Log in: khied  khied','2018-03-01 11:03:13'),(62,6,2,11,'Updated Purchase Order No: PO-20180301-1','2018-03-01 11:06:41'),(63,6,7,43,'User Log Out :khied  khied','2018-03-01 11:23:55'),(64,6,6,43,'User Log in: khied  khied','2018-03-01 11:30:55'),(65,6,6,43,'User Log in: khied  khied','2018-03-01 13:45:03'),(66,6,2,11,'Updated Purchase Order No: PO-20180301-2','2018-03-01 13:47:08'),(67,1,6,43,'User Log in: Rafael   Manalo','2018-03-01 14:07:26'),(68,1,1,12,'Created Purchase Invoice No: P-INV-20180301-2','2018-03-01 14:08:11'),(69,1,3,12,'Deleted Purchase Invoice No: P-INV-20180301-2','2018-03-01 14:08:32'),(70,1,2,11,'Updated Purchase Order No: PO-20180301-2','2018-03-01 14:13:26'),(71,6,7,43,'User Log Out :khied  khied','2018-03-01 15:46:15'),(72,6,6,43,'User Log in: khied  khied','2018-03-02 08:04:37'),(73,6,2,11,'Updated Purchase Order No: PO-20180301-1','2018-03-02 08:07:55'),(74,5,6,43,'User Log in: Gino  Gino','2018-03-02 10:49:02'),(75,1,6,43,'User Log in: Rafael   Manalo','2018-03-02 12:12:09'),(76,5,6,43,'User Log in: Gino  Gino','2018-03-03 09:13:28'),(77,5,6,43,'User Log in: Gino  Gino','2018-03-03 16:11:22'),(78,6,6,43,'User Log in: khied  khied','2018-03-05 08:19:56'),(79,6,3,11,'Deleted Purchase Order No: PO-20180301-2','2018-03-05 08:20:50'),(80,6,3,11,'Deleted Purchase Order No: PO-20180301-1','2018-03-05 08:20:54'),(81,6,7,43,'User Log Out :khied  khied','2018-03-05 08:57:36'),(82,6,6,43,'User Log in: khied  khied','2018-03-05 09:26:17'),(83,6,1,11,'Created Purchase Order No: PO-20180305-3','2018-03-05 09:36:42'),(84,6,2,11,'Updated Purchase Order No: PO-20180305-3','2018-03-05 09:41:58'),(85,6,2,11,'Updated Purchase Order No: PO-20180305-3','2018-03-05 09:44:19'),(86,6,1,11,'Created Purchase Order No: PO-20180305-4','2018-03-05 09:45:11'),(87,6,1,11,'Created Purchase Order No: PO-20180305-5','2018-03-05 09:46:33'),(88,6,1,11,'Created Purchase Order No: PO-20180305-6','2018-03-05 09:47:19'),(89,6,1,11,'Created Purchase Order No: PO-20180305-7','2018-03-05 09:55:35'),(90,6,2,11,'Updated Purchase Order No: PO-20180305-7','2018-03-05 09:56:47'),(91,1,6,43,'User Log in: Rafael   Manalo','2018-03-05 11:41:09'),(92,1,6,43,'User Log in: Rafael   Manalo','2018-03-05 11:44:03'),(93,1,7,43,'User Log Out :Rafael   Manalo','2018-03-05 11:44:21'),(94,4,6,43,'User Log in: Cherie  Jance','2018-03-05 17:37:19'),(95,6,6,43,'User Log in: khied  khied','2018-03-06 11:35:02'),(96,6,1,11,'Created Purchase Order No: PO-20180306-8','2018-03-06 11:36:56'),(97,6,2,11,'Updated Purchase Order No: PO-20180305-4','2018-03-06 11:37:31'),(98,6,1,11,'Created Purchase Order No: PO-20180306-9','2018-03-06 11:47:30'),(99,6,2,11,'Updated Purchase Order No: PO-20180306-9','2018-03-06 11:48:46'),(100,6,1,11,'Created Purchase Order No: PO-20180306-10','2018-03-06 11:50:38'),(101,6,2,11,'Updated Purchase Order No: PO-20180306-10','2018-03-06 11:50:52'),(102,6,1,11,'Created Purchase Order No: PO-20180306-11','2018-03-06 11:51:49'),(103,6,2,11,'Updated Purchase Order No: PO-20180306-11','2018-03-06 11:52:26'),(104,1,6,43,'User Log in: Rafael   Manalo','2018-03-14 10:40:33'),(105,1,7,43,'User Log Out :Rafael   Manalo','2018-03-14 10:41:10'),(106,0,10,43,'Login Attempt using username: admin','2018-03-14 10:41:15'),(107,1,6,43,'User Log in: Rafael   Manalo','2018-03-14 10:41:19'),(108,1,7,43,'User Log Out :Rafael   Manalo','2018-03-14 10:42:16'),(109,3,6,43,'User Log in: Judith  Jaime','2018-03-14 10:47:57'),(110,1,6,43,'User Log in: Rafael   Manalo','2018-03-14 10:56:18'),(111,1,7,43,'User Log Out :Rafael   Manalo','2018-03-14 10:57:56'),(112,3,1,1,'Created General Journal TXN-20180314-1','2018-03-14 11:07:11'),(113,6,6,43,'User Log in: khied  khied','2018-03-14 11:09:02'),(114,3,1,6,'Created Cash Receipt Journal Entry TXN-20180314-2','2018-03-14 11:10:15'),(115,3,1,6,'Created Cash Receipt Journal Entry TXN-20180314-3','2018-03-14 11:14:07'),(116,1,6,43,'User Log in: Rafael   Manalo','2018-03-19 14:23:13'),(117,0,10,43,'Login Attempt using username: admin','2018-04-04 11:12:49'),(118,1,6,43,'User Log in: Rafael   Manalo','2018-04-04 11:12:55'),(119,1,7,43,'User Log Out :Rafael   Manalo','2018-04-04 11:14:47'),(120,0,10,43,'Login Attempt using username: admin','2018-04-04 14:46:01'),(121,0,10,43,'Login Attempt using username: admin','2018-04-04 14:46:04'),(122,1,6,43,'User Log in: Rafael   Manalo','2018-04-04 15:33:17'),(123,1,7,43,'User Log Out :Rafael   Manalo','2018-04-04 15:33:28'),(124,3,6,43,'User Log in: Judith  Jaime','2018-04-04 16:36:44'),(125,0,10,43,'Login Attempt using username: cherie','2018-04-05 07:58:32'),(126,4,6,43,'User Log in: Cherie  Jance','2018-04-05 07:58:35'),(127,1,6,43,'User Log in: Rafael   Manalo','2018-04-05 11:02:06'),(128,3,6,43,'User Log in: Judith  Jaime','2018-04-05 11:12:56'),(129,6,6,43,'User Log in: khied  khied','2018-04-08 11:50:31'),(130,6,7,43,'User Log Out :khied  khied','2018-04-08 11:50:55'),(131,6,6,43,'User Log in: khied  khied','2018-04-08 12:44:05'),(132,6,6,43,'User Log in: khied  khied','2018-04-09 16:54:02'),(133,1,6,43,'User Log in: Rafael   Manalo','2018-04-16 10:46:07'),(134,1,6,43,'User Log in: Rafael   Manalo','2018-04-16 10:53:01'),(135,1,7,43,'User Log Out :Rafael   Manalo','2018-04-16 10:57:18'),(136,1,6,43,'User Log in: Rafael   Manalo','2018-04-16 10:57:27'),(137,1,7,43,'User Log Out :Rafael   Manalo','2018-04-16 11:31:54'),(138,1,6,43,'User Log in: Rafael   Manalo','2018-04-16 11:31:58'),(139,1,7,43,'User Log Out :Rafael   Manalo','2018-04-16 11:35:31'),(140,6,6,43,'User Log in: khied  khied','2018-04-16 11:35:36'),(141,6,7,43,'User Log Out :khied  khied','2018-04-16 11:37:09'),(142,1,6,43,'User Log in: Rafael   Manalo','2018-04-16 11:37:16'),(143,1,7,43,'User Log Out :Rafael   Manalo','2018-04-16 11:38:18'),(144,6,6,43,'User Log in: khied  khied','2018-04-16 11:38:22'),(145,6,7,43,'User Log Out :khied  khied','2018-04-16 11:38:54'),(146,6,6,43,'User Log in: khied  khied','2018-04-18 09:31:16'),(147,6,6,43,'User Log in: khied  khied','2018-04-26 17:07:18'),(148,6,7,43,'User Log Out :khied  khied','2018-04-26 17:11:23'),(149,6,6,43,'User Log in: khied  khied','2018-04-26 17:40:59'),(150,6,6,43,'User Log in: khied  khied','2018-04-30 08:29:20'),(151,6,6,43,'User Log in: khied  khied','2018-04-30 14:58:21'),(152,0,10,43,'Login Attempt using username: Khied','2018-05-01 12:28:47'),(153,6,6,43,'User Log in: khied  khied','2018-05-01 12:28:57'),(154,6,7,43,'User Log Out :khied  khied','2018-05-01 14:24:10'),(155,1,7,43,'User Log Out :Rafael   Manalo','2018-05-02 16:56:04'),(156,0,10,43,'Login Attempt using username: admin','2018-05-02 16:56:09'),(157,1,6,43,'User Log in: Rafael   Manalo','2018-05-02 16:56:12'),(158,1,1,11,'Created Purchase Order No: PO-20180502-1','2018-05-02 17:04:51'),(159,1,1,12,'Created Purchase Invoice No: P-INV-20180502-1','2018-05-02 17:05:28'),(160,1,1,16,'Created Sales Order No: SO-20180502-1','2018-05-02 17:20:25'),(161,1,1,17,'Created Sales Invoice No: SAL-INV-20180502-1','2018-05-02 17:20:42'),(162,1,3,17,'Deleted Sales Invoice No: SAL-INV-20180502-1','2018-05-02 17:21:08'),(163,1,1,17,'Created Sales Invoice No: SAL-INV-20180502-2','2018-05-02 17:21:19'),(164,1,3,17,'Deleted Sales Invoice No: SAL-INV-20180502-2','2018-05-02 17:21:28'),(165,1,1,65,'Created Cash Invoice No: CI-INV-20180502-8','2018-05-02 17:22:35'),(166,1,1,65,'Created Cash Invoice No: CI-INV-20180502-9','2018-05-02 17:22:46'),(167,1,3,65,'Deleted Cash Invoice No: CI-INV-20180502-9','2018-05-02 17:23:21'),(168,1,3,65,'Deleted Cash Invoice No: CI-INV-20180502-8','2018-05-02 17:23:25'),(169,1,3,65,'Deleted Cash Invoice No: CI-INV-20180501-7','2018-05-02 17:23:27'),(170,1,3,65,'Deleted Cash Invoice No: CI-INV-20180501-6','2018-05-02 17:23:29'),(171,1,3,65,'Deleted Cash Invoice No: CI-INV-20180501-5','2018-05-02 17:23:31'),(172,1,3,65,'Deleted Cash Invoice No: CI-INV-20180501-1','2018-05-02 17:23:36'),(173,1,3,65,'Deleted Cash Invoice No: CI-INV-20180501-4','2018-05-02 17:23:38'),(174,1,6,43,'User Log in: Rafael   Manalo','2018-05-03 08:56:49'),(175,1,1,12,'Created Purchase Invoice No: P-INV-20180503-2','2018-05-03 09:29:49'),(176,1,2,12,'Updated Purchase Invoice No: P-INV-20180503-2','2018-05-03 09:30:02'),(177,1,1,16,'Created Sales Order No: SO-20180503-2','2018-05-03 09:30:47'),(178,1,1,65,'Created Cash Invoice No: CI-INV-20180503-10','2018-05-03 09:31:05'),(179,1,1,17,'Created Sales Invoice No: SAL-INV-20180503-3','2018-05-03 09:31:18'),(180,1,7,43,'User Log Out :Rafael   Manalo','2018-05-03 09:33:20'),(181,1,6,43,'User Log in: Rafael   Manalo','2018-05-03 09:33:34'),(182,1,2,57,'Updated System General Configuration','2018-05-03 09:37:50'),(183,1,2,57,'Updated System General Configuration','2018-05-03 10:30:17'),(184,1,2,57,'Updated System General Configuration','2018-05-03 10:30:46'),(185,0,10,43,'Login Attempt using username: admin','2018-05-08 10:59:44'),(186,1,6,43,'User Log in: Rafael   Manalo','2018-05-08 10:59:47'),(187,1,6,43,'User Log in: Rafael   Manalo','2018-05-08 15:00:04'),(188,0,10,43,'Login Attempt using username: admin','2018-06-07 08:43:09'),(189,1,6,43,'User Log in: Rafael   Manalo','2018-06-07 08:43:15'),(190,1,1,11,'Created Purchase Order No: PO-20180607-2','2018-06-07 08:51:35'),(191,1,2,11,'Updated Purchase Order No: PO-20180607-2','2018-06-07 09:15:45'),(192,1,1,11,'Created Purchase Order No: PO-20180607-3','2018-06-07 09:22:45'),(193,1,2,11,'Updated Purchase Order No: PO-20180607-3','2018-06-07 09:25:57'),(194,1,1,12,'Created Purchase Invoice No: P-INV-20180607-3','2018-06-07 09:34:13'),(195,1,2,12,'Updated Purchase Invoice No: P-INV-20180607-3','2018-06-07 09:37:49'),(196,1,2,12,'Updated Purchase Invoice No: P-INV-20180607-3','2018-06-07 10:03:23'),(197,1,2,12,'Updated Purchase Invoice No: P-INV-20180607-3','2018-06-07 10:10:08'),(198,1,1,14,'Created Issuance No: SLP-20180607-1','2018-06-07 10:35:30'),(199,1,1,15,'Created Adjustment No: ADJ-20180607-1','2018-06-07 10:49:28'),(200,1,6,43,'User Log in: Rafael   Manalo','2018-06-15 15:55:01'),(201,1,2,50,'Updated Product : 335ml ID(322)','2018-06-15 15:55:38'),(202,0,10,43,'Login Attempt using username: admin','2018-06-25 14:52:07'),(203,1,6,43,'User Log in: Rafael   Manalo','2018-06-25 14:52:12'),(204,1,2,50,'Updated Product :  New Zealand Mussels \r\n ID(6)','2018-06-25 14:52:51'),(205,1,1,11,'Created Purchase Order No: PO-20180625-4','2018-06-25 14:55:17'),(206,1,2,50,'Updated Product :  New Zealand Mussels \r\n ID(6)','2018-06-25 14:58:39'),(207,1,1,16,'Created Sales Order No: SO-20180625-3','2018-06-25 15:16:15'),(208,1,1,16,'Created Sales Order No: SO-20180625-4','2018-06-25 15:17:04'),(209,1,1,17,'Created Sales Invoice No: SAL-INV-20180625-4','2018-06-25 15:19:25'),(210,1,2,17,'Updated Sales Invoice No: SAL-INV-20180625-4','2018-06-25 15:22:44'),(211,1,6,43,'User Log in: Rafael   Manalo','2018-07-09 10:19:42'),(212,0,10,43,'Login Attempt using username: admin','2018-07-09 15:23:03'),(213,1,6,43,'User Log in: Rafael   Manalo','2018-07-11 09:08:15'),(214,1,2,60,'Modified Company Information','2018-07-11 09:08:45'),(215,1,2,60,'Modified Company Information','2018-07-11 09:12:13'),(216,1,2,60,'Modified Company Information','2018-07-11 09:16:51'),(217,1,7,43,'User Log Out :Rafael   Manalo','2018-07-11 09:16:54'),(218,0,10,43,'Login Attempt using username: admin','2018-07-11 09:18:10'),(219,1,6,43,'User Log in: Rafael   Manalo','2018-07-11 09:18:13'),(220,1,1,43,'Created User: raf','2018-07-11 09:18:40'),(221,1,2,43,'Updated User : judith ID(3)','2018-07-11 09:18:49'),(222,1,7,43,'User Log Out :Rafael   Manalo','2018-07-11 09:18:59'),(223,3,6,43,'User Log in: Judith  Jaime','2018-07-11 09:19:02'),(224,9,6,43,'User Log in: Rafael   Manalo','2018-07-11 09:19:02'),(225,3,7,43,'User Log Out :Judith  Jaime','2018-07-11 09:21:05'),(226,3,6,43,'User Log in: Judith  Jaime','2018-07-11 09:21:17'),(227,9,1,12,'Created Purchase Invoice No: P-INV-20180711-4','2018-07-11 09:23:46'),(228,9,1,12,'Created Purchase Invoice No: P-INV-20180711-5','2018-07-11 09:25:44'),(229,9,1,12,'Created Purchase Invoice No: P-INV-20180711-6','2018-07-11 09:26:19'),(230,3,1,12,'Created Purchase Invoice No: P-INV-20180711-7','2018-07-11 09:27:49'),(231,9,8,12,'Finalized Purchase Invoice No.P-INV-20180711-5 For Purchase Journal Entry TXN-20180711-2','2018-07-11 09:30:18'),(232,9,1,3,'Created Purchase Journal Entry TXN-20180711-2','2018-07-11 09:30:18'),(233,9,8,12,'Finalized Purchase Invoice No.P-INV-20180711-7 For Purchase Journal Entry TXN-20180711-3','2018-07-11 09:34:22'),(234,9,1,3,'Created Purchase Journal Entry TXN-20180711-3','2018-07-11 09:34:22'),(235,9,8,12,'Finalized Purchase Invoice No.P-INV-20180711-6 For Purchase Journal Entry TXN-20180711-4','2018-07-11 09:34:37'),(236,9,1,3,'Created Purchase Journal Entry TXN-20180711-4','2018-07-11 09:34:37'),(237,9,2,51,'Updated a Supplier : Dyndos Store A ID(12)','2018-07-11 09:40:30'),(238,3,8,12,'Finalized Purchase Invoice No.P-INV-20180711-4 For Purchase Journal Entry TXN-20180711-5','2018-07-11 09:40:52'),(239,3,1,3,'Created Purchase Journal Entry TXN-20180711-5','2018-07-11 09:40:52'),(240,3,8,12,'Finalized Purchase Invoice No.P-INV-20180607-3 For Purchase Journal Entry TXN-20180711-6','2018-07-11 09:41:13'),(241,3,1,3,'Created Purchase Journal Entry TXN-20180711-6','2018-07-11 09:41:13'),(242,9,1,12,'Created Purchase Invoice No: P-INV-20180711-8','2018-07-11 09:41:23'),(243,3,8,12,'Finalized Purchase Invoice No.P-INV-20180711-8 For Purchase Journal Entry TXN-20180711-7','2018-07-11 09:41:40'),(244,3,1,3,'Created Purchase Journal Entry TXN-20180711-7','2018-07-11 09:41:40'),(245,9,1,13,'Posted Payment No: RECEIPTno1 to Record Payment','2018-07-11 09:48:47'),(246,9,8,13,'Finalized Payment No.RECEIPTno1 (1)For Cash Disbursement','2018-07-11 09:49:21'),(247,9,1,2,'Created Cash Disbursement Entry TXN-20180711-8','2018-07-11 09:49:21'),(248,3,1,13,'Posted Payment No: 01 to Record Payment','2018-07-11 09:54:13'),(249,3,8,13,'Finalized Payment No.01 (2)For Cash Disbursement','2018-07-11 09:54:37'),(250,3,1,2,'Created Cash Disbursement Entry TXN-20180711-9','2018-07-11 09:54:37'),(251,9,8,13,'Finalized Payment No.01 (2)For Cash Disbursement','2018-07-11 09:54:40'),(252,9,1,2,'Created Cash Disbursement Entry TXN-20180711-10','2018-07-11 09:54:40'),(253,9,4,2,'Cancelled Cash Disbursement Entry : TXN-20180711-10','2018-07-11 09:57:43'),(254,9,9,2,'Uncancelled Cash Disbursement Entry : TXN-20180711-10','2018-07-11 09:57:54'),(255,9,4,2,'Cancelled Cash Disbursement Entry : TXN-20180711-10','2018-07-11 09:57:59'),(256,3,9,2,'Uncancelled Cash Disbursement Entry : TXN-20180711-10','2018-07-11 09:58:41'),(257,9,4,2,'Cancelled Cash Disbursement Entry : TXN-20180711-10','2018-07-11 09:59:37'),(258,9,1,51,'Created a Supplier: Envy Payroll','2018-07-11 10:01:38'),(259,9,1,2,'Created Cash Disbursement Entry TXN-20180711-11','2018-07-11 10:07:51'),(260,9,1,51,'Created a Supplier: Judith Jaime','2018-07-11 10:11:53'),(261,9,1,49,'Created Bank: Security Bank','2018-07-11 10:13:39'),(262,9,1,2,'Created Cash Disbursement Entry TXN-20180711-12','2018-07-11 10:14:30'),(263,3,1,13,'Posted Payment No: 2 to Record Payment','2018-07-11 10:21:10'),(264,9,1,51,'Created a Supplier: Various Suppliers','2018-07-11 10:24:51'),(265,9,1,1,'Created General Journal TXN-20180711-13','2018-07-11 10:25:48'),(266,9,1,51,'Created a Supplier: Mark Broom','2018-07-11 10:31:39'),(267,9,1,1,'Created General Journal TXN-20180711-14','2018-07-11 10:33:42'),(268,9,1,56,'Created a new Account : Wastages','2018-07-11 10:35:40'),(269,9,1,56,'Created a new Account : Advances To Officer','2018-07-11 10:37:17'),(270,9,1,56,'Created a new Account : Advances From Officer','2018-07-11 10:39:13'),(271,9,1,51,'Created a Supplier: S&R','2018-07-11 10:40:34'),(272,9,1,2,'Created Cash Disbursement Entry TXN-20180711-15','2018-07-11 10:43:09'),(273,9,1,56,'Created a new Account : Credit Card Interest Charge 3%','2018-07-11 10:49:37'),(274,9,1,6,'Created Cash Receipt Journal Entry TXN-20180711-16','2018-07-11 10:54:04'),(275,9,1,1,'Created General Journal TXN-20180711-17','2018-07-11 11:00:44'),(276,3,1,12,'Created Purchase Invoice No: P-INV-20180711-9','2018-07-11 11:14:27'),(277,3,2,50,'Updated Product : 100g ID(438)','2018-07-11 11:17:09'),(278,3,8,12,'Finalized Purchase Invoice No.P-INV-20180711-9 For Purchase Journal Entry TXN-20180711-18','2018-07-11 11:17:27'),(279,3,1,3,'Created Purchase Journal Entry TXN-20180711-18','2018-07-11 11:17:27'),(280,3,1,13,'Posted Payment No: 11 to Record Payment','2018-07-11 11:18:09'),(281,3,8,13,'Finalized Payment No.11 (4)For Cash Disbursement','2018-07-11 11:18:36'),(282,3,1,2,'Created Cash Disbursement Entry TXN-20180711-19','2018-07-11 11:18:36'),(283,9,1,48,'Created Location: Envy Main Office','2018-07-11 11:20:48'),(284,9,1,45,'Created Category: Furniture and Fixture','2018-07-11 11:21:08'),(285,0,10,43,'Login Attempt using username: admin','2018-07-16 11:05:29'),(286,0,10,43,'Login Attempt using username: adjdevjsoft','2018-07-16 11:05:34'),(287,0,10,43,'Login Attempt using username: admin','2018-07-18 09:29:52'),(288,1,6,43,'User Log in: Rafael   Manalo','2018-07-18 09:29:56'),(289,1,1,50,'Created a new Product: No subject for finalizing','2018-07-18 09:30:55'),(290,1,1,12,'Created Purchase Invoice No: P-INV-20180718-10','2018-07-18 09:31:14'),(291,1,8,12,'Finalized Purchase Invoice No.P-INV-20180718-10 For Purchase Journal Entry TXN-20180718-22','2018-07-18 09:31:33'),(292,1,1,3,'Created Purchase Journal Entry TXN-20180718-22','2018-07-18 09:31:33'),(293,1,1,17,'Created Sales Invoice No: SAL-INV-20180718-5','2018-07-18 09:36:29'),(294,1,1,17,'Created Sales Invoice No: SAL-INV-20180718-6','2018-07-18 09:36:29'),(295,1,8,17,'Finalized Sales Invoice No.SAL-INV-20180718-6 For Sales Journal Entry TXN-20180718-23','2018-07-18 09:36:41'),(296,1,1,4,'Created Sales Journal Entry TXN-20180718-23','2018-07-18 09:36:41'),(297,0,10,43,'Login Attempt using username: jdev','2018-07-26 15:49:59'),(298,1,6,43,'User Log in: Rafael   Manalo','2018-07-26 15:50:07'),(299,0,10,43,'Login Attempt using username: jdev','2018-08-01 14:07:24'),(300,1,6,43,'User Log in: Rafael   Manalo','2018-08-01 14:07:31'),(301,1,2,11,'Updated Purchase Order No: PO-20180625-4','2018-08-01 14:11:08'),(302,1,2,11,'Updated Purchase Order No: PO-20180607-3','2018-08-01 14:13:02'),(303,0,10,43,'Login Attempt using username: admin','2018-08-02 08:50:33'),(304,0,10,43,'Login Attempt using username: admin','2018-08-02 08:50:37'),(305,1,6,43,'User Log in: Rafael   Manalo','2018-08-02 08:50:41'),(306,1,7,43,'User Log Out :Rafael   Manalo','2018-08-02 09:10:38'),(307,0,10,43,'Login Attempt using username: jdev','2018-08-02 09:10:45'),(308,0,10,43,'Login Attempt using username: admin','2018-08-02 09:10:49'),(309,1,6,43,'User Log in: Rafael   Manalo','2018-08-02 09:10:54'),(310,1,1,11,'Created Purchase Order No: PO-20180802-5','2018-08-02 09:15:55'),(311,1,2,11,'Updated Purchase Order No: PO-20180802-5','2018-08-02 09:16:19'),(312,1,1,12,'Created Purchase Invoice No: P-INV-20180802-11','2018-08-02 09:17:00'),(313,1,6,43,'User Log in: Rafael   Manalo','2018-08-02 15:55:05'),(314,0,10,43,'Login Attempt using username: jdev','2018-08-17 08:43:27'),(315,0,10,43,'Login Attempt using username: jdev','2018-08-17 08:43:32'),(316,0,10,43,'Login Attempt using username: jdev','2018-08-17 08:43:33'),(317,0,10,43,'Login Attempt using username: jdev','2018-08-17 08:43:37'),(318,0,10,43,'Login Attempt using username: admin','2018-08-17 08:43:40'),(319,1,6,43,'User Log in: Rafael   Manalo','2018-08-17 08:43:43'),(320,0,10,43,'Login Attempt using username: jdev','2018-08-22 08:39:27'),(321,1,6,43,'User Log in: Rafael   Manalo','2018-08-22 08:39:31'),(322,1,1,11,'Created Purchase Order No: PO-20180822-6','2018-08-22 08:40:26'),(323,1,2,50,'Updated Product :  Pusit Lumot \r\n ID(17)','2018-08-22 09:05:19'),(324,1,6,43,'User Log in: Rafael   Manalo','2018-08-22 12:46:02'),(325,1,6,43,'User Log in: Rafael   Manalo','2018-08-23 09:43:24'),(326,1,6,43,'User Log in: Rafael   Manalo','2018-08-23 14:13:33'),(327,1,2,57,'Updated System General Configuration','2018-08-23 14:14:16'),(328,1,1,65,'Created Cash Invoice No: CI-INV-20180823-11','2018-08-23 14:14:30'),(329,1,1,65,'Created Cash Invoice No: CI-INV-20180823-12','2018-08-23 14:16:06'),(330,1,2,57,'Updated System General Configuration','2018-08-23 14:16:35'),(331,1,2,12,'Updated Purchase Invoice No: P-INV-20180802-11','2018-08-23 14:24:36'),(332,1,8,12,'Finalized Purchase Invoice No.P-INV-20180802-11 For Purchase Journal Entry TXN-20180823-24','2018-08-23 14:24:55'),(333,1,1,3,'Created Purchase Journal Entry TXN-20180823-24','2018-08-23 14:24:55'),(334,1,6,43,'User Log in: Rafael   Manalo','2018-08-24 09:03:13'),(335,1,1,16,'Created Sales Order No: SO-20180824-5','2018-08-24 09:04:13'),(336,1,1,17,'Created Sales Invoice No: SAL-INV-20180824-7','2018-08-24 09:04:32'),(337,1,1,65,'Created Cash Invoice No: CI-INV-20180824-13','2018-08-24 09:05:31'),(338,1,1,65,'Created Cash Invoice No: CI-INV-20180824-14','2018-08-24 09:06:34'),(339,1,2,65,'Updated Cash Invoice No: CI-INV-20180824-14','2018-08-24 09:06:38'),(340,1,1,65,'Created Cash Invoice No: CI-INV-20180824-15','2018-08-24 09:06:49'),(341,1,6,43,'User Log in: Rafael   Manalo','2018-08-30 09:44:14'),(342,1,1,13,'Posted Payment No: awrw to Record Payment','2018-08-30 10:00:36'),(343,1,2,50,'Updated Product : Cherry Tomato ID(230)','2018-08-30 10:04:13'),(344,1,2,50,'Updated Product : 275 grams ID(407)','2018-08-30 10:06:01'),(345,1,2,50,'Updated Product : 700ml ID(373)','2018-08-30 10:06:25'),(346,1,2,50,'Updated Product : Wine Chiller ID(336)','2018-08-30 10:06:33'),(347,1,2,50,'Updated Product : House Wine ID(323)','2018-08-30 10:06:40'),(348,1,1,12,'Created Purchase Invoice No: P-INV-20180830-12','2018-08-30 10:52:38'),(349,1,1,12,'Created Purchase Invoice No: P-INV-20180830-13','2018-08-30 10:57:59'),(350,1,2,12,'Updated Purchase Invoice No: P-INV-20180830-13','2018-08-30 10:58:05'),(351,1,1,12,'Created Purchase Invoice No: P-INV-20180830-14','2018-08-30 10:58:47'),(352,1,2,12,'Updated Purchase Invoice No: P-INV-20180830-14','2018-08-30 10:59:00'),(353,1,2,12,'Updated Purchase Invoice No: P-INV-20180830-14','2018-08-30 10:59:06'),(354,1,2,50,'Updated Product : 284ml ID(88)','2018-08-30 11:00:37'),(355,1,2,50,'Updated Product : 340ml ID(359)','2018-08-30 11:00:40'),(356,1,8,12,'Finalized Purchase Invoice No.P-INV-20180830-14 For Purchase Journal Entry TXN-20180830-25','2018-08-30 11:04:52'),(357,1,1,3,'Created Purchase Journal Entry TXN-20180830-25','2018-08-30 11:04:52'),(358,1,8,12,'Finalized Purchase Invoice No.P-INV-20180830-13 For Purchase Journal Entry TXN-20180830-26','2018-08-30 11:06:45'),(359,1,1,3,'Created Purchase Journal Entry TXN-20180830-26','2018-08-30 11:06:45'),(360,1,8,12,'Finalized Purchase Invoice No.P-INV-20180830-12 For Purchase Journal Entry TXN-20180830-27','2018-08-30 11:06:49'),(361,1,1,3,'Created Purchase Journal Entry TXN-20180830-27','2018-08-30 11:06:49'),(362,1,8,12,'Finalized Purchase Invoice No.P-INV-20180503-2 For Purchase Journal Entry TXN-20180830-28','2018-08-30 11:06:53'),(363,1,1,3,'Created Purchase Journal Entry TXN-20180830-28','2018-08-30 11:06:53'),(364,1,2,100,'Updated Document Type: Acknowledgement Recept ID(2)','2018-08-30 11:26:27'),(365,1,2,100,'Updated Document Type: Acknowledgement Receipt ID(2)','2018-08-30 11:26:35'),(366,1,1,100,'Created  Document Type: One','2018-08-30 11:26:43'),(367,1,3,100,'Deleted Document Type: One','2018-08-30 11:26:59'),(368,1,1,100,'Created  Document Type: Haha','2018-08-30 11:36:03'),(369,1,1,12,'Created Purchase Invoice No: P-INV-20180830-15','2018-08-30 11:36:11'),(370,1,1,100,'Created  Document Type: Heheh','2018-08-30 11:38:02'),(371,1,7,43,'User Log Out :Rafael   Manalo','2018-08-30 11:43:03'),(372,1,6,43,'User Log in: Rafael   Manalo','2018-08-30 11:43:08'),(373,1,7,43,'User Log Out :Rafael   Manalo','2018-08-30 11:44:25'),(374,0,10,43,'Login Attempt using username: admin','2018-08-30 11:48:01'),(375,1,6,43,'User Log in: Rafael   Manalo','2018-08-30 11:48:06'),(376,1,2,12,'Updated Purchase Invoice No: P-INV-20180830-15','2018-08-30 11:51:03'),(377,1,1,2,'Created Cash Disbursement Entry TXN-20180830-29','2018-08-30 13:31:54'),(378,1,7,43,'User Log Out :Rafael   Manalo','2018-08-30 14:03:18'),(379,1,6,43,'User Log in: Rafael   Manalo','2018-08-30 15:21:54'),(380,0,10,43,'Login Attempt using username: admin','2018-09-26 13:52:25'),(381,1,6,43,'User Log in: Rafael   Manalo','2018-09-26 13:52:29'),(382,1,1,12,'Created Purchase Invoice No: P-INV-20180926-16','2018-09-26 13:53:01'),(383,1,1,15,'Created Adjustment No: ADJ-20180926-2','2018-09-26 15:13:32'),(384,0,10,43,'Login Attempt using username: ADMIN','2018-10-05 10:10:14'),(385,1,6,43,'User Log in: Rafael   Manalo','2018-10-05 10:10:18'),(386,1,1,2,'Created Cash Disbursement Entry TXN-20181005-30','2018-10-05 11:21:20'),(387,1,1,15,'Created Adjustment No: ADJ-20181005-3','2018-10-05 11:24:03'),(388,1,8,15,'Finalized Adjustment No. ADJ-20181005-3 For General Journal Entry TXN-20181005-31','2018-10-05 11:25:24'),(389,1,1,1,'Created General Journal TXN-20181005-31','2018-10-05 11:25:24'),(390,1,1,1,'Created General Journal TXN-20181005-32','2018-10-05 11:28:36'),(391,1,1,2,'Created Cash Disbursement Entry TXN-20181005-33','2018-10-05 11:33:56'),(392,1,1,2,'Created Cash Disbursement Entry TXN-20181005-34','2018-10-05 12:11:59'),(393,1,1,2,'Created Cash Disbursement Entry TXN-20181005-35','2018-10-05 12:13:11'),(394,1,1,2,'Created Cash Disbursement Entry TXN-20181005-36','2018-10-05 12:15:39'),(395,1,6,43,'User Log in: Rafael   Manalo','2018-10-08 08:30:40'),(396,1,1,50,'Created a new Product: 12','2018-10-08 08:41:29'),(397,1,1,15,'Created Adjustment No: ADJ-20181008-4','2018-10-08 08:41:43'),(398,1,1,15,'Created Adjustment No: ADJ-20181008-5','2018-10-08 08:48:24'),(399,0,10,43,'Login Attempt using username: admin','2018-10-11 10:39:07'),(400,0,10,43,'Login Attempt using username: admin','2018-10-11 10:39:11'),(401,1,6,43,'User Log in: Rafael   Manalo','2018-10-11 10:39:14'),(402,1,6,43,'User Log in: Rafael   Manalo','2018-10-16 10:13:20'),(403,1,6,43,'User Log in: Rafael   Manalo','2018-10-23 17:29:05'),(404,1,1,11,'Created Purchase Order No: PO-20181023-7','2018-10-23 17:48:05'),(405,1,6,43,'User Log in: Rafael   Manalo','2018-10-24 08:36:53'),(406,1,1,11,'Created Purchase Order No: PO-20181024-8','2018-10-24 09:39:39'),(407,1,2,11,'Updated Purchase Order No: PO-20181024-8','2018-10-24 09:40:17'),(408,1,2,11,'Updated Purchase Order No: PO-20181024-8','2018-10-24 09:41:49'),(409,1,2,11,'Updated Purchase Order No: PO-20181024-8','2018-10-24 09:48:03'),(410,1,2,11,'Updated Purchase Order No: PO-20181024-8','2018-10-24 09:48:44'),(411,1,1,12,'Created Purchase Invoice No: P-INV-20181024-17','2018-10-24 10:26:36'),(412,1,6,43,'User Log in: Rafael   Manalo','2018-10-25 08:57:28'),(413,1,2,12,'Updated Purchase Invoice No: P-INV-20181024-17','2018-10-25 09:20:27'),(414,1,2,11,'Updated Purchase Order No: PO-20181023-7','2018-10-25 09:31:42'),(415,1,1,12,'Created Purchase Invoice No: P-INV-20181025-18','2018-10-25 09:32:13'),(416,1,2,12,'Updated Purchase Invoice No: P-INV-20181025-18','2018-10-25 09:55:44'),(417,1,2,12,'Updated Purchase Invoice No: P-INV-20181025-18','2018-10-25 09:56:03'),(418,1,3,12,'Deleted Purchase Invoice No: P-INV-20181025-18','2018-10-25 09:56:08'),(419,1,1,12,'Created Purchase Invoice No: P-INV-20181025-19','2018-10-25 09:56:19'),(420,1,2,12,'Updated Purchase Invoice No: P-INV-20181025-19','2018-10-25 09:56:25'),(421,1,2,11,'Updated Purchase Order No: PO-20181023-7','2018-10-25 10:22:09'),(422,1,2,11,'Updated Purchase Order No: PO-20181023-7','2018-10-25 10:28:12'),(423,1,2,11,'Updated Purchase Order No: PO-20181023-7','2018-10-25 10:29:16'),(424,0,10,43,'Login Attempt using username: admin','2018-10-30 09:50:13'),(425,1,6,43,'User Log in: Rafael   Manalo','2018-10-30 09:50:17'),(426,1,1,6,'Created Cash Receipt Journal Entry TXN-20181030-37','2018-10-30 10:10:04'),(427,1,1,52,'Created a new customer: qw','2018-10-30 10:18:36'),(428,1,1,6,'Created Cash Receipt Journal Entry TXN-20181030-38','2018-10-30 10:18:54'),(429,1,1,6,'Created Cash Receipt Journal Entry TXN-20181030-39','2018-10-30 10:19:42'),(430,1,1,6,'Created Cash Receipt Journal Entry TXN-20181030-40','2018-10-30 10:21:19'),(431,1,1,6,'Created Cash Receipt Journal Entry TXN-20181030-41','2018-10-30 10:25:28'),(432,1,1,6,'Created Cash Receipt Journal Entry TXN-20181030-42','2018-10-30 10:25:47'),(433,1,6,43,'User Log in: Rafael   Manalo','2018-10-30 17:00:21'),(434,1,6,43,'User Log in: Rafael   Manalo','2018-11-05 14:58:41'),(435,1,4,1,'Cancelled General Journal Entry : TXN-20181005-32','2018-11-05 15:03:25'),(436,1,9,1,'Uncancelled General Journal Entry : TXN-20181005-32','2018-11-05 15:05:49'),(437,1,4,1,'Cancelled General Journal Entry : TXN-20181005-32','2018-11-05 15:07:00'),(438,1,4,1,'Cancelled General Journal Entry : TXN-20181005-31','2018-11-05 15:07:45'),(439,1,4,1,'Cancelled General Journal Entry : TXN-20180711-21','2018-11-05 15:09:13'),(440,1,4,1,'Cancelled General Journal Entry : TXN-20180711-20','2018-11-05 15:10:14'),(441,1,4,1,'Cancelled General Journal Entry : TXN-20180711-17','2018-11-05 15:11:53'),(442,1,4,1,'Cancelled General Journal Entry : TXN-20180711-14 with reason : You are ugly','2018-11-05 15:13:05'),(443,0,10,43,'Login Attempt using username: admin','2018-11-06 08:44:23'),(444,1,6,43,'User Log in: Rafael   Manalo','2018-11-06 08:44:26'),(445,1,4,1,'Cancelled General Journal Entry : TXN-20180711-13 with reason : Gusto ko lang','2018-11-06 08:44:50'),(446,1,1,1,'Created General Journal TXN-20181106-43','2018-11-06 08:53:02'),(447,1,4,1,'Cancelled General Journal Entry : TXN-20181106-43 with reason : No medicine is strong enough','2018-11-06 08:53:23'),(448,1,4,2,'Cancelled Cash Disbursement Entry : TXN-20181005-36','2018-11-06 08:58:25'),(449,1,4,2,'Cancelled Cash Disbursement Entry : TXN-20181005-35 with reason: ','2018-11-06 09:00:17'),(450,1,4,2,'Cancelled Cash Disbursement Entry : TXN-20181005-34 with reason: Miss a single thing you do','2018-11-06 09:02:07'),(451,1,4,2,'Cancelled Cash Disbursement Entry : TXN-20181005-33 with reason: \nBatman and his fist','2018-11-06 09:06:15'),(452,1,4,3,'Cancelled Purchase Journal Entry : TXN-20180830-28 with reason : Lightning and the thunder','2018-11-06 09:16:44'),(453,1,4,3,'Cancelled Purchase Journal Entry : TXN-20180830-27 with reason : hahahaha','2018-11-06 09:18:31'),(454,1,4,4,'Cancelled Sales Journal Entry :  TXN-20180718-23 with reason : I\'m the one yeah','2018-11-06 09:25:25'),(455,1,1,4,'Created Sales Journal Entry TXN-20181106-44','2018-11-06 09:26:34'),(456,1,4,4,'Cancelled Sales Journal Entry :  TXN-20181106-44 with reason : qwe','2018-11-06 09:26:54'),(457,1,4,6,'Cancelled Cash Receipt Journal Entry: TXN-20181030-42 with reason : hhahahaha','2018-11-06 09:35:52'),(458,1,4,6,'Cancelled Cash Receipt Journal Entry: TXN-20181030-41 with reason : it went just like this','2018-11-06 09:38:44'),(459,0,10,43,'Login Attempt using username: jdev','2018-11-15 11:33:56'),(460,1,6,43,'User Log in: Rafael   Manalo','2018-11-15 11:33:59'),(461,1,1,51,'Created a Supplier: deleted','2018-11-15 11:34:38'),(462,1,3,51,'Deleted Supplier: deleted','2018-11-15 11:34:45'),(463,1,1,52,'Created a new customer: deleted','2018-11-15 11:34:57'),(464,1,3,52,'Deleted : deleted','2018-11-15 11:35:01'),(465,1,6,43,'User Log in: Rafael   Manalo','2018-11-21 10:46:30'),(466,1,1,2,'Created Cash Disbursement Entry TXN-20181121-45','2018-11-21 11:06:33'),(467,1,2,17,'Updated Sales Invoice No: SAL-INV-20180718-5','2018-11-21 12:23:43'),(468,1,2,17,'Updated Sales Invoice No: SAL-INV-20180718-5','2018-11-21 12:24:34'),(469,1,8,17,'Finalized Sales Invoice No.SAL-INV-20180718-5 For Sales Journal Entry TXN-20181121-46','2018-11-21 13:58:18'),(470,1,1,4,'Created Sales Journal Entry TXN-20181121-46','2018-11-21 13:58:18'),(471,1,1,18,'Posted Payment No: 123 to Collection Entry','2018-11-21 13:58:57'),(472,1,6,43,'User Log in: Rafael   Manalo','2018-12-05 11:58:16'),(473,1,6,43,'User Log in: Rafael   Manalo','2018-12-10 09:20:12'),(474,1,8,12,'Finalized Purchase Invoice No.P-INV-20180926-16 For Purchase Journal Entry TXN-20181210-47','2018-12-10 10:39:23'),(475,1,1,3,'Created Purchase Journal Entry TXN-20181210-47','2018-12-10 10:39:23'),(476,1,8,18,'Finalized Payment No.123 (1) For Cash Receipt Journal TXN-20181210-48','2018-12-10 10:40:43'),(477,1,1,6,'Created Cash Receipt Journal Entry TXN-20181210-48','2018-12-10 10:40:43'),(478,1,1,2,'Created Cash Disbursement Entry TXN-20181210-49','2018-12-10 10:52:23'),(479,1,1,2,'Created Cash Disbursement Entry TXN-20181210-50','2018-12-10 10:59:04'),(480,1,8,13,'Finalized Payment No.RECEIPTno1 (1)For Cash Disbursement','2018-12-10 11:13:57'),(481,1,1,2,'Created Cash Disbursement Entry TXN-20181210-51','2018-12-10 11:13:57'),(482,1,8,13,'Finalized Payment No.01 (2)For Cash Disbursement','2018-12-10 11:15:22'),(483,1,1,2,'Created Cash Disbursement Entry TXN-20181210-52','2018-12-10 11:15:22'),(484,0,10,43,'Login Attempt using username: admin','2018-12-10 15:33:54'),(485,1,6,43,'User Log in: Rafael   Manalo','2018-12-10 15:33:58'),(486,1,1,1,'Created General Journal TXN-20181210-53','2018-12-10 15:34:22'),(487,1,4,1,'Cancelled General Journal Entry : TXN-20181210-53 with reason : Duplicate entry For Transaction TXN-20181210-53','2018-12-10 15:36:48'),(488,1,6,43,'User Log in: Rafael   Manalo','2018-12-10 17:51:11'),(489,1,6,43,'User Log in: Rafael   Manalo','2018-12-11 08:53:06'),(490,1,8,13,'Finalized Payment No.2 (3)For Cash Disbursement','2018-12-11 08:59:09'),(491,1,1,2,'Created Cash Disbursement Entry TXN-20181211-54','2018-12-11 08:59:09'),(492,1,6,43,'User Log in: Rafael   Manalo','2019-09-05 12:23:33'),(493,1,6,43,'User Log in: Rafael   Manalo','2019-09-06 10:15:28'),(494,1,1,5,'Posted Petty Cash Journal Entry PCV-20190906-55','2019-09-06 10:17:34'),(495,1,2,5,'Updated Petty Cash Journal Entry PCV-20190906-55','2019-09-06 10:17:42'),(496,0,10,43,'Login Attempt using username: admin','2020-07-29 15:08:47'),(497,1,6,43,'User Log in: Rafael   Manalo','2020-07-29 15:08:51');
/*!40000 ALTER TABLE `trans` ENABLE KEYS */;
UNLOCK TABLES;

--
-- Table structure for table `trans_key`
--

DROP TABLE IF EXISTS `trans_key`;
/*!40101 SET @saved_cs_client     = @@character_set_client */;
/*!40101 SET character_set_client = utf8 */;
CREATE TABLE `trans_key` (
  `trans_key_id` bigint(20) NOT NULL,
  `trans_key_desc` varchar(245) DEFAULT NULL,
  PRIMARY KEY (`trans_key_id`)
) ENGINE=InnoDB DEFAULT CHARSET=latin1;
/*!40101 SET character_set_client = @saved_cs_client */;

--
-- Dumping data for table `trans_key`
--

LOCK TABLES `trans_key` WRITE;
/*!40000 ALTER TABLE `trans_key` DISABLE KEYS */;
INSERT INTO `trans_key` VALUES (1,'Create'),(2,'Update'),(3,'Delete'),(4,'Cancel'),(6,'Log In'),(7,'Log Out'),(8,'Finalize'),(9,'Uncancel'),(10,'Login Attempts');
/*!40000 ALTER TABLE `trans_key` ENABLE KEYS */;
UNLOCK TABLES;

--
-- Table structure for table `trans_type`
--

DROP TABLE IF EXISTS `trans_type`;
/*!40101 SET @saved_cs_client     = @@character_set_client */;
/*!40101 SET character_set_client = utf8 */;
CREATE TABLE `trans_type` (
  `trans_type_id` bigint(20) NOT NULL,
  `trans_type_desc` varchar(245) DEFAULT NULL,
  PRIMARY KEY (`trans_type_id`)
) ENGINE=InnoDB DEFAULT CHARSET=latin1;
/*!40101 SET character_set_client = @saved_cs_client */;

--
-- Dumping data for table `trans_type`
--

LOCK TABLES `trans_type` WRITE;
/*!40000 ALTER TABLE `trans_type` DISABLE KEYS */;
INSERT INTO `trans_type` VALUES (1,'General Journal'),(2,'Cash Disbursement'),(3,'Purchase Journal'),(4,'Sales Journal'),(5,'Petty Cash Journal'),(6,'Cash Receipt Journal'),(7,'Service Invoice'),(8,'Service Journal'),(9,'Service Unit'),(10,'Services'),(11,'Purchase Order'),(12,'Purchase Invoice'),(13,'Record Payment'),(14,'Item Issuance'),(15,'Item Adjustment'),(16,'Sales Order'),(17,'Sales Invoice'),(18,'Collection Entry'),(43,'User Accounts');
/*!40000 ALTER TABLE `trans_type` ENABLE KEYS */;
UNLOCK TABLES;

--
-- Table structure for table `units`
--

DROP TABLE IF EXISTS `units`;
/*!40101 SET @saved_cs_client     = @@character_set_client */;
/*!40101 SET character_set_client = utf8 */;
CREATE TABLE `units` (
  `unit_id` bigint(20) NOT NULL AUTO_INCREMENT,
  `unit_code` bigint(20) DEFAULT NULL,
  `unit_name` varchar(255) DEFAULT NULL,
  `unit_desc` varchar(255) DEFAULT NULL,
  `date_created` datetime DEFAULT NULL,
  `date_modified` timestamp NULL DEFAULT '0000-00-00 00:00:00',
  `is_deleted` bit(1) DEFAULT b'0',
  `is_active` bit(1) DEFAULT b'1',
  `sort_key` int(11) DEFAULT '0',
  PRIMARY KEY (`unit_id`) USING BTREE
) ENGINE=InnoDB AUTO_INCREMENT=17 DEFAULT CHARSET=latin1;
/*!40101 SET character_set_client = @saved_cs_client */;

--
-- Dumping data for table `units`
--

LOCK TABLES `units` WRITE;
/*!40000 ALTER TABLE `units` DISABLE KEYS */;
INSERT INTO `units` VALUES (1,NULL,'Pack','Pack',NULL,'0000-00-00 00:00:00','\0','',0),(2,NULL,'Pcs','Pieces',NULL,'0000-00-00 00:00:00','\0','',0),(3,NULL,'Btl','Bottle',NULL,'0000-00-00 00:00:00','\0','',0),(4,NULL,'Gallon','Gallon',NULL,'0000-00-00 00:00:00','\0','',0),(5,NULL,'Can','Can',NULL,'0000-00-00 00:00:00','\0','',0),(6,NULL,'Tin','Tin',NULL,'0000-00-00 00:00:00','\0','',0),(7,NULL,'Container','Container',NULL,'0000-00-00 00:00:00','\0','',0),(8,NULL,'Sack','Sack',NULL,'0000-00-00 00:00:00','\0','',0),(9,NULL,'Kilo','Kilograms',NULL,'0000-00-00 00:00:00','\0','',0),(10,NULL,'Gram','Gram',NULL,'0000-00-00 00:00:00','\0','',0),(11,NULL,'Blk','Bulk',NULL,'0000-00-00 00:00:00','\0','',0),(12,NULL,'Box','Box',NULL,'0000-00-00 00:00:00','\0','',0),(13,NULL,'Tali','Tali',NULL,'0000-00-00 00:00:00','\0','',0),(14,NULL,'N/A','',NULL,'0000-00-00 00:00:00','\0','',0),(15,NULL,'Case','Case',NULL,'0000-00-00 00:00:00','\0','',0),(16,NULL,'Tank','50kg/tank gas',NULL,'0000-00-00 00:00:00','\0','',0);
/*!40000 ALTER TABLE `units` ENABLE KEYS */;
UNLOCK TABLES;

--
-- Table structure for table `user_accounts`
--

DROP TABLE IF EXISTS `user_accounts`;
/*!40101 SET @saved_cs_client     = @@character_set_client */;
/*!40101 SET character_set_client = utf8 */;
CREATE TABLE `user_accounts` (
  `user_id` int(11) NOT NULL AUTO_INCREMENT,
  `user_name` varchar(100) DEFAULT '',
  `user_pword` varchar(500) DEFAULT '',
  `user_lname` varchar(100) DEFAULT '',
  `user_fname` varchar(100) DEFAULT '',
  `user_mname` varchar(100) DEFAULT '',
  `user_address` varchar(155) DEFAULT '',
  `user_email` varchar(100) DEFAULT '',
  `user_mobile` varchar(100) DEFAULT '',
  `user_telephone` varchar(100) DEFAULT '',
  `user_bdate` date DEFAULT '0000-00-00',
  `user_group_id` int(11) DEFAULT '0',
  `photo_path` varchar(555) DEFAULT '',
  `file_directory` varchar(666) DEFAULT NULL,
  `is_active` bit(1) DEFAULT b'1',
  `is_deleted` bit(1) DEFAULT b'0',
  `date_created` datetime DEFAULT NULL,
  `date_modified` timestamp NULL DEFAULT '0000-00-00 00:00:00' ON UPDATE CURRENT_TIMESTAMP,
  `date_deleted` int(11) DEFAULT '0',
  `modified_by_user` int(11) DEFAULT '0',
  `posted_by_user` int(11) DEFAULT '0',
  `deleted_by_user` int(11) DEFAULT '0',
  `is_online` tinyint(4) DEFAULT '0',
  `last_seen` datetime DEFAULT NULL,
  `token_id` text NOT NULL,
  PRIMARY KEY (`user_id`) USING BTREE
) ENGINE=InnoDB AUTO_INCREMENT=10 DEFAULT CHARSET=latin1;
/*!40101 SET character_set_client = @saved_cs_client */;

--
-- Dumping data for table `user_accounts`
--

LOCK TABLES `user_accounts` WRITE;
/*!40000 ALTER TABLE `user_accounts` DISABLE KEYS */;
INSERT INTO `user_accounts` VALUES (1,'admin','47b4fc9be4e05deb697b109001519b4b2f96455f','Manalo','Rafael ','','Angeles City, Pampanga','administrator@gmail.com','0945-315-8563','','1970-01-01',1,'assets/img/user/5a434887858fa.png',NULL,'','\0',NULL,'2020-07-29 07:08:58',0,1,0,0,1,'2020-07-29 15:08:58','0e7de02d4ad129812a23677a25cff2a1'),(2,'joashnoble','cb101192dff2cc1ddd0272f73de307c89bebc181','Noble','Joash Jezreel','Lucas','Angeles City','noblejjoash@gmail.com','','','1996-11-23',1,'assets/img/anonymous-icon.png',NULL,'','\0','2018-01-11 15:39:39','2018-01-11 09:22:36',0,0,1,0,1,'2018-01-11 17:22:36','6f26c5a365c31492abfc67062cefafc3'),(3,'judith','356a192b7913b04c54574d18c28d46e6395428ab','Jaime','Judith','','','','','','2018-01-17',1,'assets/img/anonymous-icon.png',NULL,'','\0','2018-01-16 19:26:40','2018-07-11 03:18:49',0,1,1,0,1,'2018-07-11 11:18:49','b5a2c43a6299721e0b0e604766506f7a'),(4,'cherie','6990c2700809fcb814ce887beefcd349b3837551','Jance','Cherie','','','','','','1970-01-01',1,'assets/img/anonymous-icon.png',NULL,'','\0','2018-01-16 19:26:59','2018-04-05 00:00:17',0,0,1,0,1,'2018-04-05 08:00:17','9ce1e998e68ee96a907c8a87d6eedde9'),(5,'gino','91dd9eeb26bc669762ae4d697705fca3809c3713','Gino','Gino','','','','','','2018-01-17',2,'assets/img/anonymous-icon.png',NULL,'','\0','2018-01-16 19:29:42','2018-03-03 08:11:28',0,0,1,0,1,'2018-03-03 16:11:28','b9aa8f3aa07ea71c35ce47004ca317ef'),(6,'khied','a81c0cb1cc93006fbfb6267afb807a6f823675a6','khied','khied','','','','','','2018-01-17',2,'assets/img/anonymous-icon.png',NULL,'','\0','2018-01-16 19:32:20','2018-05-01 06:24:10',0,0,1,0,0,'2018-05-01 12:29:26','c7f492b1a672c967489ee65ad3a799be'),(7,'menu','356a192b7913b04c54574d18c28d46e6395428ab','menu','menu','menu','','','','','2018-01-23',3,'assets/img/anonymous-icon.png',NULL,'','','2018-01-23 15:43:48','2018-04-16 03:32:47',2147483647,0,1,1,1,'2018-01-23 17:32:21','4cd8569e336ff2c0fa744e57a4e76a9a'),(8,'elxrxm','70b210b445dd7efa2a9a751f6fc56a84ca5535e9','Manalo','Rafael ','','','manaloraf03@gmail.com','09453158563','','2018-02-07',1,'assets/img/anonymous-icon.png',NULL,'','','2018-02-07 14:37:43','2018-04-16 03:33:09',2147483647,0,3,1,1,'2018-02-07 18:54:45','d080da64ddbc2b5d87dd3550be470cb2'),(9,'raf','3cc95b3704d4ac1c0d7712092f1b60c7f2e53a75','Manalo','Rafael ','','','','','','2018-07-11',1,'assets/img/anonymous-icon.png',NULL,'','\0','2018-07-11 09:18:40','2018-07-11 03:27:09',0,0,1,0,1,'2018-07-11 11:27:09','4c5a8a9b1615d57bb6dba1fc4c93c7f8');
/*!40000 ALTER TABLE `user_accounts` ENABLE KEYS */;
UNLOCK TABLES;

--
-- Table structure for table `user_group_rights`
--

DROP TABLE IF EXISTS `user_group_rights`;
/*!40101 SET @saved_cs_client     = @@character_set_client */;
/*!40101 SET character_set_client = utf8 */;
CREATE TABLE `user_group_rights` (
  `user_rights_id` bigint(20) NOT NULL AUTO_INCREMENT,
  `user_group_id` int(11) DEFAULT '0',
  `link_code` varchar(20) DEFAULT '',
  PRIMARY KEY (`user_rights_id`) USING BTREE
) ENGINE=InnoDB AUTO_INCREMENT=142 DEFAULT CHARSET=latin1;
/*!40101 SET character_set_client = @saved_cs_client */;

--
-- Dumping data for table `user_group_rights`
--

LOCK TABLES `user_group_rights` WRITE;
/*!40000 ALTER TABLE `user_group_rights` DISABLE KEYS */;
INSERT INTO `user_group_rights` VALUES (1,1,'1-1'),(2,1,'1-2'),(3,1,'1-3'),(4,1,'1-4'),(5,1,'1-5'),(6,1,'2-1'),(7,1,'2-2'),(8,1,'2-3'),(9,1,'15-2'),(10,1,'15-3'),(11,1,'3-1'),(12,1,'3-2'),(13,1,'3-3'),(14,1,'4-2'),(15,1,'4-3'),(16,1,'4-4'),(17,1,'5-1'),(18,1,'5-2'),(19,1,'5-3'),(20,1,'6-1'),(21,1,'6-2'),(22,1,'6-3'),(23,1,'6-4'),(24,1,'6-5'),(25,1,'6-6'),(26,1,'7-1'),(27,1,'9-1'),(28,1,'9-2'),(29,1,'4-1'),(30,1,'8-1'),(31,1,'15-4'),(32,1,'5-4'),(33,1,'2-6'),(34,1,'8-3'),(35,1,'9-3'),(36,1,'6-7'),(37,1,'9-4'),(38,1,'9-6'),(39,1,'9-8'),(40,1,'9-7'),(41,1,'9-5'),(42,1,'8-4'),(43,1,'4-5'),(44,1,'10-1'),(45,1,'9-9'),(46,1,'6-8'),(47,1,'9-10'),(48,1,'1-6'),(49,1,'9-13'),(50,1,'6-9'),(51,1,'9-14'),(52,1,'9-16'),(53,1,'4-6'),(54,1,'10-2'),(55,1,'11-1'),(57,1,'12-1'),(58,1,'12-2'),(59,1,'12-3'),(60,1,'12-4'),(61,1,'12-5'),(62,1,'9-11'),(63,1,'9-15'),(64,1,'9-12'),(65,1,'13-1'),(66,1,'13-2'),(67,1,'13-3'),(68,1,'13-4'),(69,1,'9-17'),(70,1,'9-18'),(71,1,'9-19'),(72,1,'6-10'),(73,1,'14-1'),(74,1,'9-20'),(75,1,'9-21'),(76,1,'6-11'),(83,1,'12-6'),(84,1,'12-7'),(85,1,'2-8'),(86,1,'2-7'),(87,1,'6-12'),(88,1,'9-22'),(89,1,'15-1'),(90,1,'3-4'),(91,1,'6-13'),(92,1,'9-23'),(93,1,'4-8'),(115,2,'2-1'),(116,2,'2-2'),(117,2,'2-4'),(118,2,'2-5'),(119,2,'3-1'),(120,2,'3-2'),(121,2,'4-2'),(122,2,'4-3'),(123,2,'4-4'),(124,2,'5-1'),(125,2,'5-2'),(126,2,'5-3'),(127,2,'6-1'),(128,2,'7-1'),(129,2,'8-1'),(130,2,'8-2'),(131,2,'5-4'),(132,2,'2-6'),(133,2,'8-4'),(134,2,'9-10'),(135,2,'9-12'),(136,2,'12-6'),(137,2,'12-7'),(138,2,'2-8'),(139,2,'2-7'),(140,2,'12-4'),(141,2,'12-5');
/*!40000 ALTER TABLE `user_group_rights` ENABLE KEYS */;
UNLOCK TABLES;

--
-- Table structure for table `user_groups`
--

DROP TABLE IF EXISTS `user_groups`;
/*!40101 SET @saved_cs_client     = @@character_set_client */;
/*!40101 SET character_set_client = utf8 */;
CREATE TABLE `user_groups` (
  `user_group_id` int(11) NOT NULL AUTO_INCREMENT,
  `user_group` varchar(135) DEFAULT '',
  `user_group_desc` varchar(500) DEFAULT '',
  `is_active` bit(1) DEFAULT b'1',
  `is_deleted` bit(1) DEFAULT b'0',
  `date_created` datetime DEFAULT '0000-00-00 00:00:00',
  `date_modified` timestamp NULL DEFAULT '0000-00-00 00:00:00' ON UPDATE CURRENT_TIMESTAMP,
  PRIMARY KEY (`user_group_id`) USING BTREE
) ENGINE=InnoDB AUTO_INCREMENT=3 DEFAULT CHARSET=latin1;
/*!40101 SET character_set_client = @saved_cs_client */;

--
-- Dumping data for table `user_groups`
--

LOCK TABLES `user_groups` WRITE;
/*!40000 ALTER TABLE `user_groups` DISABLE KEYS */;
INSERT INTO `user_groups` VALUES (1,'System Administrator','Can access all features.','','\0','0000-00-00 00:00:00','0000-00-00 00:00:00'),(2,'Purchasing','','','\0','0000-00-00 00:00:00','0000-00-00 00:00:00');
/*!40000 ALTER TABLE `user_groups` ENABLE KEYS */;
UNLOCK TABLES;

--
-- Dumping events for database '04042018_envybistro_accounting'
--

--
-- Dumping routines for database '04042018_envybistro_accounting'
--
/*!40103 SET TIME_ZONE=@OLD_TIME_ZONE */;

/*!40101 SET SQL_MODE=@OLD_SQL_MODE */;
/*!40014 SET FOREIGN_KEY_CHECKS=@OLD_FOREIGN_KEY_CHECKS */;
/*!40014 SET UNIQUE_CHECKS=@OLD_UNIQUE_CHECKS */;
/*!40101 SET CHARACTER_SET_CLIENT=@OLD_CHARACTER_SET_CLIENT */;
/*!40101 SET CHARACTER_SET_RESULTS=@OLD_CHARACTER_SET_RESULTS */;
/*!40101 SET COLLATION_CONNECTION=@OLD_COLLATION_CONNECTION */;
/*!40111 SET SQL_NOTES=@OLD_SQL_NOTES */;

-- Dump completed on 2020-09-24 13:18:11
